task_id,study,cell_id,job_type,scenario_code,n,p,main_k,separation,main_structure,main_distribution,main_weights,residual_total,minority_ratio,q,minority_shape,minority_sd,minority_proximity,noise_type,k_fit,alpha_fit,restr_fact,auto_macro,nstart,null_reps,nstart_values,null_reps_values,rep_start,rep_end,method_set,factor_changed
1,architecture,1,main,N0,500,2,2,6,spherical,normal,balanced,0.1,0.0,0,gaussian,0.2,isolated,uniform,2,0.1,20,False,500,49,,,1,10,core,full_factorial
2,architecture,1,main,N0,500,2,2,6,spherical,normal,balanced,0.1,0.0,0,gaussian,0.2,isolated,uniform,2,0.1,20,False,500,49,,,11,20,core,full_factorial
3,architecture,1,main,N0,500,2,2,6,spherical,normal,balanced,0.1,0.0,0,gaussian,0.2,isolated,uniform,2,0.1,20,False,500,49,,,21,30,core,full_factorial
4,architecture,1,main,N0,500,2,2,6,spherical,normal,balanced,0.1,0.0,0,gaussian,0.2,isolated,uniform,2,0.1,20,False,500,49,,,31,40,core,full_factorial
5,architecture,1,main,N0,500,2,2,6,spherical,normal,balanced,0.1,0.0,0,gaussian,0.2,isolated,uniform,2,0.1,20,False,500,49,,,41,50,core,full_factorial
6,architecture,1,main,N0,500,2,2,6,spherical,normal,balanced,0.1,0.0,0,gaussian,0.2,isolated,uniform,2,0.1,20,False,500,49,,,51,60,core,full_factorial
7,architecture,1,main,N0,500,2,2,6,spherical,normal,balanced,0.1,0.0,0,gaussian,0.2,isolated,uniform,2,0.1,20,False,500,49,,,61,70,core,full_factorial
8,architecture,1,main,N0,500,2,2,6,spherical,normal,balanced,0.1,0.0,0,gaussian,0.2,isolated,uniform,2,0.1,20,False,500,49,,,71,80,core,full_factorial
9,architecture,1,main,N0,500,2,2,6,spherical,normal,balanced,0.1,0.0,0,gaussian,0.2,isolated,uniform,2,0.1,20,False,500,49,,,81,90,core,full_factorial
10,architecture,1,main,N0,500,2,2,6,spherical,normal,balanced,0.1,0.0,0,gaussian,0.2,isolated,uniform,2,0.1,20,False,500,49,,,91,100,core,full_factorial
11,architecture,1,main,N0,500,2,2,6,spherical,normal,balanced,0.1,0.0,0,gaussian,0.2,isolated,uniform,2,0.1,20,False,500,49,,,101,110,core,full_factorial
12,architecture,1,main,N0,500,2,2,6,spherical,normal,balanced,0.1,0.0,0,gaussian,0.2,isolated,uniform,2,0.1,20,False,500,49,,,111,120,core,full_factorial
13,architecture,1,main,N0,500,2,2,6,spherical,normal,balanced,0.1,0.0,0,gaussian,0.2,isolated,uniform,2,0.1,20,False,500,49,,,121,130,core,full_factorial
14,architecture,1,main,N0,500,2,2,6,spherical,normal,balanced,0.1,0.0,0,gaussian,0.2,isolated,uniform,2,0.1,20,False,500,49,,,131,140,core,full_factorial
15,architecture,1,main,N0,500,2,2,6,spherical,normal,balanced,0.1,0.0,0,gaussian,0.2,isolated,uniform,2,0.1,20,False,500,49,,,141,150,core,full_factorial
16,architecture,1,main,N0,500,2,2,6,spherical,normal,balanced,0.1,0.0,0,gaussian,0.2,isolated,uniform,2,0.1,20,False,500,49,,,151,160,core,full_factorial
17,architecture,1,main,N0,500,2,2,6,spherical,normal,balanced,0.1,0.0,0,gaussian,0.2,isolated,uniform,2,0.1,20,False,500,49,,,161,170,core,full_factorial
18,architecture,1,main,N0,500,2,2,6,spherical,normal,balanced,0.1,0.0,0,gaussian,0.2,isolated,uniform,2,0.1,20,False,500,49,,,171,180,core,full_factorial
19,architecture,1,main,N0,500,2,2,6,spherical,normal,balanced,0.1,0.0,0,gaussian,0.2,isolated,uniform,2,0.1,20,False,500,49,,,181,190,core,full_factorial
20,architecture,1,main,N0,500,2,2,6,spherical,normal,balanced,0.1,0.0,0,gaussian,0.2,isolated,uniform,2,0.1,20,False,500,49,,,191,200,core,full_factorial
21,architecture,1,main,N0,500,2,2,6,spherical,normal,balanced,0.1,0.0,0,gaussian,0.2,isolated,uniform,2,0.1,20,False,500,49,,,201,210,core,full_factorial
22,architecture,1,main,N0,500,2,2,6,spherical,normal,balanced,0.1,0.0,0,gaussian,0.2,isolated,uniform,2,0.1,20,False,500,49,,,211,220,core,full_factorial
23,architecture,1,main,N0,500,2,2,6,spherical,normal,balanced,0.1,0.0,0,gaussian,0.2,isolated,uniform,2,0.1,20,False,500,49,,,221,230,core,full_factorial
24,architecture,1,main,N0,500,2,2,6,spherical,normal,balanced,0.1,0.0,0,gaussian,0.2,isolated,uniform,2,0.1,20,False,500,49,,,231,240,core,full_factorial
25,architecture,1,main,N0,500,2,2,6,spherical,normal,balanced,0.1,0.0,0,gaussian,0.2,isolated,uniform,2,0.1,20,False,500,49,,,241,250,core,full_factorial
26,architecture,1,main,N0,500,2,2,6,spherical,normal,balanced,0.1,0.0,0,gaussian,0.2,isolated,uniform,2,0.1,20,False,500,49,,,251,260,core,full_factorial
27,architecture,1,main,N0,500,2,2,6,spherical,normal,balanced,0.1,0.0,0,gaussian,0.2,isolated,uniform,2,0.1,20,False,500,49,,,261,270,core,full_factorial
28,architecture,1,main,N0,500,2,2,6,spherical,normal,balanced,0.1,0.0,0,gaussian,0.2,isolated,uniform,2,0.1,20,False,500,49,,,271,280,core,full_factorial
29,architecture,1,main,N0,500,2,2,6,spherical,normal,balanced,0.1,0.0,0,gaussian,0.2,isolated,uniform,2,0.1,20,False,500,49,,,281,290,core,full_factorial
30,architecture,1,main,N0,500,2,2,6,spherical,normal,balanced,0.1,0.0,0,gaussian,0.2,isolated,uniform,2,0.1,20,False,500,49,,,291,300,core,full_factorial
31,architecture,1,main,N0,500,2,2,6,spherical,normal,balanced,0.1,0.0,0,gaussian,0.2,isolated,uniform,2,0.1,20,False,500,49,,,301,310,core,full_factorial
32,architecture,1,main,N0,500,2,2,6,spherical,normal,balanced,0.1,0.0,0,gaussian,0.2,isolated,uniform,2,0.1,20,False,500,49,,,311,320,core,full_factorial
33,architecture,1,main,N0,500,2,2,6,spherical,normal,balanced,0.1,0.0,0,gaussian,0.2,isolated,uniform,2,0.1,20,False,500,49,,,321,330,core,full_factorial
34,architecture,1,main,N0,500,2,2,6,spherical,normal,balanced,0.1,0.0,0,gaussian,0.2,isolated,uniform,2,0.1,20,False,500,49,,,331,340,core,full_factorial
35,architecture,1,main,N0,500,2,2,6,spherical,normal,balanced,0.1,0.0,0,gaussian,0.2,isolated,uniform,2,0.1,20,False,500,49,,,341,350,core,full_factorial
36,architecture,1,main,N0,500,2,2,6,spherical,normal,balanced,0.1,0.0,0,gaussian,0.2,isolated,uniform,2,0.1,20,False,500,49,,,351,360,core,full_factorial
37,architecture,1,main,N0,500,2,2,6,spherical,normal,balanced,0.1,0.0,0,gaussian,0.2,isolated,uniform,2,0.1,20,False,500,49,,,361,370,core,full_factorial
38,architecture,1,main,N0,500,2,2,6,spherical,normal,balanced,0.1,0.0,0,gaussian,0.2,isolated,uniform,2,0.1,20,False,500,49,,,371,380,core,full_factorial
39,architecture,1,main,N0,500,2,2,6,spherical,normal,balanced,0.1,0.0,0,gaussian,0.2,isolated,uniform,2,0.1,20,False,500,49,,,381,390,core,full_factorial
40,architecture,1,main,N0,500,2,2,6,spherical,normal,balanced,0.1,0.0,0,gaussian,0.2,isolated,uniform,2,0.1,20,False,500,49,,,391,400,core,full_factorial
41,architecture,1,main,N0,500,2,2,6,spherical,normal,balanced,0.1,0.0,0,gaussian,0.2,isolated,uniform,2,0.1,20,False,500,49,,,401,410,core,full_factorial
42,architecture,1,main,N0,500,2,2,6,spherical,normal,balanced,0.1,0.0,0,gaussian,0.2,isolated,uniform,2,0.1,20,False,500,49,,,411,420,core,full_factorial
43,architecture,1,main,N0,500,2,2,6,spherical,normal,balanced,0.1,0.0,0,gaussian,0.2,isolated,uniform,2,0.1,20,False,500,49,,,421,430,core,full_factorial
44,architecture,1,main,N0,500,2,2,6,spherical,normal,balanced,0.1,0.0,0,gaussian,0.2,isolated,uniform,2,0.1,20,False,500,49,,,431,440,core,full_factorial
45,architecture,1,main,N0,500,2,2,6,spherical,normal,balanced,0.1,0.0,0,gaussian,0.2,isolated,uniform,2,0.1,20,False,500,49,,,441,450,core,full_factorial
46,architecture,1,main,N0,500,2,2,6,spherical,normal,balanced,0.1,0.0,0,gaussian,0.2,isolated,uniform,2,0.1,20,False,500,49,,,451,460,core,full_factorial
47,architecture,1,main,N0,500,2,2,6,spherical,normal,balanced,0.1,0.0,0,gaussian,0.2,isolated,uniform,2,0.1,20,False,500,49,,,461,470,core,full_factorial
48,architecture,1,main,N0,500,2,2,6,spherical,normal,balanced,0.1,0.0,0,gaussian,0.2,isolated,uniform,2,0.1,20,False,500,49,,,471,480,core,full_factorial
49,architecture,1,main,N0,500,2,2,6,spherical,normal,balanced,0.1,0.0,0,gaussian,0.2,isolated,uniform,2,0.1,20,False,500,49,,,481,490,core,full_factorial
50,architecture,1,main,N0,500,2,2,6,spherical,normal,balanced,0.1,0.0,0,gaussian,0.2,isolated,uniform,2,0.1,20,False,500,49,,,491,500,core,full_factorial
51,architecture,1,main,N0,500,2,2,6,spherical,normal,balanced,0.1,0.0,0,gaussian,0.2,isolated,uniform,2,0.1,20,False,500,49,,,501,510,core,full_factorial
52,architecture,1,main,N0,500,2,2,6,spherical,normal,balanced,0.1,0.0,0,gaussian,0.2,isolated,uniform,2,0.1,20,False,500,49,,,511,520,core,full_factorial
53,architecture,1,main,N0,500,2,2,6,spherical,normal,balanced,0.1,0.0,0,gaussian,0.2,isolated,uniform,2,0.1,20,False,500,49,,,521,530,core,full_factorial
54,architecture,1,main,N0,500,2,2,6,spherical,normal,balanced,0.1,0.0,0,gaussian,0.2,isolated,uniform,2,0.1,20,False,500,49,,,531,540,core,full_factorial
55,architecture,1,main,N0,500,2,2,6,spherical,normal,balanced,0.1,0.0,0,gaussian,0.2,isolated,uniform,2,0.1,20,False,500,49,,,541,550,core,full_factorial
56,architecture,1,main,N0,500,2,2,6,spherical,normal,balanced,0.1,0.0,0,gaussian,0.2,isolated,uniform,2,0.1,20,False,500,49,,,551,560,core,full_factorial
57,architecture,1,main,N0,500,2,2,6,spherical,normal,balanced,0.1,0.0,0,gaussian,0.2,isolated,uniform,2,0.1,20,False,500,49,,,561,570,core,full_factorial
58,architecture,1,main,N0,500,2,2,6,spherical,normal,balanced,0.1,0.0,0,gaussian,0.2,isolated,uniform,2,0.1,20,False,500,49,,,571,580,core,full_factorial
59,architecture,1,main,N0,500,2,2,6,spherical,normal,balanced,0.1,0.0,0,gaussian,0.2,isolated,uniform,2,0.1,20,False,500,49,,,581,590,core,full_factorial
60,architecture,1,main,N0,500,2,2,6,spherical,normal,balanced,0.1,0.0,0,gaussian,0.2,isolated,uniform,2,0.1,20,False,500,49,,,591,600,core,full_factorial
61,architecture,1,main,N0,500,2,2,6,spherical,normal,balanced,0.1,0.0,0,gaussian,0.2,isolated,uniform,2,0.1,20,False,500,49,,,601,610,core,full_factorial
62,architecture,1,main,N0,500,2,2,6,spherical,normal,balanced,0.1,0.0,0,gaussian,0.2,isolated,uniform,2,0.1,20,False,500,49,,,611,620,core,full_factorial
63,architecture,1,main,N0,500,2,2,6,spherical,normal,balanced,0.1,0.0,0,gaussian,0.2,isolated,uniform,2,0.1,20,False,500,49,,,621,630,core,full_factorial
64,architecture,1,main,N0,500,2,2,6,spherical,normal,balanced,0.1,0.0,0,gaussian,0.2,isolated,uniform,2,0.1,20,False,500,49,,,631,640,core,full_factorial
65,architecture,1,main,N0,500,2,2,6,spherical,normal,balanced,0.1,0.0,0,gaussian,0.2,isolated,uniform,2,0.1,20,False,500,49,,,641,650,core,full_factorial
66,architecture,1,main,N0,500,2,2,6,spherical,normal,balanced,0.1,0.0,0,gaussian,0.2,isolated,uniform,2,0.1,20,False,500,49,,,651,660,core,full_factorial
67,architecture,1,main,N0,500,2,2,6,spherical,normal,balanced,0.1,0.0,0,gaussian,0.2,isolated,uniform,2,0.1,20,False,500,49,,,661,670,core,full_factorial
68,architecture,1,main,N0,500,2,2,6,spherical,normal,balanced,0.1,0.0,0,gaussian,0.2,isolated,uniform,2,0.1,20,False,500,49,,,671,680,core,full_factorial
69,architecture,1,main,N0,500,2,2,6,spherical,normal,balanced,0.1,0.0,0,gaussian,0.2,isolated,uniform,2,0.1,20,False,500,49,,,681,690,core,full_factorial
70,architecture,1,main,N0,500,2,2,6,spherical,normal,balanced,0.1,0.0,0,gaussian,0.2,isolated,uniform,2,0.1,20,False,500,49,,,691,700,core,full_factorial
71,architecture,1,main,N0,500,2,2,6,spherical,normal,balanced,0.1,0.0,0,gaussian,0.2,isolated,uniform,2,0.1,20,False,500,49,,,701,710,core,full_factorial
72,architecture,1,main,N0,500,2,2,6,spherical,normal,balanced,0.1,0.0,0,gaussian,0.2,isolated,uniform,2,0.1,20,False,500,49,,,711,720,core,full_factorial
73,architecture,1,main,N0,500,2,2,6,spherical,normal,balanced,0.1,0.0,0,gaussian,0.2,isolated,uniform,2,0.1,20,False,500,49,,,721,730,core,full_factorial
74,architecture,1,main,N0,500,2,2,6,spherical,normal,balanced,0.1,0.0,0,gaussian,0.2,isolated,uniform,2,0.1,20,False,500,49,,,731,740,core,full_factorial
75,architecture,1,main,N0,500,2,2,6,spherical,normal,balanced,0.1,0.0,0,gaussian,0.2,isolated,uniform,2,0.1,20,False,500,49,,,741,750,core,full_factorial
76,architecture,1,main,N0,500,2,2,6,spherical,normal,balanced,0.1,0.0,0,gaussian,0.2,isolated,uniform,2,0.1,20,False,500,49,,,751,760,core,full_factorial
77,architecture,1,main,N0,500,2,2,6,spherical,normal,balanced,0.1,0.0,0,gaussian,0.2,isolated,uniform,2,0.1,20,False,500,49,,,761,770,core,full_factorial
78,architecture,1,main,N0,500,2,2,6,spherical,normal,balanced,0.1,0.0,0,gaussian,0.2,isolated,uniform,2,0.1,20,False,500,49,,,771,780,core,full_factorial
79,architecture,1,main,N0,500,2,2,6,spherical,normal,balanced,0.1,0.0,0,gaussian,0.2,isolated,uniform,2,0.1,20,False,500,49,,,781,790,core,full_factorial
80,architecture,1,main,N0,500,2,2,6,spherical,normal,balanced,0.1,0.0,0,gaussian,0.2,isolated,uniform,2,0.1,20,False,500,49,,,791,800,core,full_factorial
81,architecture,1,main,N0,500,2,2,6,spherical,normal,balanced,0.1,0.0,0,gaussian,0.2,isolated,uniform,2,0.1,20,False,500,49,,,801,810,core,full_factorial
82,architecture,1,main,N0,500,2,2,6,spherical,normal,balanced,0.1,0.0,0,gaussian,0.2,isolated,uniform,2,0.1,20,False,500,49,,,811,820,core,full_factorial
83,architecture,1,main,N0,500,2,2,6,spherical,normal,balanced,0.1,0.0,0,gaussian,0.2,isolated,uniform,2,0.1,20,False,500,49,,,821,830,core,full_factorial
84,architecture,1,main,N0,500,2,2,6,spherical,normal,balanced,0.1,0.0,0,gaussian,0.2,isolated,uniform,2,0.1,20,False,500,49,,,831,840,core,full_factorial
85,architecture,1,main,N0,500,2,2,6,spherical,normal,balanced,0.1,0.0,0,gaussian,0.2,isolated,uniform,2,0.1,20,False,500,49,,,841,850,core,full_factorial
86,architecture,1,main,N0,500,2,2,6,spherical,normal,balanced,0.1,0.0,0,gaussian,0.2,isolated,uniform,2,0.1,20,False,500,49,,,851,860,core,full_factorial
87,architecture,1,main,N0,500,2,2,6,spherical,normal,balanced,0.1,0.0,0,gaussian,0.2,isolated,uniform,2,0.1,20,False,500,49,,,861,870,core,full_factorial
88,architecture,1,main,N0,500,2,2,6,spherical,normal,balanced,0.1,0.0,0,gaussian,0.2,isolated,uniform,2,0.1,20,False,500,49,,,871,880,core,full_factorial
89,architecture,1,main,N0,500,2,2,6,spherical,normal,balanced,0.1,0.0,0,gaussian,0.2,isolated,uniform,2,0.1,20,False,500,49,,,881,890,core,full_factorial
90,architecture,1,main,N0,500,2,2,6,spherical,normal,balanced,0.1,0.0,0,gaussian,0.2,isolated,uniform,2,0.1,20,False,500,49,,,891,900,core,full_factorial
91,architecture,1,main,N0,500,2,2,6,spherical,normal,balanced,0.1,0.0,0,gaussian,0.2,isolated,uniform,2,0.1,20,False,500,49,,,901,910,core,full_factorial
92,architecture,1,main,N0,500,2,2,6,spherical,normal,balanced,0.1,0.0,0,gaussian,0.2,isolated,uniform,2,0.1,20,False,500,49,,,911,920,core,full_factorial
93,architecture,1,main,N0,500,2,2,6,spherical,normal,balanced,0.1,0.0,0,gaussian,0.2,isolated,uniform,2,0.1,20,False,500,49,,,921,930,core,full_factorial
94,architecture,1,main,N0,500,2,2,6,spherical,normal,balanced,0.1,0.0,0,gaussian,0.2,isolated,uniform,2,0.1,20,False,500,49,,,931,940,core,full_factorial
95,architecture,1,main,N0,500,2,2,6,spherical,normal,balanced,0.1,0.0,0,gaussian,0.2,isolated,uniform,2,0.1,20,False,500,49,,,941,950,core,full_factorial
96,architecture,1,main,N0,500,2,2,6,spherical,normal,balanced,0.1,0.0,0,gaussian,0.2,isolated,uniform,2,0.1,20,False,500,49,,,951,960,core,full_factorial
97,architecture,1,main,N0,500,2,2,6,spherical,normal,balanced,0.1,0.0,0,gaussian,0.2,isolated,uniform,2,0.1,20,False,500,49,,,961,970,core,full_factorial
98,architecture,1,main,N0,500,2,2,6,spherical,normal,balanced,0.1,0.0,0,gaussian,0.2,isolated,uniform,2,0.1,20,False,500,49,,,971,980,core,full_factorial
99,architecture,1,main,N0,500,2,2,6,spherical,normal,balanced,0.1,0.0,0,gaussian,0.2,isolated,uniform,2,0.1,20,False,500,49,,,981,990,core,full_factorial
100,architecture,1,main,N0,500,2,2,6,spherical,normal,balanced,0.1,0.0,0,gaussian,0.2,isolated,uniform,2,0.1,20,False,500,49,,,991,1000,core,full_factorial
101,architecture,2,main,N0,500,2,2,10,spherical,normal,balanced,0.1,0.0,0,gaussian,0.2,isolated,uniform,2,0.1,20,False,500,49,,,1,10,core,full_factorial
102,architecture,2,main,N0,500,2,2,10,spherical,normal,balanced,0.1,0.0,0,gaussian,0.2,isolated,uniform,2,0.1,20,False,500,49,,,11,20,core,full_factorial
103,architecture,2,main,N0,500,2,2,10,spherical,normal,balanced,0.1,0.0,0,gaussian,0.2,isolated,uniform,2,0.1,20,False,500,49,,,21,30,core,full_factorial
104,architecture,2,main,N0,500,2,2,10,spherical,normal,balanced,0.1,0.0,0,gaussian,0.2,isolated,uniform,2,0.1,20,False,500,49,,,31,40,core,full_factorial
105,architecture,2,main,N0,500,2,2,10,spherical,normal,balanced,0.1,0.0,0,gaussian,0.2,isolated,uniform,2,0.1,20,False,500,49,,,41,50,core,full_factorial
106,architecture,2,main,N0,500,2,2,10,spherical,normal,balanced,0.1,0.0,0,gaussian,0.2,isolated,uniform,2,0.1,20,False,500,49,,,51,60,core,full_factorial
107,architecture,2,main,N0,500,2,2,10,spherical,normal,balanced,0.1,0.0,0,gaussian,0.2,isolated,uniform,2,0.1,20,False,500,49,,,61,70,core,full_factorial
108,architecture,2,main,N0,500,2,2,10,spherical,normal,balanced,0.1,0.0,0,gaussian,0.2,isolated,uniform,2,0.1,20,False,500,49,,,71,80,core,full_factorial
109,architecture,2,main,N0,500,2,2,10,spherical,normal,balanced,0.1,0.0,0,gaussian,0.2,isolated,uniform,2,0.1,20,False,500,49,,,81,90,core,full_factorial
110,architecture,2,main,N0,500,2,2,10,spherical,normal,balanced,0.1,0.0,0,gaussian,0.2,isolated,uniform,2,0.1,20,False,500,49,,,91,100,core,full_factorial
111,architecture,2,main,N0,500,2,2,10,spherical,normal,balanced,0.1,0.0,0,gaussian,0.2,isolated,uniform,2,0.1,20,False,500,49,,,101,110,core,full_factorial
112,architecture,2,main,N0,500,2,2,10,spherical,normal,balanced,0.1,0.0,0,gaussian,0.2,isolated,uniform,2,0.1,20,False,500,49,,,111,120,core,full_factorial
113,architecture,2,main,N0,500,2,2,10,spherical,normal,balanced,0.1,0.0,0,gaussian,0.2,isolated,uniform,2,0.1,20,False,500,49,,,121,130,core,full_factorial
114,architecture,2,main,N0,500,2,2,10,spherical,normal,balanced,0.1,0.0,0,gaussian,0.2,isolated,uniform,2,0.1,20,False,500,49,,,131,140,core,full_factorial
115,architecture,2,main,N0,500,2,2,10,spherical,normal,balanced,0.1,0.0,0,gaussian,0.2,isolated,uniform,2,0.1,20,False,500,49,,,141,150,core,full_factorial
116,architecture,2,main,N0,500,2,2,10,spherical,normal,balanced,0.1,0.0,0,gaussian,0.2,isolated,uniform,2,0.1,20,False,500,49,,,151,160,core,full_factorial
117,architecture,2,main,N0,500,2,2,10,spherical,normal,balanced,0.1,0.0,0,gaussian,0.2,isolated,uniform,2,0.1,20,False,500,49,,,161,170,core,full_factorial
118,architecture,2,main,N0,500,2,2,10,spherical,normal,balanced,0.1,0.0,0,gaussian,0.2,isolated,uniform,2,0.1,20,False,500,49,,,171,180,core,full_factorial
119,architecture,2,main,N0,500,2,2,10,spherical,normal,balanced,0.1,0.0,0,gaussian,0.2,isolated,uniform,2,0.1,20,False,500,49,,,181,190,core,full_factorial
120,architecture,2,main,N0,500,2,2,10,spherical,normal,balanced,0.1,0.0,0,gaussian,0.2,isolated,uniform,2,0.1,20,False,500,49,,,191,200,core,full_factorial
121,architecture,2,main,N0,500,2,2,10,spherical,normal,balanced,0.1,0.0,0,gaussian,0.2,isolated,uniform,2,0.1,20,False,500,49,,,201,210,core,full_factorial
122,architecture,2,main,N0,500,2,2,10,spherical,normal,balanced,0.1,0.0,0,gaussian,0.2,isolated,uniform,2,0.1,20,False,500,49,,,211,220,core,full_factorial
123,architecture,2,main,N0,500,2,2,10,spherical,normal,balanced,0.1,0.0,0,gaussian,0.2,isolated,uniform,2,0.1,20,False,500,49,,,221,230,core,full_factorial
124,architecture,2,main,N0,500,2,2,10,spherical,normal,balanced,0.1,0.0,0,gaussian,0.2,isolated,uniform,2,0.1,20,False,500,49,,,231,240,core,full_factorial
125,architecture,2,main,N0,500,2,2,10,spherical,normal,balanced,0.1,0.0,0,gaussian,0.2,isolated,uniform,2,0.1,20,False,500,49,,,241,250,core,full_factorial
126,architecture,2,main,N0,500,2,2,10,spherical,normal,balanced,0.1,0.0,0,gaussian,0.2,isolated,uniform,2,0.1,20,False,500,49,,,251,260,core,full_factorial
127,architecture,2,main,N0,500,2,2,10,spherical,normal,balanced,0.1,0.0,0,gaussian,0.2,isolated,uniform,2,0.1,20,False,500,49,,,261,270,core,full_factorial
128,architecture,2,main,N0,500,2,2,10,spherical,normal,balanced,0.1,0.0,0,gaussian,0.2,isolated,uniform,2,0.1,20,False,500,49,,,271,280,core,full_factorial
129,architecture,2,main,N0,500,2,2,10,spherical,normal,balanced,0.1,0.0,0,gaussian,0.2,isolated,uniform,2,0.1,20,False,500,49,,,281,290,core,full_factorial
130,architecture,2,main,N0,500,2,2,10,spherical,normal,balanced,0.1,0.0,0,gaussian,0.2,isolated,uniform,2,0.1,20,False,500,49,,,291,300,core,full_factorial
131,architecture,2,main,N0,500,2,2,10,spherical,normal,balanced,0.1,0.0,0,gaussian,0.2,isolated,uniform,2,0.1,20,False,500,49,,,301,310,core,full_factorial
132,architecture,2,main,N0,500,2,2,10,spherical,normal,balanced,0.1,0.0,0,gaussian,0.2,isolated,uniform,2,0.1,20,False,500,49,,,311,320,core,full_factorial
133,architecture,2,main,N0,500,2,2,10,spherical,normal,balanced,0.1,0.0,0,gaussian,0.2,isolated,uniform,2,0.1,20,False,500,49,,,321,330,core,full_factorial
134,architecture,2,main,N0,500,2,2,10,spherical,normal,balanced,0.1,0.0,0,gaussian,0.2,isolated,uniform,2,0.1,20,False,500,49,,,331,340,core,full_factorial
135,architecture,2,main,N0,500,2,2,10,spherical,normal,balanced,0.1,0.0,0,gaussian,0.2,isolated,uniform,2,0.1,20,False,500,49,,,341,350,core,full_factorial
136,architecture,2,main,N0,500,2,2,10,spherical,normal,balanced,0.1,0.0,0,gaussian,0.2,isolated,uniform,2,0.1,20,False,500,49,,,351,360,core,full_factorial
137,architecture,2,main,N0,500,2,2,10,spherical,normal,balanced,0.1,0.0,0,gaussian,0.2,isolated,uniform,2,0.1,20,False,500,49,,,361,370,core,full_factorial
138,architecture,2,main,N0,500,2,2,10,spherical,normal,balanced,0.1,0.0,0,gaussian,0.2,isolated,uniform,2,0.1,20,False,500,49,,,371,380,core,full_factorial
139,architecture,2,main,N0,500,2,2,10,spherical,normal,balanced,0.1,0.0,0,gaussian,0.2,isolated,uniform,2,0.1,20,False,500,49,,,381,390,core,full_factorial
140,architecture,2,main,N0,500,2,2,10,spherical,normal,balanced,0.1,0.0,0,gaussian,0.2,isolated,uniform,2,0.1,20,False,500,49,,,391,400,core,full_factorial
141,architecture,2,main,N0,500,2,2,10,spherical,normal,balanced,0.1,0.0,0,gaussian,0.2,isolated,uniform,2,0.1,20,False,500,49,,,401,410,core,full_factorial
142,architecture,2,main,N0,500,2,2,10,spherical,normal,balanced,0.1,0.0,0,gaussian,0.2,isolated,uniform,2,0.1,20,False,500,49,,,411,420,core,full_factorial
143,architecture,2,main,N0,500,2,2,10,spherical,normal,balanced,0.1,0.0,0,gaussian,0.2,isolated,uniform,2,0.1,20,False,500,49,,,421,430,core,full_factorial
144,architecture,2,main,N0,500,2,2,10,spherical,normal,balanced,0.1,0.0,0,gaussian,0.2,isolated,uniform,2,0.1,20,False,500,49,,,431,440,core,full_factorial
145,architecture,2,main,N0,500,2,2,10,spherical,normal,balanced,0.1,0.0,0,gaussian,0.2,isolated,uniform,2,0.1,20,False,500,49,,,441,450,core,full_factorial
146,architecture,2,main,N0,500,2,2,10,spherical,normal,balanced,0.1,0.0,0,gaussian,0.2,isolated,uniform,2,0.1,20,False,500,49,,,451,460,core,full_factorial
147,architecture,2,main,N0,500,2,2,10,spherical,normal,balanced,0.1,0.0,0,gaussian,0.2,isolated,uniform,2,0.1,20,False,500,49,,,461,470,core,full_factorial
148,architecture,2,main,N0,500,2,2,10,spherical,normal,balanced,0.1,0.0,0,gaussian,0.2,isolated,uniform,2,0.1,20,False,500,49,,,471,480,core,full_factorial
149,architecture,2,main,N0,500,2,2,10,spherical,normal,balanced,0.1,0.0,0,gaussian,0.2,isolated,uniform,2,0.1,20,False,500,49,,,481,490,core,full_factorial
150,architecture,2,main,N0,500,2,2,10,spherical,normal,balanced,0.1,0.0,0,gaussian,0.2,isolated,uniform,2,0.1,20,False,500,49,,,491,500,core,full_factorial
151,architecture,2,main,N0,500,2,2,10,spherical,normal,balanced,0.1,0.0,0,gaussian,0.2,isolated,uniform,2,0.1,20,False,500,49,,,501,510,core,full_factorial
152,architecture,2,main,N0,500,2,2,10,spherical,normal,balanced,0.1,0.0,0,gaussian,0.2,isolated,uniform,2,0.1,20,False,500,49,,,511,520,core,full_factorial
153,architecture,2,main,N0,500,2,2,10,spherical,normal,balanced,0.1,0.0,0,gaussian,0.2,isolated,uniform,2,0.1,20,False,500,49,,,521,530,core,full_factorial
154,architecture,2,main,N0,500,2,2,10,spherical,normal,balanced,0.1,0.0,0,gaussian,0.2,isolated,uniform,2,0.1,20,False,500,49,,,531,540,core,full_factorial
155,architecture,2,main,N0,500,2,2,10,spherical,normal,balanced,0.1,0.0,0,gaussian,0.2,isolated,uniform,2,0.1,20,False,500,49,,,541,550,core,full_factorial
156,architecture,2,main,N0,500,2,2,10,spherical,normal,balanced,0.1,0.0,0,gaussian,0.2,isolated,uniform,2,0.1,20,False,500,49,,,551,560,core,full_factorial
157,architecture,2,main,N0,500,2,2,10,spherical,normal,balanced,0.1,0.0,0,gaussian,0.2,isolated,uniform,2,0.1,20,False,500,49,,,561,570,core,full_factorial
158,architecture,2,main,N0,500,2,2,10,spherical,normal,balanced,0.1,0.0,0,gaussian,0.2,isolated,uniform,2,0.1,20,False,500,49,,,571,580,core,full_factorial
159,architecture,2,main,N0,500,2,2,10,spherical,normal,balanced,0.1,0.0,0,gaussian,0.2,isolated,uniform,2,0.1,20,False,500,49,,,581,590,core,full_factorial
160,architecture,2,main,N0,500,2,2,10,spherical,normal,balanced,0.1,0.0,0,gaussian,0.2,isolated,uniform,2,0.1,20,False,500,49,,,591,600,core,full_factorial
161,architecture,2,main,N0,500,2,2,10,spherical,normal,balanced,0.1,0.0,0,gaussian,0.2,isolated,uniform,2,0.1,20,False,500,49,,,601,610,core,full_factorial
162,architecture,2,main,N0,500,2,2,10,spherical,normal,balanced,0.1,0.0,0,gaussian,0.2,isolated,uniform,2,0.1,20,False,500,49,,,611,620,core,full_factorial
163,architecture,2,main,N0,500,2,2,10,spherical,normal,balanced,0.1,0.0,0,gaussian,0.2,isolated,uniform,2,0.1,20,False,500,49,,,621,630,core,full_factorial
164,architecture,2,main,N0,500,2,2,10,spherical,normal,balanced,0.1,0.0,0,gaussian,0.2,isolated,uniform,2,0.1,20,False,500,49,,,631,640,core,full_factorial
165,architecture,2,main,N0,500,2,2,10,spherical,normal,balanced,0.1,0.0,0,gaussian,0.2,isolated,uniform,2,0.1,20,False,500,49,,,641,650,core,full_factorial
166,architecture,2,main,N0,500,2,2,10,spherical,normal,balanced,0.1,0.0,0,gaussian,0.2,isolated,uniform,2,0.1,20,False,500,49,,,651,660,core,full_factorial
167,architecture,2,main,N0,500,2,2,10,spherical,normal,balanced,0.1,0.0,0,gaussian,0.2,isolated,uniform,2,0.1,20,False,500,49,,,661,670,core,full_factorial
168,architecture,2,main,N0,500,2,2,10,spherical,normal,balanced,0.1,0.0,0,gaussian,0.2,isolated,uniform,2,0.1,20,False,500,49,,,671,680,core,full_factorial
169,architecture,2,main,N0,500,2,2,10,spherical,normal,balanced,0.1,0.0,0,gaussian,0.2,isolated,uniform,2,0.1,20,False,500,49,,,681,690,core,full_factorial
170,architecture,2,main,N0,500,2,2,10,spherical,normal,balanced,0.1,0.0,0,gaussian,0.2,isolated,uniform,2,0.1,20,False,500,49,,,691,700,core,full_factorial
171,architecture,2,main,N0,500,2,2,10,spherical,normal,balanced,0.1,0.0,0,gaussian,0.2,isolated,uniform,2,0.1,20,False,500,49,,,701,710,core,full_factorial
172,architecture,2,main,N0,500,2,2,10,spherical,normal,balanced,0.1,0.0,0,gaussian,0.2,isolated,uniform,2,0.1,20,False,500,49,,,711,720,core,full_factorial
173,architecture,2,main,N0,500,2,2,10,spherical,normal,balanced,0.1,0.0,0,gaussian,0.2,isolated,uniform,2,0.1,20,False,500,49,,,721,730,core,full_factorial
174,architecture,2,main,N0,500,2,2,10,spherical,normal,balanced,0.1,0.0,0,gaussian,0.2,isolated,uniform,2,0.1,20,False,500,49,,,731,740,core,full_factorial
175,architecture,2,main,N0,500,2,2,10,spherical,normal,balanced,0.1,0.0,0,gaussian,0.2,isolated,uniform,2,0.1,20,False,500,49,,,741,750,core,full_factorial
176,architecture,2,main,N0,500,2,2,10,spherical,normal,balanced,0.1,0.0,0,gaussian,0.2,isolated,uniform,2,0.1,20,False,500,49,,,751,760,core,full_factorial
177,architecture,2,main,N0,500,2,2,10,spherical,normal,balanced,0.1,0.0,0,gaussian,0.2,isolated,uniform,2,0.1,20,False,500,49,,,761,770,core,full_factorial
178,architecture,2,main,N0,500,2,2,10,spherical,normal,balanced,0.1,0.0,0,gaussian,0.2,isolated,uniform,2,0.1,20,False,500,49,,,771,780,core,full_factorial
179,architecture,2,main,N0,500,2,2,10,spherical,normal,balanced,0.1,0.0,0,gaussian,0.2,isolated,uniform,2,0.1,20,False,500,49,,,781,790,core,full_factorial
180,architecture,2,main,N0,500,2,2,10,spherical,normal,balanced,0.1,0.0,0,gaussian,0.2,isolated,uniform,2,0.1,20,False,500,49,,,791,800,core,full_factorial
181,architecture,2,main,N0,500,2,2,10,spherical,normal,balanced,0.1,0.0,0,gaussian,0.2,isolated,uniform,2,0.1,20,False,500,49,,,801,810,core,full_factorial
182,architecture,2,main,N0,500,2,2,10,spherical,normal,balanced,0.1,0.0,0,gaussian,0.2,isolated,uniform,2,0.1,20,False,500,49,,,811,820,core,full_factorial
183,architecture,2,main,N0,500,2,2,10,spherical,normal,balanced,0.1,0.0,0,gaussian,0.2,isolated,uniform,2,0.1,20,False,500,49,,,821,830,core,full_factorial
184,architecture,2,main,N0,500,2,2,10,spherical,normal,balanced,0.1,0.0,0,gaussian,0.2,isolated,uniform,2,0.1,20,False,500,49,,,831,840,core,full_factorial
185,architecture,2,main,N0,500,2,2,10,spherical,normal,balanced,0.1,0.0,0,gaussian,0.2,isolated,uniform,2,0.1,20,False,500,49,,,841,850,core,full_factorial
186,architecture,2,main,N0,500,2,2,10,spherical,normal,balanced,0.1,0.0,0,gaussian,0.2,isolated,uniform,2,0.1,20,False,500,49,,,851,860,core,full_factorial
187,architecture,2,main,N0,500,2,2,10,spherical,normal,balanced,0.1,0.0,0,gaussian,0.2,isolated,uniform,2,0.1,20,False,500,49,,,861,870,core,full_factorial
188,architecture,2,main,N0,500,2,2,10,spherical,normal,balanced,0.1,0.0,0,gaussian,0.2,isolated,uniform,2,0.1,20,False,500,49,,,871,880,core,full_factorial
189,architecture,2,main,N0,500,2,2,10,spherical,normal,balanced,0.1,0.0,0,gaussian,0.2,isolated,uniform,2,0.1,20,False,500,49,,,881,890,core,full_factorial
190,architecture,2,main,N0,500,2,2,10,spherical,normal,balanced,0.1,0.0,0,gaussian,0.2,isolated,uniform,2,0.1,20,False,500,49,,,891,900,core,full_factorial
191,architecture,2,main,N0,500,2,2,10,spherical,normal,balanced,0.1,0.0,0,gaussian,0.2,isolated,uniform,2,0.1,20,False,500,49,,,901,910,core,full_factorial
192,architecture,2,main,N0,500,2,2,10,spherical,normal,balanced,0.1,0.0,0,gaussian,0.2,isolated,uniform,2,0.1,20,False,500,49,,,911,920,core,full_factorial
193,architecture,2,main,N0,500,2,2,10,spherical,normal,balanced,0.1,0.0,0,gaussian,0.2,isolated,uniform,2,0.1,20,False,500,49,,,921,930,core,full_factorial
194,architecture,2,main,N0,500,2,2,10,spherical,normal,balanced,0.1,0.0,0,gaussian,0.2,isolated,uniform,2,0.1,20,False,500,49,,,931,940,core,full_factorial
195,architecture,2,main,N0,500,2,2,10,spherical,normal,balanced,0.1,0.0,0,gaussian,0.2,isolated,uniform,2,0.1,20,False,500,49,,,941,950,core,full_factorial
196,architecture,2,main,N0,500,2,2,10,spherical,normal,balanced,0.1,0.0,0,gaussian,0.2,isolated,uniform,2,0.1,20,False,500,49,,,951,960,core,full_factorial
197,architecture,2,main,N0,500,2,2,10,spherical,normal,balanced,0.1,0.0,0,gaussian,0.2,isolated,uniform,2,0.1,20,False,500,49,,,961,970,core,full_factorial
198,architecture,2,main,N0,500,2,2,10,spherical,normal,balanced,0.1,0.0,0,gaussian,0.2,isolated,uniform,2,0.1,20,False,500,49,,,971,980,core,full_factorial
199,architecture,2,main,N0,500,2,2,10,spherical,normal,balanced,0.1,0.0,0,gaussian,0.2,isolated,uniform,2,0.1,20,False,500,49,,,981,990,core,full_factorial
200,architecture,2,main,N0,500,2,2,10,spherical,normal,balanced,0.1,0.0,0,gaussian,0.2,isolated,uniform,2,0.1,20,False,500,49,,,991,1000,core,full_factorial
201,architecture,3,main,N0,500,2,2,6,elliptical,normal,balanced,0.1,0.0,0,gaussian,0.2,isolated,uniform,2,0.1,20,False,500,49,,,1,10,core,full_factorial
202,architecture,3,main,N0,500,2,2,6,elliptical,normal,balanced,0.1,0.0,0,gaussian,0.2,isolated,uniform,2,0.1,20,False,500,49,,,11,20,core,full_factorial
203,architecture,3,main,N0,500,2,2,6,elliptical,normal,balanced,0.1,0.0,0,gaussian,0.2,isolated,uniform,2,0.1,20,False,500,49,,,21,30,core,full_factorial
204,architecture,3,main,N0,500,2,2,6,elliptical,normal,balanced,0.1,0.0,0,gaussian,0.2,isolated,uniform,2,0.1,20,False,500,49,,,31,40,core,full_factorial
205,architecture,3,main,N0,500,2,2,6,elliptical,normal,balanced,0.1,0.0,0,gaussian,0.2,isolated,uniform,2,0.1,20,False,500,49,,,41,50,core,full_factorial
206,architecture,3,main,N0,500,2,2,6,elliptical,normal,balanced,0.1,0.0,0,gaussian,0.2,isolated,uniform,2,0.1,20,False,500,49,,,51,60,core,full_factorial
207,architecture,3,main,N0,500,2,2,6,elliptical,normal,balanced,0.1,0.0,0,gaussian,0.2,isolated,uniform,2,0.1,20,False,500,49,,,61,70,core,full_factorial
208,architecture,3,main,N0,500,2,2,6,elliptical,normal,balanced,0.1,0.0,0,gaussian,0.2,isolated,uniform,2,0.1,20,False,500,49,,,71,80,core,full_factorial
209,architecture,3,main,N0,500,2,2,6,elliptical,normal,balanced,0.1,0.0,0,gaussian,0.2,isolated,uniform,2,0.1,20,False,500,49,,,81,90,core,full_factorial
210,architecture,3,main,N0,500,2,2,6,elliptical,normal,balanced,0.1,0.0,0,gaussian,0.2,isolated,uniform,2,0.1,20,False,500,49,,,91,100,core,full_factorial
211,architecture,3,main,N0,500,2,2,6,elliptical,normal,balanced,0.1,0.0,0,gaussian,0.2,isolated,uniform,2,0.1,20,False,500,49,,,101,110,core,full_factorial
212,architecture,3,main,N0,500,2,2,6,elliptical,normal,balanced,0.1,0.0,0,gaussian,0.2,isolated,uniform,2,0.1,20,False,500,49,,,111,120,core,full_factorial
213,architecture,3,main,N0,500,2,2,6,elliptical,normal,balanced,0.1,0.0,0,gaussian,0.2,isolated,uniform,2,0.1,20,False,500,49,,,121,130,core,full_factorial
214,architecture,3,main,N0,500,2,2,6,elliptical,normal,balanced,0.1,0.0,0,gaussian,0.2,isolated,uniform,2,0.1,20,False,500,49,,,131,140,core,full_factorial
215,architecture,3,main,N0,500,2,2,6,elliptical,normal,balanced,0.1,0.0,0,gaussian,0.2,isolated,uniform,2,0.1,20,False,500,49,,,141,150,core,full_factorial
216,architecture,3,main,N0,500,2,2,6,elliptical,normal,balanced,0.1,0.0,0,gaussian,0.2,isolated,uniform,2,0.1,20,False,500,49,,,151,160,core,full_factorial
217,architecture,3,main,N0,500,2,2,6,elliptical,normal,balanced,0.1,0.0,0,gaussian,0.2,isolated,uniform,2,0.1,20,False,500,49,,,161,170,core,full_factorial
218,architecture,3,main,N0,500,2,2,6,elliptical,normal,balanced,0.1,0.0,0,gaussian,0.2,isolated,uniform,2,0.1,20,False,500,49,,,171,180,core,full_factorial
219,architecture,3,main,N0,500,2,2,6,elliptical,normal,balanced,0.1,0.0,0,gaussian,0.2,isolated,uniform,2,0.1,20,False,500,49,,,181,190,core,full_factorial
220,architecture,3,main,N0,500,2,2,6,elliptical,normal,balanced,0.1,0.0,0,gaussian,0.2,isolated,uniform,2,0.1,20,False,500,49,,,191,200,core,full_factorial
221,architecture,3,main,N0,500,2,2,6,elliptical,normal,balanced,0.1,0.0,0,gaussian,0.2,isolated,uniform,2,0.1,20,False,500,49,,,201,210,core,full_factorial
222,architecture,3,main,N0,500,2,2,6,elliptical,normal,balanced,0.1,0.0,0,gaussian,0.2,isolated,uniform,2,0.1,20,False,500,49,,,211,220,core,full_factorial
223,architecture,3,main,N0,500,2,2,6,elliptical,normal,balanced,0.1,0.0,0,gaussian,0.2,isolated,uniform,2,0.1,20,False,500,49,,,221,230,core,full_factorial
224,architecture,3,main,N0,500,2,2,6,elliptical,normal,balanced,0.1,0.0,0,gaussian,0.2,isolated,uniform,2,0.1,20,False,500,49,,,231,240,core,full_factorial
225,architecture,3,main,N0,500,2,2,6,elliptical,normal,balanced,0.1,0.0,0,gaussian,0.2,isolated,uniform,2,0.1,20,False,500,49,,,241,250,core,full_factorial
226,architecture,3,main,N0,500,2,2,6,elliptical,normal,balanced,0.1,0.0,0,gaussian,0.2,isolated,uniform,2,0.1,20,False,500,49,,,251,260,core,full_factorial
227,architecture,3,main,N0,500,2,2,6,elliptical,normal,balanced,0.1,0.0,0,gaussian,0.2,isolated,uniform,2,0.1,20,False,500,49,,,261,270,core,full_factorial
228,architecture,3,main,N0,500,2,2,6,elliptical,normal,balanced,0.1,0.0,0,gaussian,0.2,isolated,uniform,2,0.1,20,False,500,49,,,271,280,core,full_factorial
229,architecture,3,main,N0,500,2,2,6,elliptical,normal,balanced,0.1,0.0,0,gaussian,0.2,isolated,uniform,2,0.1,20,False,500,49,,,281,290,core,full_factorial
230,architecture,3,main,N0,500,2,2,6,elliptical,normal,balanced,0.1,0.0,0,gaussian,0.2,isolated,uniform,2,0.1,20,False,500,49,,,291,300,core,full_factorial
231,architecture,3,main,N0,500,2,2,6,elliptical,normal,balanced,0.1,0.0,0,gaussian,0.2,isolated,uniform,2,0.1,20,False,500,49,,,301,310,core,full_factorial
232,architecture,3,main,N0,500,2,2,6,elliptical,normal,balanced,0.1,0.0,0,gaussian,0.2,isolated,uniform,2,0.1,20,False,500,49,,,311,320,core,full_factorial
233,architecture,3,main,N0,500,2,2,6,elliptical,normal,balanced,0.1,0.0,0,gaussian,0.2,isolated,uniform,2,0.1,20,False,500,49,,,321,330,core,full_factorial
234,architecture,3,main,N0,500,2,2,6,elliptical,normal,balanced,0.1,0.0,0,gaussian,0.2,isolated,uniform,2,0.1,20,False,500,49,,,331,340,core,full_factorial
235,architecture,3,main,N0,500,2,2,6,elliptical,normal,balanced,0.1,0.0,0,gaussian,0.2,isolated,uniform,2,0.1,20,False,500,49,,,341,350,core,full_factorial
236,architecture,3,main,N0,500,2,2,6,elliptical,normal,balanced,0.1,0.0,0,gaussian,0.2,isolated,uniform,2,0.1,20,False,500,49,,,351,360,core,full_factorial
237,architecture,3,main,N0,500,2,2,6,elliptical,normal,balanced,0.1,0.0,0,gaussian,0.2,isolated,uniform,2,0.1,20,False,500,49,,,361,370,core,full_factorial
238,architecture,3,main,N0,500,2,2,6,elliptical,normal,balanced,0.1,0.0,0,gaussian,0.2,isolated,uniform,2,0.1,20,False,500,49,,,371,380,core,full_factorial
239,architecture,3,main,N0,500,2,2,6,elliptical,normal,balanced,0.1,0.0,0,gaussian,0.2,isolated,uniform,2,0.1,20,False,500,49,,,381,390,core,full_factorial
240,architecture,3,main,N0,500,2,2,6,elliptical,normal,balanced,0.1,0.0,0,gaussian,0.2,isolated,uniform,2,0.1,20,False,500,49,,,391,400,core,full_factorial
241,architecture,3,main,N0,500,2,2,6,elliptical,normal,balanced,0.1,0.0,0,gaussian,0.2,isolated,uniform,2,0.1,20,False,500,49,,,401,410,core,full_factorial
242,architecture,3,main,N0,500,2,2,6,elliptical,normal,balanced,0.1,0.0,0,gaussian,0.2,isolated,uniform,2,0.1,20,False,500,49,,,411,420,core,full_factorial
243,architecture,3,main,N0,500,2,2,6,elliptical,normal,balanced,0.1,0.0,0,gaussian,0.2,isolated,uniform,2,0.1,20,False,500,49,,,421,430,core,full_factorial
244,architecture,3,main,N0,500,2,2,6,elliptical,normal,balanced,0.1,0.0,0,gaussian,0.2,isolated,uniform,2,0.1,20,False,500,49,,,431,440,core,full_factorial
245,architecture,3,main,N0,500,2,2,6,elliptical,normal,balanced,0.1,0.0,0,gaussian,0.2,isolated,uniform,2,0.1,20,False,500,49,,,441,450,core,full_factorial
246,architecture,3,main,N0,500,2,2,6,elliptical,normal,balanced,0.1,0.0,0,gaussian,0.2,isolated,uniform,2,0.1,20,False,500,49,,,451,460,core,full_factorial
247,architecture,3,main,N0,500,2,2,6,elliptical,normal,balanced,0.1,0.0,0,gaussian,0.2,isolated,uniform,2,0.1,20,False,500,49,,,461,470,core,full_factorial
248,architecture,3,main,N0,500,2,2,6,elliptical,normal,balanced,0.1,0.0,0,gaussian,0.2,isolated,uniform,2,0.1,20,False,500,49,,,471,480,core,full_factorial
249,architecture,3,main,N0,500,2,2,6,elliptical,normal,balanced,0.1,0.0,0,gaussian,0.2,isolated,uniform,2,0.1,20,False,500,49,,,481,490,core,full_factorial
250,architecture,3,main,N0,500,2,2,6,elliptical,normal,balanced,0.1,0.0,0,gaussian,0.2,isolated,uniform,2,0.1,20,False,500,49,,,491,500,core,full_factorial
251,architecture,3,main,N0,500,2,2,6,elliptical,normal,balanced,0.1,0.0,0,gaussian,0.2,isolated,uniform,2,0.1,20,False,500,49,,,501,510,core,full_factorial
252,architecture,3,main,N0,500,2,2,6,elliptical,normal,balanced,0.1,0.0,0,gaussian,0.2,isolated,uniform,2,0.1,20,False,500,49,,,511,520,core,full_factorial
253,architecture,3,main,N0,500,2,2,6,elliptical,normal,balanced,0.1,0.0,0,gaussian,0.2,isolated,uniform,2,0.1,20,False,500,49,,,521,530,core,full_factorial
254,architecture,3,main,N0,500,2,2,6,elliptical,normal,balanced,0.1,0.0,0,gaussian,0.2,isolated,uniform,2,0.1,20,False,500,49,,,531,540,core,full_factorial
255,architecture,3,main,N0,500,2,2,6,elliptical,normal,balanced,0.1,0.0,0,gaussian,0.2,isolated,uniform,2,0.1,20,False,500,49,,,541,550,core,full_factorial
256,architecture,3,main,N0,500,2,2,6,elliptical,normal,balanced,0.1,0.0,0,gaussian,0.2,isolated,uniform,2,0.1,20,False,500,49,,,551,560,core,full_factorial
257,architecture,3,main,N0,500,2,2,6,elliptical,normal,balanced,0.1,0.0,0,gaussian,0.2,isolated,uniform,2,0.1,20,False,500,49,,,561,570,core,full_factorial
258,architecture,3,main,N0,500,2,2,6,elliptical,normal,balanced,0.1,0.0,0,gaussian,0.2,isolated,uniform,2,0.1,20,False,500,49,,,571,580,core,full_factorial
259,architecture,3,main,N0,500,2,2,6,elliptical,normal,balanced,0.1,0.0,0,gaussian,0.2,isolated,uniform,2,0.1,20,False,500,49,,,581,590,core,full_factorial
260,architecture,3,main,N0,500,2,2,6,elliptical,normal,balanced,0.1,0.0,0,gaussian,0.2,isolated,uniform,2,0.1,20,False,500,49,,,591,600,core,full_factorial
261,architecture,3,main,N0,500,2,2,6,elliptical,normal,balanced,0.1,0.0,0,gaussian,0.2,isolated,uniform,2,0.1,20,False,500,49,,,601,610,core,full_factorial
262,architecture,3,main,N0,500,2,2,6,elliptical,normal,balanced,0.1,0.0,0,gaussian,0.2,isolated,uniform,2,0.1,20,False,500,49,,,611,620,core,full_factorial
263,architecture,3,main,N0,500,2,2,6,elliptical,normal,balanced,0.1,0.0,0,gaussian,0.2,isolated,uniform,2,0.1,20,False,500,49,,,621,630,core,full_factorial
264,architecture,3,main,N0,500,2,2,6,elliptical,normal,balanced,0.1,0.0,0,gaussian,0.2,isolated,uniform,2,0.1,20,False,500,49,,,631,640,core,full_factorial
265,architecture,3,main,N0,500,2,2,6,elliptical,normal,balanced,0.1,0.0,0,gaussian,0.2,isolated,uniform,2,0.1,20,False,500,49,,,641,650,core,full_factorial
266,architecture,3,main,N0,500,2,2,6,elliptical,normal,balanced,0.1,0.0,0,gaussian,0.2,isolated,uniform,2,0.1,20,False,500,49,,,651,660,core,full_factorial
267,architecture,3,main,N0,500,2,2,6,elliptical,normal,balanced,0.1,0.0,0,gaussian,0.2,isolated,uniform,2,0.1,20,False,500,49,,,661,670,core,full_factorial
268,architecture,3,main,N0,500,2,2,6,elliptical,normal,balanced,0.1,0.0,0,gaussian,0.2,isolated,uniform,2,0.1,20,False,500,49,,,671,680,core,full_factorial
269,architecture,3,main,N0,500,2,2,6,elliptical,normal,balanced,0.1,0.0,0,gaussian,0.2,isolated,uniform,2,0.1,20,False,500,49,,,681,690,core,full_factorial
270,architecture,3,main,N0,500,2,2,6,elliptical,normal,balanced,0.1,0.0,0,gaussian,0.2,isolated,uniform,2,0.1,20,False,500,49,,,691,700,core,full_factorial
271,architecture,3,main,N0,500,2,2,6,elliptical,normal,balanced,0.1,0.0,0,gaussian,0.2,isolated,uniform,2,0.1,20,False,500,49,,,701,710,core,full_factorial
272,architecture,3,main,N0,500,2,2,6,elliptical,normal,balanced,0.1,0.0,0,gaussian,0.2,isolated,uniform,2,0.1,20,False,500,49,,,711,720,core,full_factorial
273,architecture,3,main,N0,500,2,2,6,elliptical,normal,balanced,0.1,0.0,0,gaussian,0.2,isolated,uniform,2,0.1,20,False,500,49,,,721,730,core,full_factorial
274,architecture,3,main,N0,500,2,2,6,elliptical,normal,balanced,0.1,0.0,0,gaussian,0.2,isolated,uniform,2,0.1,20,False,500,49,,,731,740,core,full_factorial
275,architecture,3,main,N0,500,2,2,6,elliptical,normal,balanced,0.1,0.0,0,gaussian,0.2,isolated,uniform,2,0.1,20,False,500,49,,,741,750,core,full_factorial
276,architecture,3,main,N0,500,2,2,6,elliptical,normal,balanced,0.1,0.0,0,gaussian,0.2,isolated,uniform,2,0.1,20,False,500,49,,,751,760,core,full_factorial
277,architecture,3,main,N0,500,2,2,6,elliptical,normal,balanced,0.1,0.0,0,gaussian,0.2,isolated,uniform,2,0.1,20,False,500,49,,,761,770,core,full_factorial
278,architecture,3,main,N0,500,2,2,6,elliptical,normal,balanced,0.1,0.0,0,gaussian,0.2,isolated,uniform,2,0.1,20,False,500,49,,,771,780,core,full_factorial
279,architecture,3,main,N0,500,2,2,6,elliptical,normal,balanced,0.1,0.0,0,gaussian,0.2,isolated,uniform,2,0.1,20,False,500,49,,,781,790,core,full_factorial
280,architecture,3,main,N0,500,2,2,6,elliptical,normal,balanced,0.1,0.0,0,gaussian,0.2,isolated,uniform,2,0.1,20,False,500,49,,,791,800,core,full_factorial
281,architecture,3,main,N0,500,2,2,6,elliptical,normal,balanced,0.1,0.0,0,gaussian,0.2,isolated,uniform,2,0.1,20,False,500,49,,,801,810,core,full_factorial
282,architecture,3,main,N0,500,2,2,6,elliptical,normal,balanced,0.1,0.0,0,gaussian,0.2,isolated,uniform,2,0.1,20,False,500,49,,,811,820,core,full_factorial
283,architecture,3,main,N0,500,2,2,6,elliptical,normal,balanced,0.1,0.0,0,gaussian,0.2,isolated,uniform,2,0.1,20,False,500,49,,,821,830,core,full_factorial
284,architecture,3,main,N0,500,2,2,6,elliptical,normal,balanced,0.1,0.0,0,gaussian,0.2,isolated,uniform,2,0.1,20,False,500,49,,,831,840,core,full_factorial
285,architecture,3,main,N0,500,2,2,6,elliptical,normal,balanced,0.1,0.0,0,gaussian,0.2,isolated,uniform,2,0.1,20,False,500,49,,,841,850,core,full_factorial
286,architecture,3,main,N0,500,2,2,6,elliptical,normal,balanced,0.1,0.0,0,gaussian,0.2,isolated,uniform,2,0.1,20,False,500,49,,,851,860,core,full_factorial
287,architecture,3,main,N0,500,2,2,6,elliptical,normal,balanced,0.1,0.0,0,gaussian,0.2,isolated,uniform,2,0.1,20,False,500,49,,,861,870,core,full_factorial
288,architecture,3,main,N0,500,2,2,6,elliptical,normal,balanced,0.1,0.0,0,gaussian,0.2,isolated,uniform,2,0.1,20,False,500,49,,,871,880,core,full_factorial
289,architecture,3,main,N0,500,2,2,6,elliptical,normal,balanced,0.1,0.0,0,gaussian,0.2,isolated,uniform,2,0.1,20,False,500,49,,,881,890,core,full_factorial
290,architecture,3,main,N0,500,2,2,6,elliptical,normal,balanced,0.1,0.0,0,gaussian,0.2,isolated,uniform,2,0.1,20,False,500,49,,,891,900,core,full_factorial
291,architecture,3,main,N0,500,2,2,6,elliptical,normal,balanced,0.1,0.0,0,gaussian,0.2,isolated,uniform,2,0.1,20,False,500,49,,,901,910,core,full_factorial
292,architecture,3,main,N0,500,2,2,6,elliptical,normal,balanced,0.1,0.0,0,gaussian,0.2,isolated,uniform,2,0.1,20,False,500,49,,,911,920,core,full_factorial
293,architecture,3,main,N0,500,2,2,6,elliptical,normal,balanced,0.1,0.0,0,gaussian,0.2,isolated,uniform,2,0.1,20,False,500,49,,,921,930,core,full_factorial
294,architecture,3,main,N0,500,2,2,6,elliptical,normal,balanced,0.1,0.0,0,gaussian,0.2,isolated,uniform,2,0.1,20,False,500,49,,,931,940,core,full_factorial
295,architecture,3,main,N0,500,2,2,6,elliptical,normal,balanced,0.1,0.0,0,gaussian,0.2,isolated,uniform,2,0.1,20,False,500,49,,,941,950,core,full_factorial
296,architecture,3,main,N0,500,2,2,6,elliptical,normal,balanced,0.1,0.0,0,gaussian,0.2,isolated,uniform,2,0.1,20,False,500,49,,,951,960,core,full_factorial
297,architecture,3,main,N0,500,2,2,6,elliptical,normal,balanced,0.1,0.0,0,gaussian,0.2,isolated,uniform,2,0.1,20,False,500,49,,,961,970,core,full_factorial
298,architecture,3,main,N0,500,2,2,6,elliptical,normal,balanced,0.1,0.0,0,gaussian,0.2,isolated,uniform,2,0.1,20,False,500,49,,,971,980,core,full_factorial
299,architecture,3,main,N0,500,2,2,6,elliptical,normal,balanced,0.1,0.0,0,gaussian,0.2,isolated,uniform,2,0.1,20,False,500,49,,,981,990,core,full_factorial
300,architecture,3,main,N0,500,2,2,6,elliptical,normal,balanced,0.1,0.0,0,gaussian,0.2,isolated,uniform,2,0.1,20,False,500,49,,,991,1000,core,full_factorial
301,architecture,4,main,N0,500,2,2,10,elliptical,normal,balanced,0.1,0.0,0,gaussian,0.2,isolated,uniform,2,0.1,20,False,500,49,,,1,10,core,full_factorial
302,architecture,4,main,N0,500,2,2,10,elliptical,normal,balanced,0.1,0.0,0,gaussian,0.2,isolated,uniform,2,0.1,20,False,500,49,,,11,20,core,full_factorial
303,architecture,4,main,N0,500,2,2,10,elliptical,normal,balanced,0.1,0.0,0,gaussian,0.2,isolated,uniform,2,0.1,20,False,500,49,,,21,30,core,full_factorial
304,architecture,4,main,N0,500,2,2,10,elliptical,normal,balanced,0.1,0.0,0,gaussian,0.2,isolated,uniform,2,0.1,20,False,500,49,,,31,40,core,full_factorial
305,architecture,4,main,N0,500,2,2,10,elliptical,normal,balanced,0.1,0.0,0,gaussian,0.2,isolated,uniform,2,0.1,20,False,500,49,,,41,50,core,full_factorial
306,architecture,4,main,N0,500,2,2,10,elliptical,normal,balanced,0.1,0.0,0,gaussian,0.2,isolated,uniform,2,0.1,20,False,500,49,,,51,60,core,full_factorial
307,architecture,4,main,N0,500,2,2,10,elliptical,normal,balanced,0.1,0.0,0,gaussian,0.2,isolated,uniform,2,0.1,20,False,500,49,,,61,70,core,full_factorial
308,architecture,4,main,N0,500,2,2,10,elliptical,normal,balanced,0.1,0.0,0,gaussian,0.2,isolated,uniform,2,0.1,20,False,500,49,,,71,80,core,full_factorial
309,architecture,4,main,N0,500,2,2,10,elliptical,normal,balanced,0.1,0.0,0,gaussian,0.2,isolated,uniform,2,0.1,20,False,500,49,,,81,90,core,full_factorial
310,architecture,4,main,N0,500,2,2,10,elliptical,normal,balanced,0.1,0.0,0,gaussian,0.2,isolated,uniform,2,0.1,20,False,500,49,,,91,100,core,full_factorial
311,architecture,4,main,N0,500,2,2,10,elliptical,normal,balanced,0.1,0.0,0,gaussian,0.2,isolated,uniform,2,0.1,20,False,500,49,,,101,110,core,full_factorial
312,architecture,4,main,N0,500,2,2,10,elliptical,normal,balanced,0.1,0.0,0,gaussian,0.2,isolated,uniform,2,0.1,20,False,500,49,,,111,120,core,full_factorial
313,architecture,4,main,N0,500,2,2,10,elliptical,normal,balanced,0.1,0.0,0,gaussian,0.2,isolated,uniform,2,0.1,20,False,500,49,,,121,130,core,full_factorial
314,architecture,4,main,N0,500,2,2,10,elliptical,normal,balanced,0.1,0.0,0,gaussian,0.2,isolated,uniform,2,0.1,20,False,500,49,,,131,140,core,full_factorial
315,architecture,4,main,N0,500,2,2,10,elliptical,normal,balanced,0.1,0.0,0,gaussian,0.2,isolated,uniform,2,0.1,20,False,500,49,,,141,150,core,full_factorial
316,architecture,4,main,N0,500,2,2,10,elliptical,normal,balanced,0.1,0.0,0,gaussian,0.2,isolated,uniform,2,0.1,20,False,500,49,,,151,160,core,full_factorial
317,architecture,4,main,N0,500,2,2,10,elliptical,normal,balanced,0.1,0.0,0,gaussian,0.2,isolated,uniform,2,0.1,20,False,500,49,,,161,170,core,full_factorial
318,architecture,4,main,N0,500,2,2,10,elliptical,normal,balanced,0.1,0.0,0,gaussian,0.2,isolated,uniform,2,0.1,20,False,500,49,,,171,180,core,full_factorial
319,architecture,4,main,N0,500,2,2,10,elliptical,normal,balanced,0.1,0.0,0,gaussian,0.2,isolated,uniform,2,0.1,20,False,500,49,,,181,190,core,full_factorial
320,architecture,4,main,N0,500,2,2,10,elliptical,normal,balanced,0.1,0.0,0,gaussian,0.2,isolated,uniform,2,0.1,20,False,500,49,,,191,200,core,full_factorial
321,architecture,4,main,N0,500,2,2,10,elliptical,normal,balanced,0.1,0.0,0,gaussian,0.2,isolated,uniform,2,0.1,20,False,500,49,,,201,210,core,full_factorial
322,architecture,4,main,N0,500,2,2,10,elliptical,normal,balanced,0.1,0.0,0,gaussian,0.2,isolated,uniform,2,0.1,20,False,500,49,,,211,220,core,full_factorial
323,architecture,4,main,N0,500,2,2,10,elliptical,normal,balanced,0.1,0.0,0,gaussian,0.2,isolated,uniform,2,0.1,20,False,500,49,,,221,230,core,full_factorial
324,architecture,4,main,N0,500,2,2,10,elliptical,normal,balanced,0.1,0.0,0,gaussian,0.2,isolated,uniform,2,0.1,20,False,500,49,,,231,240,core,full_factorial
325,architecture,4,main,N0,500,2,2,10,elliptical,normal,balanced,0.1,0.0,0,gaussian,0.2,isolated,uniform,2,0.1,20,False,500,49,,,241,250,core,full_factorial
326,architecture,4,main,N0,500,2,2,10,elliptical,normal,balanced,0.1,0.0,0,gaussian,0.2,isolated,uniform,2,0.1,20,False,500,49,,,251,260,core,full_factorial
327,architecture,4,main,N0,500,2,2,10,elliptical,normal,balanced,0.1,0.0,0,gaussian,0.2,isolated,uniform,2,0.1,20,False,500,49,,,261,270,core,full_factorial
328,architecture,4,main,N0,500,2,2,10,elliptical,normal,balanced,0.1,0.0,0,gaussian,0.2,isolated,uniform,2,0.1,20,False,500,49,,,271,280,core,full_factorial
329,architecture,4,main,N0,500,2,2,10,elliptical,normal,balanced,0.1,0.0,0,gaussian,0.2,isolated,uniform,2,0.1,20,False,500,49,,,281,290,core,full_factorial
330,architecture,4,main,N0,500,2,2,10,elliptical,normal,balanced,0.1,0.0,0,gaussian,0.2,isolated,uniform,2,0.1,20,False,500,49,,,291,300,core,full_factorial
331,architecture,4,main,N0,500,2,2,10,elliptical,normal,balanced,0.1,0.0,0,gaussian,0.2,isolated,uniform,2,0.1,20,False,500,49,,,301,310,core,full_factorial
332,architecture,4,main,N0,500,2,2,10,elliptical,normal,balanced,0.1,0.0,0,gaussian,0.2,isolated,uniform,2,0.1,20,False,500,49,,,311,320,core,full_factorial
333,architecture,4,main,N0,500,2,2,10,elliptical,normal,balanced,0.1,0.0,0,gaussian,0.2,isolated,uniform,2,0.1,20,False,500,49,,,321,330,core,full_factorial
334,architecture,4,main,N0,500,2,2,10,elliptical,normal,balanced,0.1,0.0,0,gaussian,0.2,isolated,uniform,2,0.1,20,False,500,49,,,331,340,core,full_factorial
335,architecture,4,main,N0,500,2,2,10,elliptical,normal,balanced,0.1,0.0,0,gaussian,0.2,isolated,uniform,2,0.1,20,False,500,49,,,341,350,core,full_factorial
336,architecture,4,main,N0,500,2,2,10,elliptical,normal,balanced,0.1,0.0,0,gaussian,0.2,isolated,uniform,2,0.1,20,False,500,49,,,351,360,core,full_factorial
337,architecture,4,main,N0,500,2,2,10,elliptical,normal,balanced,0.1,0.0,0,gaussian,0.2,isolated,uniform,2,0.1,20,False,500,49,,,361,370,core,full_factorial
338,architecture,4,main,N0,500,2,2,10,elliptical,normal,balanced,0.1,0.0,0,gaussian,0.2,isolated,uniform,2,0.1,20,False,500,49,,,371,380,core,full_factorial
339,architecture,4,main,N0,500,2,2,10,elliptical,normal,balanced,0.1,0.0,0,gaussian,0.2,isolated,uniform,2,0.1,20,False,500,49,,,381,390,core,full_factorial
340,architecture,4,main,N0,500,2,2,10,elliptical,normal,balanced,0.1,0.0,0,gaussian,0.2,isolated,uniform,2,0.1,20,False,500,49,,,391,400,core,full_factorial
341,architecture,4,main,N0,500,2,2,10,elliptical,normal,balanced,0.1,0.0,0,gaussian,0.2,isolated,uniform,2,0.1,20,False,500,49,,,401,410,core,full_factorial
342,architecture,4,main,N0,500,2,2,10,elliptical,normal,balanced,0.1,0.0,0,gaussian,0.2,isolated,uniform,2,0.1,20,False,500,49,,,411,420,core,full_factorial
343,architecture,4,main,N0,500,2,2,10,elliptical,normal,balanced,0.1,0.0,0,gaussian,0.2,isolated,uniform,2,0.1,20,False,500,49,,,421,430,core,full_factorial
344,architecture,4,main,N0,500,2,2,10,elliptical,normal,balanced,0.1,0.0,0,gaussian,0.2,isolated,uniform,2,0.1,20,False,500,49,,,431,440,core,full_factorial
345,architecture,4,main,N0,500,2,2,10,elliptical,normal,balanced,0.1,0.0,0,gaussian,0.2,isolated,uniform,2,0.1,20,False,500,49,,,441,450,core,full_factorial
346,architecture,4,main,N0,500,2,2,10,elliptical,normal,balanced,0.1,0.0,0,gaussian,0.2,isolated,uniform,2,0.1,20,False,500,49,,,451,460,core,full_factorial
347,architecture,4,main,N0,500,2,2,10,elliptical,normal,balanced,0.1,0.0,0,gaussian,0.2,isolated,uniform,2,0.1,20,False,500,49,,,461,470,core,full_factorial
348,architecture,4,main,N0,500,2,2,10,elliptical,normal,balanced,0.1,0.0,0,gaussian,0.2,isolated,uniform,2,0.1,20,False,500,49,,,471,480,core,full_factorial
349,architecture,4,main,N0,500,2,2,10,elliptical,normal,balanced,0.1,0.0,0,gaussian,0.2,isolated,uniform,2,0.1,20,False,500,49,,,481,490,core,full_factorial
350,architecture,4,main,N0,500,2,2,10,elliptical,normal,balanced,0.1,0.0,0,gaussian,0.2,isolated,uniform,2,0.1,20,False,500,49,,,491,500,core,full_factorial
351,architecture,4,main,N0,500,2,2,10,elliptical,normal,balanced,0.1,0.0,0,gaussian,0.2,isolated,uniform,2,0.1,20,False,500,49,,,501,510,core,full_factorial
352,architecture,4,main,N0,500,2,2,10,elliptical,normal,balanced,0.1,0.0,0,gaussian,0.2,isolated,uniform,2,0.1,20,False,500,49,,,511,520,core,full_factorial
353,architecture,4,main,N0,500,2,2,10,elliptical,normal,balanced,0.1,0.0,0,gaussian,0.2,isolated,uniform,2,0.1,20,False,500,49,,,521,530,core,full_factorial
354,architecture,4,main,N0,500,2,2,10,elliptical,normal,balanced,0.1,0.0,0,gaussian,0.2,isolated,uniform,2,0.1,20,False,500,49,,,531,540,core,full_factorial
355,architecture,4,main,N0,500,2,2,10,elliptical,normal,balanced,0.1,0.0,0,gaussian,0.2,isolated,uniform,2,0.1,20,False,500,49,,,541,550,core,full_factorial
356,architecture,4,main,N0,500,2,2,10,elliptical,normal,balanced,0.1,0.0,0,gaussian,0.2,isolated,uniform,2,0.1,20,False,500,49,,,551,560,core,full_factorial
357,architecture,4,main,N0,500,2,2,10,elliptical,normal,balanced,0.1,0.0,0,gaussian,0.2,isolated,uniform,2,0.1,20,False,500,49,,,561,570,core,full_factorial
358,architecture,4,main,N0,500,2,2,10,elliptical,normal,balanced,0.1,0.0,0,gaussian,0.2,isolated,uniform,2,0.1,20,False,500,49,,,571,580,core,full_factorial
359,architecture,4,main,N0,500,2,2,10,elliptical,normal,balanced,0.1,0.0,0,gaussian,0.2,isolated,uniform,2,0.1,20,False,500,49,,,581,590,core,full_factorial
360,architecture,4,main,N0,500,2,2,10,elliptical,normal,balanced,0.1,0.0,0,gaussian,0.2,isolated,uniform,2,0.1,20,False,500,49,,,591,600,core,full_factorial
361,architecture,4,main,N0,500,2,2,10,elliptical,normal,balanced,0.1,0.0,0,gaussian,0.2,isolated,uniform,2,0.1,20,False,500,49,,,601,610,core,full_factorial
362,architecture,4,main,N0,500,2,2,10,elliptical,normal,balanced,0.1,0.0,0,gaussian,0.2,isolated,uniform,2,0.1,20,False,500,49,,,611,620,core,full_factorial
363,architecture,4,main,N0,500,2,2,10,elliptical,normal,balanced,0.1,0.0,0,gaussian,0.2,isolated,uniform,2,0.1,20,False,500,49,,,621,630,core,full_factorial
364,architecture,4,main,N0,500,2,2,10,elliptical,normal,balanced,0.1,0.0,0,gaussian,0.2,isolated,uniform,2,0.1,20,False,500,49,,,631,640,core,full_factorial
365,architecture,4,main,N0,500,2,2,10,elliptical,normal,balanced,0.1,0.0,0,gaussian,0.2,isolated,uniform,2,0.1,20,False,500,49,,,641,650,core,full_factorial
366,architecture,4,main,N0,500,2,2,10,elliptical,normal,balanced,0.1,0.0,0,gaussian,0.2,isolated,uniform,2,0.1,20,False,500,49,,,651,660,core,full_factorial
367,architecture,4,main,N0,500,2,2,10,elliptical,normal,balanced,0.1,0.0,0,gaussian,0.2,isolated,uniform,2,0.1,20,False,500,49,,,661,670,core,full_factorial
368,architecture,4,main,N0,500,2,2,10,elliptical,normal,balanced,0.1,0.0,0,gaussian,0.2,isolated,uniform,2,0.1,20,False,500,49,,,671,680,core,full_factorial
369,architecture,4,main,N0,500,2,2,10,elliptical,normal,balanced,0.1,0.0,0,gaussian,0.2,isolated,uniform,2,0.1,20,False,500,49,,,681,690,core,full_factorial
370,architecture,4,main,N0,500,2,2,10,elliptical,normal,balanced,0.1,0.0,0,gaussian,0.2,isolated,uniform,2,0.1,20,False,500,49,,,691,700,core,full_factorial
371,architecture,4,main,N0,500,2,2,10,elliptical,normal,balanced,0.1,0.0,0,gaussian,0.2,isolated,uniform,2,0.1,20,False,500,49,,,701,710,core,full_factorial
372,architecture,4,main,N0,500,2,2,10,elliptical,normal,balanced,0.1,0.0,0,gaussian,0.2,isolated,uniform,2,0.1,20,False,500,49,,,711,720,core,full_factorial
373,architecture,4,main,N0,500,2,2,10,elliptical,normal,balanced,0.1,0.0,0,gaussian,0.2,isolated,uniform,2,0.1,20,False,500,49,,,721,730,core,full_factorial
374,architecture,4,main,N0,500,2,2,10,elliptical,normal,balanced,0.1,0.0,0,gaussian,0.2,isolated,uniform,2,0.1,20,False,500,49,,,731,740,core,full_factorial
375,architecture,4,main,N0,500,2,2,10,elliptical,normal,balanced,0.1,0.0,0,gaussian,0.2,isolated,uniform,2,0.1,20,False,500,49,,,741,750,core,full_factorial
376,architecture,4,main,N0,500,2,2,10,elliptical,normal,balanced,0.1,0.0,0,gaussian,0.2,isolated,uniform,2,0.1,20,False,500,49,,,751,760,core,full_factorial
377,architecture,4,main,N0,500,2,2,10,elliptical,normal,balanced,0.1,0.0,0,gaussian,0.2,isolated,uniform,2,0.1,20,False,500,49,,,761,770,core,full_factorial
378,architecture,4,main,N0,500,2,2,10,elliptical,normal,balanced,0.1,0.0,0,gaussian,0.2,isolated,uniform,2,0.1,20,False,500,49,,,771,780,core,full_factorial
379,architecture,4,main,N0,500,2,2,10,elliptical,normal,balanced,0.1,0.0,0,gaussian,0.2,isolated,uniform,2,0.1,20,False,500,49,,,781,790,core,full_factorial
380,architecture,4,main,N0,500,2,2,10,elliptical,normal,balanced,0.1,0.0,0,gaussian,0.2,isolated,uniform,2,0.1,20,False,500,49,,,791,800,core,full_factorial
381,architecture,4,main,N0,500,2,2,10,elliptical,normal,balanced,0.1,0.0,0,gaussian,0.2,isolated,uniform,2,0.1,20,False,500,49,,,801,810,core,full_factorial
382,architecture,4,main,N0,500,2,2,10,elliptical,normal,balanced,0.1,0.0,0,gaussian,0.2,isolated,uniform,2,0.1,20,False,500,49,,,811,820,core,full_factorial
383,architecture,4,main,N0,500,2,2,10,elliptical,normal,balanced,0.1,0.0,0,gaussian,0.2,isolated,uniform,2,0.1,20,False,500,49,,,821,830,core,full_factorial
384,architecture,4,main,N0,500,2,2,10,elliptical,normal,balanced,0.1,0.0,0,gaussian,0.2,isolated,uniform,2,0.1,20,False,500,49,,,831,840,core,full_factorial
385,architecture,4,main,N0,500,2,2,10,elliptical,normal,balanced,0.1,0.0,0,gaussian,0.2,isolated,uniform,2,0.1,20,False,500,49,,,841,850,core,full_factorial
386,architecture,4,main,N0,500,2,2,10,elliptical,normal,balanced,0.1,0.0,0,gaussian,0.2,isolated,uniform,2,0.1,20,False,500,49,,,851,860,core,full_factorial
387,architecture,4,main,N0,500,2,2,10,elliptical,normal,balanced,0.1,0.0,0,gaussian,0.2,isolated,uniform,2,0.1,20,False,500,49,,,861,870,core,full_factorial
388,architecture,4,main,N0,500,2,2,10,elliptical,normal,balanced,0.1,0.0,0,gaussian,0.2,isolated,uniform,2,0.1,20,False,500,49,,,871,880,core,full_factorial
389,architecture,4,main,N0,500,2,2,10,elliptical,normal,balanced,0.1,0.0,0,gaussian,0.2,isolated,uniform,2,0.1,20,False,500,49,,,881,890,core,full_factorial
390,architecture,4,main,N0,500,2,2,10,elliptical,normal,balanced,0.1,0.0,0,gaussian,0.2,isolated,uniform,2,0.1,20,False,500,49,,,891,900,core,full_factorial
391,architecture,4,main,N0,500,2,2,10,elliptical,normal,balanced,0.1,0.0,0,gaussian,0.2,isolated,uniform,2,0.1,20,False,500,49,,,901,910,core,full_factorial
392,architecture,4,main,N0,500,2,2,10,elliptical,normal,balanced,0.1,0.0,0,gaussian,0.2,isolated,uniform,2,0.1,20,False,500,49,,,911,920,core,full_factorial
393,architecture,4,main,N0,500,2,2,10,elliptical,normal,balanced,0.1,0.0,0,gaussian,0.2,isolated,uniform,2,0.1,20,False,500,49,,,921,930,core,full_factorial
394,architecture,4,main,N0,500,2,2,10,elliptical,normal,balanced,0.1,0.0,0,gaussian,0.2,isolated,uniform,2,0.1,20,False,500,49,,,931,940,core,full_factorial
395,architecture,4,main,N0,500,2,2,10,elliptical,normal,balanced,0.1,0.0,0,gaussian,0.2,isolated,uniform,2,0.1,20,False,500,49,,,941,950,core,full_factorial
396,architecture,4,main,N0,500,2,2,10,elliptical,normal,balanced,0.1,0.0,0,gaussian,0.2,isolated,uniform,2,0.1,20,False,500,49,,,951,960,core,full_factorial
397,architecture,4,main,N0,500,2,2,10,elliptical,normal,balanced,0.1,0.0,0,gaussian,0.2,isolated,uniform,2,0.1,20,False,500,49,,,961,970,core,full_factorial
398,architecture,4,main,N0,500,2,2,10,elliptical,normal,balanced,0.1,0.0,0,gaussian,0.2,isolated,uniform,2,0.1,20,False,500,49,,,971,980,core,full_factorial
399,architecture,4,main,N0,500,2,2,10,elliptical,normal,balanced,0.1,0.0,0,gaussian,0.2,isolated,uniform,2,0.1,20,False,500,49,,,981,990,core,full_factorial
400,architecture,4,main,N0,500,2,2,10,elliptical,normal,balanced,0.1,0.0,0,gaussian,0.2,isolated,uniform,2,0.1,20,False,500,49,,,991,1000,core,full_factorial
401,architecture,5,main,N0,500,5,2,6,spherical,normal,balanced,0.1,0.0,0,gaussian,0.2,isolated,uniform,2,0.1,20,False,500,49,,,1,10,core,full_factorial
402,architecture,5,main,N0,500,5,2,6,spherical,normal,balanced,0.1,0.0,0,gaussian,0.2,isolated,uniform,2,0.1,20,False,500,49,,,11,20,core,full_factorial
403,architecture,5,main,N0,500,5,2,6,spherical,normal,balanced,0.1,0.0,0,gaussian,0.2,isolated,uniform,2,0.1,20,False,500,49,,,21,30,core,full_factorial
404,architecture,5,main,N0,500,5,2,6,spherical,normal,balanced,0.1,0.0,0,gaussian,0.2,isolated,uniform,2,0.1,20,False,500,49,,,31,40,core,full_factorial
405,architecture,5,main,N0,500,5,2,6,spherical,normal,balanced,0.1,0.0,0,gaussian,0.2,isolated,uniform,2,0.1,20,False,500,49,,,41,50,core,full_factorial
406,architecture,5,main,N0,500,5,2,6,spherical,normal,balanced,0.1,0.0,0,gaussian,0.2,isolated,uniform,2,0.1,20,False,500,49,,,51,60,core,full_factorial
407,architecture,5,main,N0,500,5,2,6,spherical,normal,balanced,0.1,0.0,0,gaussian,0.2,isolated,uniform,2,0.1,20,False,500,49,,,61,70,core,full_factorial
408,architecture,5,main,N0,500,5,2,6,spherical,normal,balanced,0.1,0.0,0,gaussian,0.2,isolated,uniform,2,0.1,20,False,500,49,,,71,80,core,full_factorial
409,architecture,5,main,N0,500,5,2,6,spherical,normal,balanced,0.1,0.0,0,gaussian,0.2,isolated,uniform,2,0.1,20,False,500,49,,,81,90,core,full_factorial
410,architecture,5,main,N0,500,5,2,6,spherical,normal,balanced,0.1,0.0,0,gaussian,0.2,isolated,uniform,2,0.1,20,False,500,49,,,91,100,core,full_factorial
411,architecture,5,main,N0,500,5,2,6,spherical,normal,balanced,0.1,0.0,0,gaussian,0.2,isolated,uniform,2,0.1,20,False,500,49,,,101,110,core,full_factorial
412,architecture,5,main,N0,500,5,2,6,spherical,normal,balanced,0.1,0.0,0,gaussian,0.2,isolated,uniform,2,0.1,20,False,500,49,,,111,120,core,full_factorial
413,architecture,5,main,N0,500,5,2,6,spherical,normal,balanced,0.1,0.0,0,gaussian,0.2,isolated,uniform,2,0.1,20,False,500,49,,,121,130,core,full_factorial
414,architecture,5,main,N0,500,5,2,6,spherical,normal,balanced,0.1,0.0,0,gaussian,0.2,isolated,uniform,2,0.1,20,False,500,49,,,131,140,core,full_factorial
415,architecture,5,main,N0,500,5,2,6,spherical,normal,balanced,0.1,0.0,0,gaussian,0.2,isolated,uniform,2,0.1,20,False,500,49,,,141,150,core,full_factorial
416,architecture,5,main,N0,500,5,2,6,spherical,normal,balanced,0.1,0.0,0,gaussian,0.2,isolated,uniform,2,0.1,20,False,500,49,,,151,160,core,full_factorial
417,architecture,5,main,N0,500,5,2,6,spherical,normal,balanced,0.1,0.0,0,gaussian,0.2,isolated,uniform,2,0.1,20,False,500,49,,,161,170,core,full_factorial
418,architecture,5,main,N0,500,5,2,6,spherical,normal,balanced,0.1,0.0,0,gaussian,0.2,isolated,uniform,2,0.1,20,False,500,49,,,171,180,core,full_factorial
419,architecture,5,main,N0,500,5,2,6,spherical,normal,balanced,0.1,0.0,0,gaussian,0.2,isolated,uniform,2,0.1,20,False,500,49,,,181,190,core,full_factorial
420,architecture,5,main,N0,500,5,2,6,spherical,normal,balanced,0.1,0.0,0,gaussian,0.2,isolated,uniform,2,0.1,20,False,500,49,,,191,200,core,full_factorial
421,architecture,5,main,N0,500,5,2,6,spherical,normal,balanced,0.1,0.0,0,gaussian,0.2,isolated,uniform,2,0.1,20,False,500,49,,,201,210,core,full_factorial
422,architecture,5,main,N0,500,5,2,6,spherical,normal,balanced,0.1,0.0,0,gaussian,0.2,isolated,uniform,2,0.1,20,False,500,49,,,211,220,core,full_factorial
423,architecture,5,main,N0,500,5,2,6,spherical,normal,balanced,0.1,0.0,0,gaussian,0.2,isolated,uniform,2,0.1,20,False,500,49,,,221,230,core,full_factorial
424,architecture,5,main,N0,500,5,2,6,spherical,normal,balanced,0.1,0.0,0,gaussian,0.2,isolated,uniform,2,0.1,20,False,500,49,,,231,240,core,full_factorial
425,architecture,5,main,N0,500,5,2,6,spherical,normal,balanced,0.1,0.0,0,gaussian,0.2,isolated,uniform,2,0.1,20,False,500,49,,,241,250,core,full_factorial
426,architecture,5,main,N0,500,5,2,6,spherical,normal,balanced,0.1,0.0,0,gaussian,0.2,isolated,uniform,2,0.1,20,False,500,49,,,251,260,core,full_factorial
427,architecture,5,main,N0,500,5,2,6,spherical,normal,balanced,0.1,0.0,0,gaussian,0.2,isolated,uniform,2,0.1,20,False,500,49,,,261,270,core,full_factorial
428,architecture,5,main,N0,500,5,2,6,spherical,normal,balanced,0.1,0.0,0,gaussian,0.2,isolated,uniform,2,0.1,20,False,500,49,,,271,280,core,full_factorial
429,architecture,5,main,N0,500,5,2,6,spherical,normal,balanced,0.1,0.0,0,gaussian,0.2,isolated,uniform,2,0.1,20,False,500,49,,,281,290,core,full_factorial
430,architecture,5,main,N0,500,5,2,6,spherical,normal,balanced,0.1,0.0,0,gaussian,0.2,isolated,uniform,2,0.1,20,False,500,49,,,291,300,core,full_factorial
431,architecture,5,main,N0,500,5,2,6,spherical,normal,balanced,0.1,0.0,0,gaussian,0.2,isolated,uniform,2,0.1,20,False,500,49,,,301,310,core,full_factorial
432,architecture,5,main,N0,500,5,2,6,spherical,normal,balanced,0.1,0.0,0,gaussian,0.2,isolated,uniform,2,0.1,20,False,500,49,,,311,320,core,full_factorial
433,architecture,5,main,N0,500,5,2,6,spherical,normal,balanced,0.1,0.0,0,gaussian,0.2,isolated,uniform,2,0.1,20,False,500,49,,,321,330,core,full_factorial
434,architecture,5,main,N0,500,5,2,6,spherical,normal,balanced,0.1,0.0,0,gaussian,0.2,isolated,uniform,2,0.1,20,False,500,49,,,331,340,core,full_factorial
435,architecture,5,main,N0,500,5,2,6,spherical,normal,balanced,0.1,0.0,0,gaussian,0.2,isolated,uniform,2,0.1,20,False,500,49,,,341,350,core,full_factorial
436,architecture,5,main,N0,500,5,2,6,spherical,normal,balanced,0.1,0.0,0,gaussian,0.2,isolated,uniform,2,0.1,20,False,500,49,,,351,360,core,full_factorial
437,architecture,5,main,N0,500,5,2,6,spherical,normal,balanced,0.1,0.0,0,gaussian,0.2,isolated,uniform,2,0.1,20,False,500,49,,,361,370,core,full_factorial
438,architecture,5,main,N0,500,5,2,6,spherical,normal,balanced,0.1,0.0,0,gaussian,0.2,isolated,uniform,2,0.1,20,False,500,49,,,371,380,core,full_factorial
439,architecture,5,main,N0,500,5,2,6,spherical,normal,balanced,0.1,0.0,0,gaussian,0.2,isolated,uniform,2,0.1,20,False,500,49,,,381,390,core,full_factorial
440,architecture,5,main,N0,500,5,2,6,spherical,normal,balanced,0.1,0.0,0,gaussian,0.2,isolated,uniform,2,0.1,20,False,500,49,,,391,400,core,full_factorial
441,architecture,5,main,N0,500,5,2,6,spherical,normal,balanced,0.1,0.0,0,gaussian,0.2,isolated,uniform,2,0.1,20,False,500,49,,,401,410,core,full_factorial
442,architecture,5,main,N0,500,5,2,6,spherical,normal,balanced,0.1,0.0,0,gaussian,0.2,isolated,uniform,2,0.1,20,False,500,49,,,411,420,core,full_factorial
443,architecture,5,main,N0,500,5,2,6,spherical,normal,balanced,0.1,0.0,0,gaussian,0.2,isolated,uniform,2,0.1,20,False,500,49,,,421,430,core,full_factorial
444,architecture,5,main,N0,500,5,2,6,spherical,normal,balanced,0.1,0.0,0,gaussian,0.2,isolated,uniform,2,0.1,20,False,500,49,,,431,440,core,full_factorial
445,architecture,5,main,N0,500,5,2,6,spherical,normal,balanced,0.1,0.0,0,gaussian,0.2,isolated,uniform,2,0.1,20,False,500,49,,,441,450,core,full_factorial
446,architecture,5,main,N0,500,5,2,6,spherical,normal,balanced,0.1,0.0,0,gaussian,0.2,isolated,uniform,2,0.1,20,False,500,49,,,451,460,core,full_factorial
447,architecture,5,main,N0,500,5,2,6,spherical,normal,balanced,0.1,0.0,0,gaussian,0.2,isolated,uniform,2,0.1,20,False,500,49,,,461,470,core,full_factorial
448,architecture,5,main,N0,500,5,2,6,spherical,normal,balanced,0.1,0.0,0,gaussian,0.2,isolated,uniform,2,0.1,20,False,500,49,,,471,480,core,full_factorial
449,architecture,5,main,N0,500,5,2,6,spherical,normal,balanced,0.1,0.0,0,gaussian,0.2,isolated,uniform,2,0.1,20,False,500,49,,,481,490,core,full_factorial
450,architecture,5,main,N0,500,5,2,6,spherical,normal,balanced,0.1,0.0,0,gaussian,0.2,isolated,uniform,2,0.1,20,False,500,49,,,491,500,core,full_factorial
451,architecture,5,main,N0,500,5,2,6,spherical,normal,balanced,0.1,0.0,0,gaussian,0.2,isolated,uniform,2,0.1,20,False,500,49,,,501,510,core,full_factorial
452,architecture,5,main,N0,500,5,2,6,spherical,normal,balanced,0.1,0.0,0,gaussian,0.2,isolated,uniform,2,0.1,20,False,500,49,,,511,520,core,full_factorial
453,architecture,5,main,N0,500,5,2,6,spherical,normal,balanced,0.1,0.0,0,gaussian,0.2,isolated,uniform,2,0.1,20,False,500,49,,,521,530,core,full_factorial
454,architecture,5,main,N0,500,5,2,6,spherical,normal,balanced,0.1,0.0,0,gaussian,0.2,isolated,uniform,2,0.1,20,False,500,49,,,531,540,core,full_factorial
455,architecture,5,main,N0,500,5,2,6,spherical,normal,balanced,0.1,0.0,0,gaussian,0.2,isolated,uniform,2,0.1,20,False,500,49,,,541,550,core,full_factorial
456,architecture,5,main,N0,500,5,2,6,spherical,normal,balanced,0.1,0.0,0,gaussian,0.2,isolated,uniform,2,0.1,20,False,500,49,,,551,560,core,full_factorial
457,architecture,5,main,N0,500,5,2,6,spherical,normal,balanced,0.1,0.0,0,gaussian,0.2,isolated,uniform,2,0.1,20,False,500,49,,,561,570,core,full_factorial
458,architecture,5,main,N0,500,5,2,6,spherical,normal,balanced,0.1,0.0,0,gaussian,0.2,isolated,uniform,2,0.1,20,False,500,49,,,571,580,core,full_factorial
459,architecture,5,main,N0,500,5,2,6,spherical,normal,balanced,0.1,0.0,0,gaussian,0.2,isolated,uniform,2,0.1,20,False,500,49,,,581,590,core,full_factorial
460,architecture,5,main,N0,500,5,2,6,spherical,normal,balanced,0.1,0.0,0,gaussian,0.2,isolated,uniform,2,0.1,20,False,500,49,,,591,600,core,full_factorial
461,architecture,5,main,N0,500,5,2,6,spherical,normal,balanced,0.1,0.0,0,gaussian,0.2,isolated,uniform,2,0.1,20,False,500,49,,,601,610,core,full_factorial
462,architecture,5,main,N0,500,5,2,6,spherical,normal,balanced,0.1,0.0,0,gaussian,0.2,isolated,uniform,2,0.1,20,False,500,49,,,611,620,core,full_factorial
463,architecture,5,main,N0,500,5,2,6,spherical,normal,balanced,0.1,0.0,0,gaussian,0.2,isolated,uniform,2,0.1,20,False,500,49,,,621,630,core,full_factorial
464,architecture,5,main,N0,500,5,2,6,spherical,normal,balanced,0.1,0.0,0,gaussian,0.2,isolated,uniform,2,0.1,20,False,500,49,,,631,640,core,full_factorial
465,architecture,5,main,N0,500,5,2,6,spherical,normal,balanced,0.1,0.0,0,gaussian,0.2,isolated,uniform,2,0.1,20,False,500,49,,,641,650,core,full_factorial
466,architecture,5,main,N0,500,5,2,6,spherical,normal,balanced,0.1,0.0,0,gaussian,0.2,isolated,uniform,2,0.1,20,False,500,49,,,651,660,core,full_factorial
467,architecture,5,main,N0,500,5,2,6,spherical,normal,balanced,0.1,0.0,0,gaussian,0.2,isolated,uniform,2,0.1,20,False,500,49,,,661,670,core,full_factorial
468,architecture,5,main,N0,500,5,2,6,spherical,normal,balanced,0.1,0.0,0,gaussian,0.2,isolated,uniform,2,0.1,20,False,500,49,,,671,680,core,full_factorial
469,architecture,5,main,N0,500,5,2,6,spherical,normal,balanced,0.1,0.0,0,gaussian,0.2,isolated,uniform,2,0.1,20,False,500,49,,,681,690,core,full_factorial
470,architecture,5,main,N0,500,5,2,6,spherical,normal,balanced,0.1,0.0,0,gaussian,0.2,isolated,uniform,2,0.1,20,False,500,49,,,691,700,core,full_factorial
471,architecture,5,main,N0,500,5,2,6,spherical,normal,balanced,0.1,0.0,0,gaussian,0.2,isolated,uniform,2,0.1,20,False,500,49,,,701,710,core,full_factorial
472,architecture,5,main,N0,500,5,2,6,spherical,normal,balanced,0.1,0.0,0,gaussian,0.2,isolated,uniform,2,0.1,20,False,500,49,,,711,720,core,full_factorial
473,architecture,5,main,N0,500,5,2,6,spherical,normal,balanced,0.1,0.0,0,gaussian,0.2,isolated,uniform,2,0.1,20,False,500,49,,,721,730,core,full_factorial
474,architecture,5,main,N0,500,5,2,6,spherical,normal,balanced,0.1,0.0,0,gaussian,0.2,isolated,uniform,2,0.1,20,False,500,49,,,731,740,core,full_factorial
475,architecture,5,main,N0,500,5,2,6,spherical,normal,balanced,0.1,0.0,0,gaussian,0.2,isolated,uniform,2,0.1,20,False,500,49,,,741,750,core,full_factorial
476,architecture,5,main,N0,500,5,2,6,spherical,normal,balanced,0.1,0.0,0,gaussian,0.2,isolated,uniform,2,0.1,20,False,500,49,,,751,760,core,full_factorial
477,architecture,5,main,N0,500,5,2,6,spherical,normal,balanced,0.1,0.0,0,gaussian,0.2,isolated,uniform,2,0.1,20,False,500,49,,,761,770,core,full_factorial
478,architecture,5,main,N0,500,5,2,6,spherical,normal,balanced,0.1,0.0,0,gaussian,0.2,isolated,uniform,2,0.1,20,False,500,49,,,771,780,core,full_factorial
479,architecture,5,main,N0,500,5,2,6,spherical,normal,balanced,0.1,0.0,0,gaussian,0.2,isolated,uniform,2,0.1,20,False,500,49,,,781,790,core,full_factorial
480,architecture,5,main,N0,500,5,2,6,spherical,normal,balanced,0.1,0.0,0,gaussian,0.2,isolated,uniform,2,0.1,20,False,500,49,,,791,800,core,full_factorial
481,architecture,5,main,N0,500,5,2,6,spherical,normal,balanced,0.1,0.0,0,gaussian,0.2,isolated,uniform,2,0.1,20,False,500,49,,,801,810,core,full_factorial
482,architecture,5,main,N0,500,5,2,6,spherical,normal,balanced,0.1,0.0,0,gaussian,0.2,isolated,uniform,2,0.1,20,False,500,49,,,811,820,core,full_factorial
483,architecture,5,main,N0,500,5,2,6,spherical,normal,balanced,0.1,0.0,0,gaussian,0.2,isolated,uniform,2,0.1,20,False,500,49,,,821,830,core,full_factorial
484,architecture,5,main,N0,500,5,2,6,spherical,normal,balanced,0.1,0.0,0,gaussian,0.2,isolated,uniform,2,0.1,20,False,500,49,,,831,840,core,full_factorial
485,architecture,5,main,N0,500,5,2,6,spherical,normal,balanced,0.1,0.0,0,gaussian,0.2,isolated,uniform,2,0.1,20,False,500,49,,,841,850,core,full_factorial
486,architecture,5,main,N0,500,5,2,6,spherical,normal,balanced,0.1,0.0,0,gaussian,0.2,isolated,uniform,2,0.1,20,False,500,49,,,851,860,core,full_factorial
487,architecture,5,main,N0,500,5,2,6,spherical,normal,balanced,0.1,0.0,0,gaussian,0.2,isolated,uniform,2,0.1,20,False,500,49,,,861,870,core,full_factorial
488,architecture,5,main,N0,500,5,2,6,spherical,normal,balanced,0.1,0.0,0,gaussian,0.2,isolated,uniform,2,0.1,20,False,500,49,,,871,880,core,full_factorial
489,architecture,5,main,N0,500,5,2,6,spherical,normal,balanced,0.1,0.0,0,gaussian,0.2,isolated,uniform,2,0.1,20,False,500,49,,,881,890,core,full_factorial
490,architecture,5,main,N0,500,5,2,6,spherical,normal,balanced,0.1,0.0,0,gaussian,0.2,isolated,uniform,2,0.1,20,False,500,49,,,891,900,core,full_factorial
491,architecture,5,main,N0,500,5,2,6,spherical,normal,balanced,0.1,0.0,0,gaussian,0.2,isolated,uniform,2,0.1,20,False,500,49,,,901,910,core,full_factorial
492,architecture,5,main,N0,500,5,2,6,spherical,normal,balanced,0.1,0.0,0,gaussian,0.2,isolated,uniform,2,0.1,20,False,500,49,,,911,920,core,full_factorial
493,architecture,5,main,N0,500,5,2,6,spherical,normal,balanced,0.1,0.0,0,gaussian,0.2,isolated,uniform,2,0.1,20,False,500,49,,,921,930,core,full_factorial
494,architecture,5,main,N0,500,5,2,6,spherical,normal,balanced,0.1,0.0,0,gaussian,0.2,isolated,uniform,2,0.1,20,False,500,49,,,931,940,core,full_factorial
495,architecture,5,main,N0,500,5,2,6,spherical,normal,balanced,0.1,0.0,0,gaussian,0.2,isolated,uniform,2,0.1,20,False,500,49,,,941,950,core,full_factorial
496,architecture,5,main,N0,500,5,2,6,spherical,normal,balanced,0.1,0.0,0,gaussian,0.2,isolated,uniform,2,0.1,20,False,500,49,,,951,960,core,full_factorial
497,architecture,5,main,N0,500,5,2,6,spherical,normal,balanced,0.1,0.0,0,gaussian,0.2,isolated,uniform,2,0.1,20,False,500,49,,,961,970,core,full_factorial
498,architecture,5,main,N0,500,5,2,6,spherical,normal,balanced,0.1,0.0,0,gaussian,0.2,isolated,uniform,2,0.1,20,False,500,49,,,971,980,core,full_factorial
499,architecture,5,main,N0,500,5,2,6,spherical,normal,balanced,0.1,0.0,0,gaussian,0.2,isolated,uniform,2,0.1,20,False,500,49,,,981,990,core,full_factorial
500,architecture,5,main,N0,500,5,2,6,spherical,normal,balanced,0.1,0.0,0,gaussian,0.2,isolated,uniform,2,0.1,20,False,500,49,,,991,1000,core,full_factorial
501,architecture,6,main,N0,500,5,2,10,spherical,normal,balanced,0.1,0.0,0,gaussian,0.2,isolated,uniform,2,0.1,20,False,500,49,,,1,10,core,full_factorial
502,architecture,6,main,N0,500,5,2,10,spherical,normal,balanced,0.1,0.0,0,gaussian,0.2,isolated,uniform,2,0.1,20,False,500,49,,,11,20,core,full_factorial
503,architecture,6,main,N0,500,5,2,10,spherical,normal,balanced,0.1,0.0,0,gaussian,0.2,isolated,uniform,2,0.1,20,False,500,49,,,21,30,core,full_factorial
504,architecture,6,main,N0,500,5,2,10,spherical,normal,balanced,0.1,0.0,0,gaussian,0.2,isolated,uniform,2,0.1,20,False,500,49,,,31,40,core,full_factorial
505,architecture,6,main,N0,500,5,2,10,spherical,normal,balanced,0.1,0.0,0,gaussian,0.2,isolated,uniform,2,0.1,20,False,500,49,,,41,50,core,full_factorial
506,architecture,6,main,N0,500,5,2,10,spherical,normal,balanced,0.1,0.0,0,gaussian,0.2,isolated,uniform,2,0.1,20,False,500,49,,,51,60,core,full_factorial
507,architecture,6,main,N0,500,5,2,10,spherical,normal,balanced,0.1,0.0,0,gaussian,0.2,isolated,uniform,2,0.1,20,False,500,49,,,61,70,core,full_factorial
508,architecture,6,main,N0,500,5,2,10,spherical,normal,balanced,0.1,0.0,0,gaussian,0.2,isolated,uniform,2,0.1,20,False,500,49,,,71,80,core,full_factorial
509,architecture,6,main,N0,500,5,2,10,spherical,normal,balanced,0.1,0.0,0,gaussian,0.2,isolated,uniform,2,0.1,20,False,500,49,,,81,90,core,full_factorial
510,architecture,6,main,N0,500,5,2,10,spherical,normal,balanced,0.1,0.0,0,gaussian,0.2,isolated,uniform,2,0.1,20,False,500,49,,,91,100,core,full_factorial
511,architecture,6,main,N0,500,5,2,10,spherical,normal,balanced,0.1,0.0,0,gaussian,0.2,isolated,uniform,2,0.1,20,False,500,49,,,101,110,core,full_factorial
512,architecture,6,main,N0,500,5,2,10,spherical,normal,balanced,0.1,0.0,0,gaussian,0.2,isolated,uniform,2,0.1,20,False,500,49,,,111,120,core,full_factorial
513,architecture,6,main,N0,500,5,2,10,spherical,normal,balanced,0.1,0.0,0,gaussian,0.2,isolated,uniform,2,0.1,20,False,500,49,,,121,130,core,full_factorial
514,architecture,6,main,N0,500,5,2,10,spherical,normal,balanced,0.1,0.0,0,gaussian,0.2,isolated,uniform,2,0.1,20,False,500,49,,,131,140,core,full_factorial
515,architecture,6,main,N0,500,5,2,10,spherical,normal,balanced,0.1,0.0,0,gaussian,0.2,isolated,uniform,2,0.1,20,False,500,49,,,141,150,core,full_factorial
516,architecture,6,main,N0,500,5,2,10,spherical,normal,balanced,0.1,0.0,0,gaussian,0.2,isolated,uniform,2,0.1,20,False,500,49,,,151,160,core,full_factorial
517,architecture,6,main,N0,500,5,2,10,spherical,normal,balanced,0.1,0.0,0,gaussian,0.2,isolated,uniform,2,0.1,20,False,500,49,,,161,170,core,full_factorial
518,architecture,6,main,N0,500,5,2,10,spherical,normal,balanced,0.1,0.0,0,gaussian,0.2,isolated,uniform,2,0.1,20,False,500,49,,,171,180,core,full_factorial
519,architecture,6,main,N0,500,5,2,10,spherical,normal,balanced,0.1,0.0,0,gaussian,0.2,isolated,uniform,2,0.1,20,False,500,49,,,181,190,core,full_factorial
520,architecture,6,main,N0,500,5,2,10,spherical,normal,balanced,0.1,0.0,0,gaussian,0.2,isolated,uniform,2,0.1,20,False,500,49,,,191,200,core,full_factorial
521,architecture,6,main,N0,500,5,2,10,spherical,normal,balanced,0.1,0.0,0,gaussian,0.2,isolated,uniform,2,0.1,20,False,500,49,,,201,210,core,full_factorial
522,architecture,6,main,N0,500,5,2,10,spherical,normal,balanced,0.1,0.0,0,gaussian,0.2,isolated,uniform,2,0.1,20,False,500,49,,,211,220,core,full_factorial
523,architecture,6,main,N0,500,5,2,10,spherical,normal,balanced,0.1,0.0,0,gaussian,0.2,isolated,uniform,2,0.1,20,False,500,49,,,221,230,core,full_factorial
524,architecture,6,main,N0,500,5,2,10,spherical,normal,balanced,0.1,0.0,0,gaussian,0.2,isolated,uniform,2,0.1,20,False,500,49,,,231,240,core,full_factorial
525,architecture,6,main,N0,500,5,2,10,spherical,normal,balanced,0.1,0.0,0,gaussian,0.2,isolated,uniform,2,0.1,20,False,500,49,,,241,250,core,full_factorial
526,architecture,6,main,N0,500,5,2,10,spherical,normal,balanced,0.1,0.0,0,gaussian,0.2,isolated,uniform,2,0.1,20,False,500,49,,,251,260,core,full_factorial
527,architecture,6,main,N0,500,5,2,10,spherical,normal,balanced,0.1,0.0,0,gaussian,0.2,isolated,uniform,2,0.1,20,False,500,49,,,261,270,core,full_factorial
528,architecture,6,main,N0,500,5,2,10,spherical,normal,balanced,0.1,0.0,0,gaussian,0.2,isolated,uniform,2,0.1,20,False,500,49,,,271,280,core,full_factorial
529,architecture,6,main,N0,500,5,2,10,spherical,normal,balanced,0.1,0.0,0,gaussian,0.2,isolated,uniform,2,0.1,20,False,500,49,,,281,290,core,full_factorial
530,architecture,6,main,N0,500,5,2,10,spherical,normal,balanced,0.1,0.0,0,gaussian,0.2,isolated,uniform,2,0.1,20,False,500,49,,,291,300,core,full_factorial
531,architecture,6,main,N0,500,5,2,10,spherical,normal,balanced,0.1,0.0,0,gaussian,0.2,isolated,uniform,2,0.1,20,False,500,49,,,301,310,core,full_factorial
532,architecture,6,main,N0,500,5,2,10,spherical,normal,balanced,0.1,0.0,0,gaussian,0.2,isolated,uniform,2,0.1,20,False,500,49,,,311,320,core,full_factorial
533,architecture,6,main,N0,500,5,2,10,spherical,normal,balanced,0.1,0.0,0,gaussian,0.2,isolated,uniform,2,0.1,20,False,500,49,,,321,330,core,full_factorial
534,architecture,6,main,N0,500,5,2,10,spherical,normal,balanced,0.1,0.0,0,gaussian,0.2,isolated,uniform,2,0.1,20,False,500,49,,,331,340,core,full_factorial
535,architecture,6,main,N0,500,5,2,10,spherical,normal,balanced,0.1,0.0,0,gaussian,0.2,isolated,uniform,2,0.1,20,False,500,49,,,341,350,core,full_factorial
536,architecture,6,main,N0,500,5,2,10,spherical,normal,balanced,0.1,0.0,0,gaussian,0.2,isolated,uniform,2,0.1,20,False,500,49,,,351,360,core,full_factorial
537,architecture,6,main,N0,500,5,2,10,spherical,normal,balanced,0.1,0.0,0,gaussian,0.2,isolated,uniform,2,0.1,20,False,500,49,,,361,370,core,full_factorial
538,architecture,6,main,N0,500,5,2,10,spherical,normal,balanced,0.1,0.0,0,gaussian,0.2,isolated,uniform,2,0.1,20,False,500,49,,,371,380,core,full_factorial
539,architecture,6,main,N0,500,5,2,10,spherical,normal,balanced,0.1,0.0,0,gaussian,0.2,isolated,uniform,2,0.1,20,False,500,49,,,381,390,core,full_factorial
540,architecture,6,main,N0,500,5,2,10,spherical,normal,balanced,0.1,0.0,0,gaussian,0.2,isolated,uniform,2,0.1,20,False,500,49,,,391,400,core,full_factorial
541,architecture,6,main,N0,500,5,2,10,spherical,normal,balanced,0.1,0.0,0,gaussian,0.2,isolated,uniform,2,0.1,20,False,500,49,,,401,410,core,full_factorial
542,architecture,6,main,N0,500,5,2,10,spherical,normal,balanced,0.1,0.0,0,gaussian,0.2,isolated,uniform,2,0.1,20,False,500,49,,,411,420,core,full_factorial
543,architecture,6,main,N0,500,5,2,10,spherical,normal,balanced,0.1,0.0,0,gaussian,0.2,isolated,uniform,2,0.1,20,False,500,49,,,421,430,core,full_factorial
544,architecture,6,main,N0,500,5,2,10,spherical,normal,balanced,0.1,0.0,0,gaussian,0.2,isolated,uniform,2,0.1,20,False,500,49,,,431,440,core,full_factorial
545,architecture,6,main,N0,500,5,2,10,spherical,normal,balanced,0.1,0.0,0,gaussian,0.2,isolated,uniform,2,0.1,20,False,500,49,,,441,450,core,full_factorial
546,architecture,6,main,N0,500,5,2,10,spherical,normal,balanced,0.1,0.0,0,gaussian,0.2,isolated,uniform,2,0.1,20,False,500,49,,,451,460,core,full_factorial
547,architecture,6,main,N0,500,5,2,10,spherical,normal,balanced,0.1,0.0,0,gaussian,0.2,isolated,uniform,2,0.1,20,False,500,49,,,461,470,core,full_factorial
548,architecture,6,main,N0,500,5,2,10,spherical,normal,balanced,0.1,0.0,0,gaussian,0.2,isolated,uniform,2,0.1,20,False,500,49,,,471,480,core,full_factorial
549,architecture,6,main,N0,500,5,2,10,spherical,normal,balanced,0.1,0.0,0,gaussian,0.2,isolated,uniform,2,0.1,20,False,500,49,,,481,490,core,full_factorial
550,architecture,6,main,N0,500,5,2,10,spherical,normal,balanced,0.1,0.0,0,gaussian,0.2,isolated,uniform,2,0.1,20,False,500,49,,,491,500,core,full_factorial
551,architecture,6,main,N0,500,5,2,10,spherical,normal,balanced,0.1,0.0,0,gaussian,0.2,isolated,uniform,2,0.1,20,False,500,49,,,501,510,core,full_factorial
552,architecture,6,main,N0,500,5,2,10,spherical,normal,balanced,0.1,0.0,0,gaussian,0.2,isolated,uniform,2,0.1,20,False,500,49,,,511,520,core,full_factorial
553,architecture,6,main,N0,500,5,2,10,spherical,normal,balanced,0.1,0.0,0,gaussian,0.2,isolated,uniform,2,0.1,20,False,500,49,,,521,530,core,full_factorial
554,architecture,6,main,N0,500,5,2,10,spherical,normal,balanced,0.1,0.0,0,gaussian,0.2,isolated,uniform,2,0.1,20,False,500,49,,,531,540,core,full_factorial
555,architecture,6,main,N0,500,5,2,10,spherical,normal,balanced,0.1,0.0,0,gaussian,0.2,isolated,uniform,2,0.1,20,False,500,49,,,541,550,core,full_factorial
556,architecture,6,main,N0,500,5,2,10,spherical,normal,balanced,0.1,0.0,0,gaussian,0.2,isolated,uniform,2,0.1,20,False,500,49,,,551,560,core,full_factorial
557,architecture,6,main,N0,500,5,2,10,spherical,normal,balanced,0.1,0.0,0,gaussian,0.2,isolated,uniform,2,0.1,20,False,500,49,,,561,570,core,full_factorial
558,architecture,6,main,N0,500,5,2,10,spherical,normal,balanced,0.1,0.0,0,gaussian,0.2,isolated,uniform,2,0.1,20,False,500,49,,,571,580,core,full_factorial
559,architecture,6,main,N0,500,5,2,10,spherical,normal,balanced,0.1,0.0,0,gaussian,0.2,isolated,uniform,2,0.1,20,False,500,49,,,581,590,core,full_factorial
560,architecture,6,main,N0,500,5,2,10,spherical,normal,balanced,0.1,0.0,0,gaussian,0.2,isolated,uniform,2,0.1,20,False,500,49,,,591,600,core,full_factorial
561,architecture,6,main,N0,500,5,2,10,spherical,normal,balanced,0.1,0.0,0,gaussian,0.2,isolated,uniform,2,0.1,20,False,500,49,,,601,610,core,full_factorial
562,architecture,6,main,N0,500,5,2,10,spherical,normal,balanced,0.1,0.0,0,gaussian,0.2,isolated,uniform,2,0.1,20,False,500,49,,,611,620,core,full_factorial
563,architecture,6,main,N0,500,5,2,10,spherical,normal,balanced,0.1,0.0,0,gaussian,0.2,isolated,uniform,2,0.1,20,False,500,49,,,621,630,core,full_factorial
564,architecture,6,main,N0,500,5,2,10,spherical,normal,balanced,0.1,0.0,0,gaussian,0.2,isolated,uniform,2,0.1,20,False,500,49,,,631,640,core,full_factorial
565,architecture,6,main,N0,500,5,2,10,spherical,normal,balanced,0.1,0.0,0,gaussian,0.2,isolated,uniform,2,0.1,20,False,500,49,,,641,650,core,full_factorial
566,architecture,6,main,N0,500,5,2,10,spherical,normal,balanced,0.1,0.0,0,gaussian,0.2,isolated,uniform,2,0.1,20,False,500,49,,,651,660,core,full_factorial
567,architecture,6,main,N0,500,5,2,10,spherical,normal,balanced,0.1,0.0,0,gaussian,0.2,isolated,uniform,2,0.1,20,False,500,49,,,661,670,core,full_factorial
568,architecture,6,main,N0,500,5,2,10,spherical,normal,balanced,0.1,0.0,0,gaussian,0.2,isolated,uniform,2,0.1,20,False,500,49,,,671,680,core,full_factorial
569,architecture,6,main,N0,500,5,2,10,spherical,normal,balanced,0.1,0.0,0,gaussian,0.2,isolated,uniform,2,0.1,20,False,500,49,,,681,690,core,full_factorial
570,architecture,6,main,N0,500,5,2,10,spherical,normal,balanced,0.1,0.0,0,gaussian,0.2,isolated,uniform,2,0.1,20,False,500,49,,,691,700,core,full_factorial
571,architecture,6,main,N0,500,5,2,10,spherical,normal,balanced,0.1,0.0,0,gaussian,0.2,isolated,uniform,2,0.1,20,False,500,49,,,701,710,core,full_factorial
572,architecture,6,main,N0,500,5,2,10,spherical,normal,balanced,0.1,0.0,0,gaussian,0.2,isolated,uniform,2,0.1,20,False,500,49,,,711,720,core,full_factorial
573,architecture,6,main,N0,500,5,2,10,spherical,normal,balanced,0.1,0.0,0,gaussian,0.2,isolated,uniform,2,0.1,20,False,500,49,,,721,730,core,full_factorial
574,architecture,6,main,N0,500,5,2,10,spherical,normal,balanced,0.1,0.0,0,gaussian,0.2,isolated,uniform,2,0.1,20,False,500,49,,,731,740,core,full_factorial
575,architecture,6,main,N0,500,5,2,10,spherical,normal,balanced,0.1,0.0,0,gaussian,0.2,isolated,uniform,2,0.1,20,False,500,49,,,741,750,core,full_factorial
576,architecture,6,main,N0,500,5,2,10,spherical,normal,balanced,0.1,0.0,0,gaussian,0.2,isolated,uniform,2,0.1,20,False,500,49,,,751,760,core,full_factorial
577,architecture,6,main,N0,500,5,2,10,spherical,normal,balanced,0.1,0.0,0,gaussian,0.2,isolated,uniform,2,0.1,20,False,500,49,,,761,770,core,full_factorial
578,architecture,6,main,N0,500,5,2,10,spherical,normal,balanced,0.1,0.0,0,gaussian,0.2,isolated,uniform,2,0.1,20,False,500,49,,,771,780,core,full_factorial
579,architecture,6,main,N0,500,5,2,10,spherical,normal,balanced,0.1,0.0,0,gaussian,0.2,isolated,uniform,2,0.1,20,False,500,49,,,781,790,core,full_factorial
580,architecture,6,main,N0,500,5,2,10,spherical,normal,balanced,0.1,0.0,0,gaussian,0.2,isolated,uniform,2,0.1,20,False,500,49,,,791,800,core,full_factorial
581,architecture,6,main,N0,500,5,2,10,spherical,normal,balanced,0.1,0.0,0,gaussian,0.2,isolated,uniform,2,0.1,20,False,500,49,,,801,810,core,full_factorial
582,architecture,6,main,N0,500,5,2,10,spherical,normal,balanced,0.1,0.0,0,gaussian,0.2,isolated,uniform,2,0.1,20,False,500,49,,,811,820,core,full_factorial
583,architecture,6,main,N0,500,5,2,10,spherical,normal,balanced,0.1,0.0,0,gaussian,0.2,isolated,uniform,2,0.1,20,False,500,49,,,821,830,core,full_factorial
584,architecture,6,main,N0,500,5,2,10,spherical,normal,balanced,0.1,0.0,0,gaussian,0.2,isolated,uniform,2,0.1,20,False,500,49,,,831,840,core,full_factorial
585,architecture,6,main,N0,500,5,2,10,spherical,normal,balanced,0.1,0.0,0,gaussian,0.2,isolated,uniform,2,0.1,20,False,500,49,,,841,850,core,full_factorial
586,architecture,6,main,N0,500,5,2,10,spherical,normal,balanced,0.1,0.0,0,gaussian,0.2,isolated,uniform,2,0.1,20,False,500,49,,,851,860,core,full_factorial
587,architecture,6,main,N0,500,5,2,10,spherical,normal,balanced,0.1,0.0,0,gaussian,0.2,isolated,uniform,2,0.1,20,False,500,49,,,861,870,core,full_factorial
588,architecture,6,main,N0,500,5,2,10,spherical,normal,balanced,0.1,0.0,0,gaussian,0.2,isolated,uniform,2,0.1,20,False,500,49,,,871,880,core,full_factorial
589,architecture,6,main,N0,500,5,2,10,spherical,normal,balanced,0.1,0.0,0,gaussian,0.2,isolated,uniform,2,0.1,20,False,500,49,,,881,890,core,full_factorial
590,architecture,6,main,N0,500,5,2,10,spherical,normal,balanced,0.1,0.0,0,gaussian,0.2,isolated,uniform,2,0.1,20,False,500,49,,,891,900,core,full_factorial
591,architecture,6,main,N0,500,5,2,10,spherical,normal,balanced,0.1,0.0,0,gaussian,0.2,isolated,uniform,2,0.1,20,False,500,49,,,901,910,core,full_factorial
592,architecture,6,main,N0,500,5,2,10,spherical,normal,balanced,0.1,0.0,0,gaussian,0.2,isolated,uniform,2,0.1,20,False,500,49,,,911,920,core,full_factorial
593,architecture,6,main,N0,500,5,2,10,spherical,normal,balanced,0.1,0.0,0,gaussian,0.2,isolated,uniform,2,0.1,20,False,500,49,,,921,930,core,full_factorial
594,architecture,6,main,N0,500,5,2,10,spherical,normal,balanced,0.1,0.0,0,gaussian,0.2,isolated,uniform,2,0.1,20,False,500,49,,,931,940,core,full_factorial
595,architecture,6,main,N0,500,5,2,10,spherical,normal,balanced,0.1,0.0,0,gaussian,0.2,isolated,uniform,2,0.1,20,False,500,49,,,941,950,core,full_factorial
596,architecture,6,main,N0,500,5,2,10,spherical,normal,balanced,0.1,0.0,0,gaussian,0.2,isolated,uniform,2,0.1,20,False,500,49,,,951,960,core,full_factorial
597,architecture,6,main,N0,500,5,2,10,spherical,normal,balanced,0.1,0.0,0,gaussian,0.2,isolated,uniform,2,0.1,20,False,500,49,,,961,970,core,full_factorial
598,architecture,6,main,N0,500,5,2,10,spherical,normal,balanced,0.1,0.0,0,gaussian,0.2,isolated,uniform,2,0.1,20,False,500,49,,,971,980,core,full_factorial
599,architecture,6,main,N0,500,5,2,10,spherical,normal,balanced,0.1,0.0,0,gaussian,0.2,isolated,uniform,2,0.1,20,False,500,49,,,981,990,core,full_factorial
600,architecture,6,main,N0,500,5,2,10,spherical,normal,balanced,0.1,0.0,0,gaussian,0.2,isolated,uniform,2,0.1,20,False,500,49,,,991,1000,core,full_factorial
601,architecture,7,main,N0,500,5,2,6,elliptical,normal,balanced,0.1,0.0,0,gaussian,0.2,isolated,uniform,2,0.1,20,False,500,49,,,1,10,core,full_factorial
602,architecture,7,main,N0,500,5,2,6,elliptical,normal,balanced,0.1,0.0,0,gaussian,0.2,isolated,uniform,2,0.1,20,False,500,49,,,11,20,core,full_factorial
603,architecture,7,main,N0,500,5,2,6,elliptical,normal,balanced,0.1,0.0,0,gaussian,0.2,isolated,uniform,2,0.1,20,False,500,49,,,21,30,core,full_factorial
604,architecture,7,main,N0,500,5,2,6,elliptical,normal,balanced,0.1,0.0,0,gaussian,0.2,isolated,uniform,2,0.1,20,False,500,49,,,31,40,core,full_factorial
605,architecture,7,main,N0,500,5,2,6,elliptical,normal,balanced,0.1,0.0,0,gaussian,0.2,isolated,uniform,2,0.1,20,False,500,49,,,41,50,core,full_factorial
606,architecture,7,main,N0,500,5,2,6,elliptical,normal,balanced,0.1,0.0,0,gaussian,0.2,isolated,uniform,2,0.1,20,False,500,49,,,51,60,core,full_factorial
607,architecture,7,main,N0,500,5,2,6,elliptical,normal,balanced,0.1,0.0,0,gaussian,0.2,isolated,uniform,2,0.1,20,False,500,49,,,61,70,core,full_factorial
608,architecture,7,main,N0,500,5,2,6,elliptical,normal,balanced,0.1,0.0,0,gaussian,0.2,isolated,uniform,2,0.1,20,False,500,49,,,71,80,core,full_factorial
609,architecture,7,main,N0,500,5,2,6,elliptical,normal,balanced,0.1,0.0,0,gaussian,0.2,isolated,uniform,2,0.1,20,False,500,49,,,81,90,core,full_factorial
610,architecture,7,main,N0,500,5,2,6,elliptical,normal,balanced,0.1,0.0,0,gaussian,0.2,isolated,uniform,2,0.1,20,False,500,49,,,91,100,core,full_factorial
611,architecture,7,main,N0,500,5,2,6,elliptical,normal,balanced,0.1,0.0,0,gaussian,0.2,isolated,uniform,2,0.1,20,False,500,49,,,101,110,core,full_factorial
612,architecture,7,main,N0,500,5,2,6,elliptical,normal,balanced,0.1,0.0,0,gaussian,0.2,isolated,uniform,2,0.1,20,False,500,49,,,111,120,core,full_factorial
613,architecture,7,main,N0,500,5,2,6,elliptical,normal,balanced,0.1,0.0,0,gaussian,0.2,isolated,uniform,2,0.1,20,False,500,49,,,121,130,core,full_factorial
614,architecture,7,main,N0,500,5,2,6,elliptical,normal,balanced,0.1,0.0,0,gaussian,0.2,isolated,uniform,2,0.1,20,False,500,49,,,131,140,core,full_factorial
615,architecture,7,main,N0,500,5,2,6,elliptical,normal,balanced,0.1,0.0,0,gaussian,0.2,isolated,uniform,2,0.1,20,False,500,49,,,141,150,core,full_factorial
616,architecture,7,main,N0,500,5,2,6,elliptical,normal,balanced,0.1,0.0,0,gaussian,0.2,isolated,uniform,2,0.1,20,False,500,49,,,151,160,core,full_factorial
617,architecture,7,main,N0,500,5,2,6,elliptical,normal,balanced,0.1,0.0,0,gaussian,0.2,isolated,uniform,2,0.1,20,False,500,49,,,161,170,core,full_factorial
618,architecture,7,main,N0,500,5,2,6,elliptical,normal,balanced,0.1,0.0,0,gaussian,0.2,isolated,uniform,2,0.1,20,False,500,49,,,171,180,core,full_factorial
619,architecture,7,main,N0,500,5,2,6,elliptical,normal,balanced,0.1,0.0,0,gaussian,0.2,isolated,uniform,2,0.1,20,False,500,49,,,181,190,core,full_factorial
620,architecture,7,main,N0,500,5,2,6,elliptical,normal,balanced,0.1,0.0,0,gaussian,0.2,isolated,uniform,2,0.1,20,False,500,49,,,191,200,core,full_factorial
621,architecture,7,main,N0,500,5,2,6,elliptical,normal,balanced,0.1,0.0,0,gaussian,0.2,isolated,uniform,2,0.1,20,False,500,49,,,201,210,core,full_factorial
622,architecture,7,main,N0,500,5,2,6,elliptical,normal,balanced,0.1,0.0,0,gaussian,0.2,isolated,uniform,2,0.1,20,False,500,49,,,211,220,core,full_factorial
623,architecture,7,main,N0,500,5,2,6,elliptical,normal,balanced,0.1,0.0,0,gaussian,0.2,isolated,uniform,2,0.1,20,False,500,49,,,221,230,core,full_factorial
624,architecture,7,main,N0,500,5,2,6,elliptical,normal,balanced,0.1,0.0,0,gaussian,0.2,isolated,uniform,2,0.1,20,False,500,49,,,231,240,core,full_factorial
625,architecture,7,main,N0,500,5,2,6,elliptical,normal,balanced,0.1,0.0,0,gaussian,0.2,isolated,uniform,2,0.1,20,False,500,49,,,241,250,core,full_factorial
626,architecture,7,main,N0,500,5,2,6,elliptical,normal,balanced,0.1,0.0,0,gaussian,0.2,isolated,uniform,2,0.1,20,False,500,49,,,251,260,core,full_factorial
627,architecture,7,main,N0,500,5,2,6,elliptical,normal,balanced,0.1,0.0,0,gaussian,0.2,isolated,uniform,2,0.1,20,False,500,49,,,261,270,core,full_factorial
628,architecture,7,main,N0,500,5,2,6,elliptical,normal,balanced,0.1,0.0,0,gaussian,0.2,isolated,uniform,2,0.1,20,False,500,49,,,271,280,core,full_factorial
629,architecture,7,main,N0,500,5,2,6,elliptical,normal,balanced,0.1,0.0,0,gaussian,0.2,isolated,uniform,2,0.1,20,False,500,49,,,281,290,core,full_factorial
630,architecture,7,main,N0,500,5,2,6,elliptical,normal,balanced,0.1,0.0,0,gaussian,0.2,isolated,uniform,2,0.1,20,False,500,49,,,291,300,core,full_factorial
631,architecture,7,main,N0,500,5,2,6,elliptical,normal,balanced,0.1,0.0,0,gaussian,0.2,isolated,uniform,2,0.1,20,False,500,49,,,301,310,core,full_factorial
632,architecture,7,main,N0,500,5,2,6,elliptical,normal,balanced,0.1,0.0,0,gaussian,0.2,isolated,uniform,2,0.1,20,False,500,49,,,311,320,core,full_factorial
633,architecture,7,main,N0,500,5,2,6,elliptical,normal,balanced,0.1,0.0,0,gaussian,0.2,isolated,uniform,2,0.1,20,False,500,49,,,321,330,core,full_factorial
634,architecture,7,main,N0,500,5,2,6,elliptical,normal,balanced,0.1,0.0,0,gaussian,0.2,isolated,uniform,2,0.1,20,False,500,49,,,331,340,core,full_factorial
635,architecture,7,main,N0,500,5,2,6,elliptical,normal,balanced,0.1,0.0,0,gaussian,0.2,isolated,uniform,2,0.1,20,False,500,49,,,341,350,core,full_factorial
636,architecture,7,main,N0,500,5,2,6,elliptical,normal,balanced,0.1,0.0,0,gaussian,0.2,isolated,uniform,2,0.1,20,False,500,49,,,351,360,core,full_factorial
637,architecture,7,main,N0,500,5,2,6,elliptical,normal,balanced,0.1,0.0,0,gaussian,0.2,isolated,uniform,2,0.1,20,False,500,49,,,361,370,core,full_factorial
638,architecture,7,main,N0,500,5,2,6,elliptical,normal,balanced,0.1,0.0,0,gaussian,0.2,isolated,uniform,2,0.1,20,False,500,49,,,371,380,core,full_factorial
639,architecture,7,main,N0,500,5,2,6,elliptical,normal,balanced,0.1,0.0,0,gaussian,0.2,isolated,uniform,2,0.1,20,False,500,49,,,381,390,core,full_factorial
640,architecture,7,main,N0,500,5,2,6,elliptical,normal,balanced,0.1,0.0,0,gaussian,0.2,isolated,uniform,2,0.1,20,False,500,49,,,391,400,core,full_factorial
641,architecture,7,main,N0,500,5,2,6,elliptical,normal,balanced,0.1,0.0,0,gaussian,0.2,isolated,uniform,2,0.1,20,False,500,49,,,401,410,core,full_factorial
642,architecture,7,main,N0,500,5,2,6,elliptical,normal,balanced,0.1,0.0,0,gaussian,0.2,isolated,uniform,2,0.1,20,False,500,49,,,411,420,core,full_factorial
643,architecture,7,main,N0,500,5,2,6,elliptical,normal,balanced,0.1,0.0,0,gaussian,0.2,isolated,uniform,2,0.1,20,False,500,49,,,421,430,core,full_factorial
644,architecture,7,main,N0,500,5,2,6,elliptical,normal,balanced,0.1,0.0,0,gaussian,0.2,isolated,uniform,2,0.1,20,False,500,49,,,431,440,core,full_factorial
645,architecture,7,main,N0,500,5,2,6,elliptical,normal,balanced,0.1,0.0,0,gaussian,0.2,isolated,uniform,2,0.1,20,False,500,49,,,441,450,core,full_factorial
646,architecture,7,main,N0,500,5,2,6,elliptical,normal,balanced,0.1,0.0,0,gaussian,0.2,isolated,uniform,2,0.1,20,False,500,49,,,451,460,core,full_factorial
647,architecture,7,main,N0,500,5,2,6,elliptical,normal,balanced,0.1,0.0,0,gaussian,0.2,isolated,uniform,2,0.1,20,False,500,49,,,461,470,core,full_factorial
648,architecture,7,main,N0,500,5,2,6,elliptical,normal,balanced,0.1,0.0,0,gaussian,0.2,isolated,uniform,2,0.1,20,False,500,49,,,471,480,core,full_factorial
649,architecture,7,main,N0,500,5,2,6,elliptical,normal,balanced,0.1,0.0,0,gaussian,0.2,isolated,uniform,2,0.1,20,False,500,49,,,481,490,core,full_factorial
650,architecture,7,main,N0,500,5,2,6,elliptical,normal,balanced,0.1,0.0,0,gaussian,0.2,isolated,uniform,2,0.1,20,False,500,49,,,491,500,core,full_factorial
651,architecture,7,main,N0,500,5,2,6,elliptical,normal,balanced,0.1,0.0,0,gaussian,0.2,isolated,uniform,2,0.1,20,False,500,49,,,501,510,core,full_factorial
652,architecture,7,main,N0,500,5,2,6,elliptical,normal,balanced,0.1,0.0,0,gaussian,0.2,isolated,uniform,2,0.1,20,False,500,49,,,511,520,core,full_factorial
653,architecture,7,main,N0,500,5,2,6,elliptical,normal,balanced,0.1,0.0,0,gaussian,0.2,isolated,uniform,2,0.1,20,False,500,49,,,521,530,core,full_factorial
654,architecture,7,main,N0,500,5,2,6,elliptical,normal,balanced,0.1,0.0,0,gaussian,0.2,isolated,uniform,2,0.1,20,False,500,49,,,531,540,core,full_factorial
655,architecture,7,main,N0,500,5,2,6,elliptical,normal,balanced,0.1,0.0,0,gaussian,0.2,isolated,uniform,2,0.1,20,False,500,49,,,541,550,core,full_factorial
656,architecture,7,main,N0,500,5,2,6,elliptical,normal,balanced,0.1,0.0,0,gaussian,0.2,isolated,uniform,2,0.1,20,False,500,49,,,551,560,core,full_factorial
657,architecture,7,main,N0,500,5,2,6,elliptical,normal,balanced,0.1,0.0,0,gaussian,0.2,isolated,uniform,2,0.1,20,False,500,49,,,561,570,core,full_factorial
658,architecture,7,main,N0,500,5,2,6,elliptical,normal,balanced,0.1,0.0,0,gaussian,0.2,isolated,uniform,2,0.1,20,False,500,49,,,571,580,core,full_factorial
659,architecture,7,main,N0,500,5,2,6,elliptical,normal,balanced,0.1,0.0,0,gaussian,0.2,isolated,uniform,2,0.1,20,False,500,49,,,581,590,core,full_factorial
660,architecture,7,main,N0,500,5,2,6,elliptical,normal,balanced,0.1,0.0,0,gaussian,0.2,isolated,uniform,2,0.1,20,False,500,49,,,591,600,core,full_factorial
661,architecture,7,main,N0,500,5,2,6,elliptical,normal,balanced,0.1,0.0,0,gaussian,0.2,isolated,uniform,2,0.1,20,False,500,49,,,601,610,core,full_factorial
662,architecture,7,main,N0,500,5,2,6,elliptical,normal,balanced,0.1,0.0,0,gaussian,0.2,isolated,uniform,2,0.1,20,False,500,49,,,611,620,core,full_factorial
663,architecture,7,main,N0,500,5,2,6,elliptical,normal,balanced,0.1,0.0,0,gaussian,0.2,isolated,uniform,2,0.1,20,False,500,49,,,621,630,core,full_factorial
664,architecture,7,main,N0,500,5,2,6,elliptical,normal,balanced,0.1,0.0,0,gaussian,0.2,isolated,uniform,2,0.1,20,False,500,49,,,631,640,core,full_factorial
665,architecture,7,main,N0,500,5,2,6,elliptical,normal,balanced,0.1,0.0,0,gaussian,0.2,isolated,uniform,2,0.1,20,False,500,49,,,641,650,core,full_factorial
666,architecture,7,main,N0,500,5,2,6,elliptical,normal,balanced,0.1,0.0,0,gaussian,0.2,isolated,uniform,2,0.1,20,False,500,49,,,651,660,core,full_factorial
667,architecture,7,main,N0,500,5,2,6,elliptical,normal,balanced,0.1,0.0,0,gaussian,0.2,isolated,uniform,2,0.1,20,False,500,49,,,661,670,core,full_factorial
668,architecture,7,main,N0,500,5,2,6,elliptical,normal,balanced,0.1,0.0,0,gaussian,0.2,isolated,uniform,2,0.1,20,False,500,49,,,671,680,core,full_factorial
669,architecture,7,main,N0,500,5,2,6,elliptical,normal,balanced,0.1,0.0,0,gaussian,0.2,isolated,uniform,2,0.1,20,False,500,49,,,681,690,core,full_factorial
670,architecture,7,main,N0,500,5,2,6,elliptical,normal,balanced,0.1,0.0,0,gaussian,0.2,isolated,uniform,2,0.1,20,False,500,49,,,691,700,core,full_factorial
671,architecture,7,main,N0,500,5,2,6,elliptical,normal,balanced,0.1,0.0,0,gaussian,0.2,isolated,uniform,2,0.1,20,False,500,49,,,701,710,core,full_factorial
672,architecture,7,main,N0,500,5,2,6,elliptical,normal,balanced,0.1,0.0,0,gaussian,0.2,isolated,uniform,2,0.1,20,False,500,49,,,711,720,core,full_factorial
673,architecture,7,main,N0,500,5,2,6,elliptical,normal,balanced,0.1,0.0,0,gaussian,0.2,isolated,uniform,2,0.1,20,False,500,49,,,721,730,core,full_factorial
674,architecture,7,main,N0,500,5,2,6,elliptical,normal,balanced,0.1,0.0,0,gaussian,0.2,isolated,uniform,2,0.1,20,False,500,49,,,731,740,core,full_factorial
675,architecture,7,main,N0,500,5,2,6,elliptical,normal,balanced,0.1,0.0,0,gaussian,0.2,isolated,uniform,2,0.1,20,False,500,49,,,741,750,core,full_factorial
676,architecture,7,main,N0,500,5,2,6,elliptical,normal,balanced,0.1,0.0,0,gaussian,0.2,isolated,uniform,2,0.1,20,False,500,49,,,751,760,core,full_factorial
677,architecture,7,main,N0,500,5,2,6,elliptical,normal,balanced,0.1,0.0,0,gaussian,0.2,isolated,uniform,2,0.1,20,False,500,49,,,761,770,core,full_factorial
678,architecture,7,main,N0,500,5,2,6,elliptical,normal,balanced,0.1,0.0,0,gaussian,0.2,isolated,uniform,2,0.1,20,False,500,49,,,771,780,core,full_factorial
679,architecture,7,main,N0,500,5,2,6,elliptical,normal,balanced,0.1,0.0,0,gaussian,0.2,isolated,uniform,2,0.1,20,False,500,49,,,781,790,core,full_factorial
680,architecture,7,main,N0,500,5,2,6,elliptical,normal,balanced,0.1,0.0,0,gaussian,0.2,isolated,uniform,2,0.1,20,False,500,49,,,791,800,core,full_factorial
681,architecture,7,main,N0,500,5,2,6,elliptical,normal,balanced,0.1,0.0,0,gaussian,0.2,isolated,uniform,2,0.1,20,False,500,49,,,801,810,core,full_factorial
682,architecture,7,main,N0,500,5,2,6,elliptical,normal,balanced,0.1,0.0,0,gaussian,0.2,isolated,uniform,2,0.1,20,False,500,49,,,811,820,core,full_factorial
683,architecture,7,main,N0,500,5,2,6,elliptical,normal,balanced,0.1,0.0,0,gaussian,0.2,isolated,uniform,2,0.1,20,False,500,49,,,821,830,core,full_factorial
684,architecture,7,main,N0,500,5,2,6,elliptical,normal,balanced,0.1,0.0,0,gaussian,0.2,isolated,uniform,2,0.1,20,False,500,49,,,831,840,core,full_factorial
685,architecture,7,main,N0,500,5,2,6,elliptical,normal,balanced,0.1,0.0,0,gaussian,0.2,isolated,uniform,2,0.1,20,False,500,49,,,841,850,core,full_factorial
686,architecture,7,main,N0,500,5,2,6,elliptical,normal,balanced,0.1,0.0,0,gaussian,0.2,isolated,uniform,2,0.1,20,False,500,49,,,851,860,core,full_factorial
687,architecture,7,main,N0,500,5,2,6,elliptical,normal,balanced,0.1,0.0,0,gaussian,0.2,isolated,uniform,2,0.1,20,False,500,49,,,861,870,core,full_factorial
688,architecture,7,main,N0,500,5,2,6,elliptical,normal,balanced,0.1,0.0,0,gaussian,0.2,isolated,uniform,2,0.1,20,False,500,49,,,871,880,core,full_factorial
689,architecture,7,main,N0,500,5,2,6,elliptical,normal,balanced,0.1,0.0,0,gaussian,0.2,isolated,uniform,2,0.1,20,False,500,49,,,881,890,core,full_factorial
690,architecture,7,main,N0,500,5,2,6,elliptical,normal,balanced,0.1,0.0,0,gaussian,0.2,isolated,uniform,2,0.1,20,False,500,49,,,891,900,core,full_factorial
691,architecture,7,main,N0,500,5,2,6,elliptical,normal,balanced,0.1,0.0,0,gaussian,0.2,isolated,uniform,2,0.1,20,False,500,49,,,901,910,core,full_factorial
692,architecture,7,main,N0,500,5,2,6,elliptical,normal,balanced,0.1,0.0,0,gaussian,0.2,isolated,uniform,2,0.1,20,False,500,49,,,911,920,core,full_factorial
693,architecture,7,main,N0,500,5,2,6,elliptical,normal,balanced,0.1,0.0,0,gaussian,0.2,isolated,uniform,2,0.1,20,False,500,49,,,921,930,core,full_factorial
694,architecture,7,main,N0,500,5,2,6,elliptical,normal,balanced,0.1,0.0,0,gaussian,0.2,isolated,uniform,2,0.1,20,False,500,49,,,931,940,core,full_factorial
695,architecture,7,main,N0,500,5,2,6,elliptical,normal,balanced,0.1,0.0,0,gaussian,0.2,isolated,uniform,2,0.1,20,False,500,49,,,941,950,core,full_factorial
696,architecture,7,main,N0,500,5,2,6,elliptical,normal,balanced,0.1,0.0,0,gaussian,0.2,isolated,uniform,2,0.1,20,False,500,49,,,951,960,core,full_factorial
697,architecture,7,main,N0,500,5,2,6,elliptical,normal,balanced,0.1,0.0,0,gaussian,0.2,isolated,uniform,2,0.1,20,False,500,49,,,961,970,core,full_factorial
698,architecture,7,main,N0,500,5,2,6,elliptical,normal,balanced,0.1,0.0,0,gaussian,0.2,isolated,uniform,2,0.1,20,False,500,49,,,971,980,core,full_factorial
699,architecture,7,main,N0,500,5,2,6,elliptical,normal,balanced,0.1,0.0,0,gaussian,0.2,isolated,uniform,2,0.1,20,False,500,49,,,981,990,core,full_factorial
700,architecture,7,main,N0,500,5,2,6,elliptical,normal,balanced,0.1,0.0,0,gaussian,0.2,isolated,uniform,2,0.1,20,False,500,49,,,991,1000,core,full_factorial
701,architecture,8,main,N0,500,5,2,10,elliptical,normal,balanced,0.1,0.0,0,gaussian,0.2,isolated,uniform,2,0.1,20,False,500,49,,,1,10,core,full_factorial
702,architecture,8,main,N0,500,5,2,10,elliptical,normal,balanced,0.1,0.0,0,gaussian,0.2,isolated,uniform,2,0.1,20,False,500,49,,,11,20,core,full_factorial
703,architecture,8,main,N0,500,5,2,10,elliptical,normal,balanced,0.1,0.0,0,gaussian,0.2,isolated,uniform,2,0.1,20,False,500,49,,,21,30,core,full_factorial
704,architecture,8,main,N0,500,5,2,10,elliptical,normal,balanced,0.1,0.0,0,gaussian,0.2,isolated,uniform,2,0.1,20,False,500,49,,,31,40,core,full_factorial
705,architecture,8,main,N0,500,5,2,10,elliptical,normal,balanced,0.1,0.0,0,gaussian,0.2,isolated,uniform,2,0.1,20,False,500,49,,,41,50,core,full_factorial
706,architecture,8,main,N0,500,5,2,10,elliptical,normal,balanced,0.1,0.0,0,gaussian,0.2,isolated,uniform,2,0.1,20,False,500,49,,,51,60,core,full_factorial
707,architecture,8,main,N0,500,5,2,10,elliptical,normal,balanced,0.1,0.0,0,gaussian,0.2,isolated,uniform,2,0.1,20,False,500,49,,,61,70,core,full_factorial
708,architecture,8,main,N0,500,5,2,10,elliptical,normal,balanced,0.1,0.0,0,gaussian,0.2,isolated,uniform,2,0.1,20,False,500,49,,,71,80,core,full_factorial
709,architecture,8,main,N0,500,5,2,10,elliptical,normal,balanced,0.1,0.0,0,gaussian,0.2,isolated,uniform,2,0.1,20,False,500,49,,,81,90,core,full_factorial
710,architecture,8,main,N0,500,5,2,10,elliptical,normal,balanced,0.1,0.0,0,gaussian,0.2,isolated,uniform,2,0.1,20,False,500,49,,,91,100,core,full_factorial
711,architecture,8,main,N0,500,5,2,10,elliptical,normal,balanced,0.1,0.0,0,gaussian,0.2,isolated,uniform,2,0.1,20,False,500,49,,,101,110,core,full_factorial
712,architecture,8,main,N0,500,5,2,10,elliptical,normal,balanced,0.1,0.0,0,gaussian,0.2,isolated,uniform,2,0.1,20,False,500,49,,,111,120,core,full_factorial
713,architecture,8,main,N0,500,5,2,10,elliptical,normal,balanced,0.1,0.0,0,gaussian,0.2,isolated,uniform,2,0.1,20,False,500,49,,,121,130,core,full_factorial
714,architecture,8,main,N0,500,5,2,10,elliptical,normal,balanced,0.1,0.0,0,gaussian,0.2,isolated,uniform,2,0.1,20,False,500,49,,,131,140,core,full_factorial
715,architecture,8,main,N0,500,5,2,10,elliptical,normal,balanced,0.1,0.0,0,gaussian,0.2,isolated,uniform,2,0.1,20,False,500,49,,,141,150,core,full_factorial
716,architecture,8,main,N0,500,5,2,10,elliptical,normal,balanced,0.1,0.0,0,gaussian,0.2,isolated,uniform,2,0.1,20,False,500,49,,,151,160,core,full_factorial
717,architecture,8,main,N0,500,5,2,10,elliptical,normal,balanced,0.1,0.0,0,gaussian,0.2,isolated,uniform,2,0.1,20,False,500,49,,,161,170,core,full_factorial
718,architecture,8,main,N0,500,5,2,10,elliptical,normal,balanced,0.1,0.0,0,gaussian,0.2,isolated,uniform,2,0.1,20,False,500,49,,,171,180,core,full_factorial
719,architecture,8,main,N0,500,5,2,10,elliptical,normal,balanced,0.1,0.0,0,gaussian,0.2,isolated,uniform,2,0.1,20,False,500,49,,,181,190,core,full_factorial
720,architecture,8,main,N0,500,5,2,10,elliptical,normal,balanced,0.1,0.0,0,gaussian,0.2,isolated,uniform,2,0.1,20,False,500,49,,,191,200,core,full_factorial
721,architecture,8,main,N0,500,5,2,10,elliptical,normal,balanced,0.1,0.0,0,gaussian,0.2,isolated,uniform,2,0.1,20,False,500,49,,,201,210,core,full_factorial
722,architecture,8,main,N0,500,5,2,10,elliptical,normal,balanced,0.1,0.0,0,gaussian,0.2,isolated,uniform,2,0.1,20,False,500,49,,,211,220,core,full_factorial
723,architecture,8,main,N0,500,5,2,10,elliptical,normal,balanced,0.1,0.0,0,gaussian,0.2,isolated,uniform,2,0.1,20,False,500,49,,,221,230,core,full_factorial
724,architecture,8,main,N0,500,5,2,10,elliptical,normal,balanced,0.1,0.0,0,gaussian,0.2,isolated,uniform,2,0.1,20,False,500,49,,,231,240,core,full_factorial
725,architecture,8,main,N0,500,5,2,10,elliptical,normal,balanced,0.1,0.0,0,gaussian,0.2,isolated,uniform,2,0.1,20,False,500,49,,,241,250,core,full_factorial
726,architecture,8,main,N0,500,5,2,10,elliptical,normal,balanced,0.1,0.0,0,gaussian,0.2,isolated,uniform,2,0.1,20,False,500,49,,,251,260,core,full_factorial
727,architecture,8,main,N0,500,5,2,10,elliptical,normal,balanced,0.1,0.0,0,gaussian,0.2,isolated,uniform,2,0.1,20,False,500,49,,,261,270,core,full_factorial
728,architecture,8,main,N0,500,5,2,10,elliptical,normal,balanced,0.1,0.0,0,gaussian,0.2,isolated,uniform,2,0.1,20,False,500,49,,,271,280,core,full_factorial
729,architecture,8,main,N0,500,5,2,10,elliptical,normal,balanced,0.1,0.0,0,gaussian,0.2,isolated,uniform,2,0.1,20,False,500,49,,,281,290,core,full_factorial
730,architecture,8,main,N0,500,5,2,10,elliptical,normal,balanced,0.1,0.0,0,gaussian,0.2,isolated,uniform,2,0.1,20,False,500,49,,,291,300,core,full_factorial
731,architecture,8,main,N0,500,5,2,10,elliptical,normal,balanced,0.1,0.0,0,gaussian,0.2,isolated,uniform,2,0.1,20,False,500,49,,,301,310,core,full_factorial
732,architecture,8,main,N0,500,5,2,10,elliptical,normal,balanced,0.1,0.0,0,gaussian,0.2,isolated,uniform,2,0.1,20,False,500,49,,,311,320,core,full_factorial
733,architecture,8,main,N0,500,5,2,10,elliptical,normal,balanced,0.1,0.0,0,gaussian,0.2,isolated,uniform,2,0.1,20,False,500,49,,,321,330,core,full_factorial
734,architecture,8,main,N0,500,5,2,10,elliptical,normal,balanced,0.1,0.0,0,gaussian,0.2,isolated,uniform,2,0.1,20,False,500,49,,,331,340,core,full_factorial
735,architecture,8,main,N0,500,5,2,10,elliptical,normal,balanced,0.1,0.0,0,gaussian,0.2,isolated,uniform,2,0.1,20,False,500,49,,,341,350,core,full_factorial
736,architecture,8,main,N0,500,5,2,10,elliptical,normal,balanced,0.1,0.0,0,gaussian,0.2,isolated,uniform,2,0.1,20,False,500,49,,,351,360,core,full_factorial
737,architecture,8,main,N0,500,5,2,10,elliptical,normal,balanced,0.1,0.0,0,gaussian,0.2,isolated,uniform,2,0.1,20,False,500,49,,,361,370,core,full_factorial
738,architecture,8,main,N0,500,5,2,10,elliptical,normal,balanced,0.1,0.0,0,gaussian,0.2,isolated,uniform,2,0.1,20,False,500,49,,,371,380,core,full_factorial
739,architecture,8,main,N0,500,5,2,10,elliptical,normal,balanced,0.1,0.0,0,gaussian,0.2,isolated,uniform,2,0.1,20,False,500,49,,,381,390,core,full_factorial
740,architecture,8,main,N0,500,5,2,10,elliptical,normal,balanced,0.1,0.0,0,gaussian,0.2,isolated,uniform,2,0.1,20,False,500,49,,,391,400,core,full_factorial
741,architecture,8,main,N0,500,5,2,10,elliptical,normal,balanced,0.1,0.0,0,gaussian,0.2,isolated,uniform,2,0.1,20,False,500,49,,,401,410,core,full_factorial
742,architecture,8,main,N0,500,5,2,10,elliptical,normal,balanced,0.1,0.0,0,gaussian,0.2,isolated,uniform,2,0.1,20,False,500,49,,,411,420,core,full_factorial
743,architecture,8,main,N0,500,5,2,10,elliptical,normal,balanced,0.1,0.0,0,gaussian,0.2,isolated,uniform,2,0.1,20,False,500,49,,,421,430,core,full_factorial
744,architecture,8,main,N0,500,5,2,10,elliptical,normal,balanced,0.1,0.0,0,gaussian,0.2,isolated,uniform,2,0.1,20,False,500,49,,,431,440,core,full_factorial
745,architecture,8,main,N0,500,5,2,10,elliptical,normal,balanced,0.1,0.0,0,gaussian,0.2,isolated,uniform,2,0.1,20,False,500,49,,,441,450,core,full_factorial
746,architecture,8,main,N0,500,5,2,10,elliptical,normal,balanced,0.1,0.0,0,gaussian,0.2,isolated,uniform,2,0.1,20,False,500,49,,,451,460,core,full_factorial
747,architecture,8,main,N0,500,5,2,10,elliptical,normal,balanced,0.1,0.0,0,gaussian,0.2,isolated,uniform,2,0.1,20,False,500,49,,,461,470,core,full_factorial
748,architecture,8,main,N0,500,5,2,10,elliptical,normal,balanced,0.1,0.0,0,gaussian,0.2,isolated,uniform,2,0.1,20,False,500,49,,,471,480,core,full_factorial
749,architecture,8,main,N0,500,5,2,10,elliptical,normal,balanced,0.1,0.0,0,gaussian,0.2,isolated,uniform,2,0.1,20,False,500,49,,,481,490,core,full_factorial
750,architecture,8,main,N0,500,5,2,10,elliptical,normal,balanced,0.1,0.0,0,gaussian,0.2,isolated,uniform,2,0.1,20,False,500,49,,,491,500,core,full_factorial
751,architecture,8,main,N0,500,5,2,10,elliptical,normal,balanced,0.1,0.0,0,gaussian,0.2,isolated,uniform,2,0.1,20,False,500,49,,,501,510,core,full_factorial
752,architecture,8,main,N0,500,5,2,10,elliptical,normal,balanced,0.1,0.0,0,gaussian,0.2,isolated,uniform,2,0.1,20,False,500,49,,,511,520,core,full_factorial
753,architecture,8,main,N0,500,5,2,10,elliptical,normal,balanced,0.1,0.0,0,gaussian,0.2,isolated,uniform,2,0.1,20,False,500,49,,,521,530,core,full_factorial
754,architecture,8,main,N0,500,5,2,10,elliptical,normal,balanced,0.1,0.0,0,gaussian,0.2,isolated,uniform,2,0.1,20,False,500,49,,,531,540,core,full_factorial
755,architecture,8,main,N0,500,5,2,10,elliptical,normal,balanced,0.1,0.0,0,gaussian,0.2,isolated,uniform,2,0.1,20,False,500,49,,,541,550,core,full_factorial
756,architecture,8,main,N0,500,5,2,10,elliptical,normal,balanced,0.1,0.0,0,gaussian,0.2,isolated,uniform,2,0.1,20,False,500,49,,,551,560,core,full_factorial
757,architecture,8,main,N0,500,5,2,10,elliptical,normal,balanced,0.1,0.0,0,gaussian,0.2,isolated,uniform,2,0.1,20,False,500,49,,,561,570,core,full_factorial
758,architecture,8,main,N0,500,5,2,10,elliptical,normal,balanced,0.1,0.0,0,gaussian,0.2,isolated,uniform,2,0.1,20,False,500,49,,,571,580,core,full_factorial
759,architecture,8,main,N0,500,5,2,10,elliptical,normal,balanced,0.1,0.0,0,gaussian,0.2,isolated,uniform,2,0.1,20,False,500,49,,,581,590,core,full_factorial
760,architecture,8,main,N0,500,5,2,10,elliptical,normal,balanced,0.1,0.0,0,gaussian,0.2,isolated,uniform,2,0.1,20,False,500,49,,,591,600,core,full_factorial
761,architecture,8,main,N0,500,5,2,10,elliptical,normal,balanced,0.1,0.0,0,gaussian,0.2,isolated,uniform,2,0.1,20,False,500,49,,,601,610,core,full_factorial
762,architecture,8,main,N0,500,5,2,10,elliptical,normal,balanced,0.1,0.0,0,gaussian,0.2,isolated,uniform,2,0.1,20,False,500,49,,,611,620,core,full_factorial
763,architecture,8,main,N0,500,5,2,10,elliptical,normal,balanced,0.1,0.0,0,gaussian,0.2,isolated,uniform,2,0.1,20,False,500,49,,,621,630,core,full_factorial
764,architecture,8,main,N0,500,5,2,10,elliptical,normal,balanced,0.1,0.0,0,gaussian,0.2,isolated,uniform,2,0.1,20,False,500,49,,,631,640,core,full_factorial
765,architecture,8,main,N0,500,5,2,10,elliptical,normal,balanced,0.1,0.0,0,gaussian,0.2,isolated,uniform,2,0.1,20,False,500,49,,,641,650,core,full_factorial
766,architecture,8,main,N0,500,5,2,10,elliptical,normal,balanced,0.1,0.0,0,gaussian,0.2,isolated,uniform,2,0.1,20,False,500,49,,,651,660,core,full_factorial
767,architecture,8,main,N0,500,5,2,10,elliptical,normal,balanced,0.1,0.0,0,gaussian,0.2,isolated,uniform,2,0.1,20,False,500,49,,,661,670,core,full_factorial
768,architecture,8,main,N0,500,5,2,10,elliptical,normal,balanced,0.1,0.0,0,gaussian,0.2,isolated,uniform,2,0.1,20,False,500,49,,,671,680,core,full_factorial
769,architecture,8,main,N0,500,5,2,10,elliptical,normal,balanced,0.1,0.0,0,gaussian,0.2,isolated,uniform,2,0.1,20,False,500,49,,,681,690,core,full_factorial
770,architecture,8,main,N0,500,5,2,10,elliptical,normal,balanced,0.1,0.0,0,gaussian,0.2,isolated,uniform,2,0.1,20,False,500,49,,,691,700,core,full_factorial
771,architecture,8,main,N0,500,5,2,10,elliptical,normal,balanced,0.1,0.0,0,gaussian,0.2,isolated,uniform,2,0.1,20,False,500,49,,,701,710,core,full_factorial
772,architecture,8,main,N0,500,5,2,10,elliptical,normal,balanced,0.1,0.0,0,gaussian,0.2,isolated,uniform,2,0.1,20,False,500,49,,,711,720,core,full_factorial
773,architecture,8,main,N0,500,5,2,10,elliptical,normal,balanced,0.1,0.0,0,gaussian,0.2,isolated,uniform,2,0.1,20,False,500,49,,,721,730,core,full_factorial
774,architecture,8,main,N0,500,5,2,10,elliptical,normal,balanced,0.1,0.0,0,gaussian,0.2,isolated,uniform,2,0.1,20,False,500,49,,,731,740,core,full_factorial
775,architecture,8,main,N0,500,5,2,10,elliptical,normal,balanced,0.1,0.0,0,gaussian,0.2,isolated,uniform,2,0.1,20,False,500,49,,,741,750,core,full_factorial
776,architecture,8,main,N0,500,5,2,10,elliptical,normal,balanced,0.1,0.0,0,gaussian,0.2,isolated,uniform,2,0.1,20,False,500,49,,,751,760,core,full_factorial
777,architecture,8,main,N0,500,5,2,10,elliptical,normal,balanced,0.1,0.0,0,gaussian,0.2,isolated,uniform,2,0.1,20,False,500,49,,,761,770,core,full_factorial
778,architecture,8,main,N0,500,5,2,10,elliptical,normal,balanced,0.1,0.0,0,gaussian,0.2,isolated,uniform,2,0.1,20,False,500,49,,,771,780,core,full_factorial
779,architecture,8,main,N0,500,5,2,10,elliptical,normal,balanced,0.1,0.0,0,gaussian,0.2,isolated,uniform,2,0.1,20,False,500,49,,,781,790,core,full_factorial
780,architecture,8,main,N0,500,5,2,10,elliptical,normal,balanced,0.1,0.0,0,gaussian,0.2,isolated,uniform,2,0.1,20,False,500,49,,,791,800,core,full_factorial
781,architecture,8,main,N0,500,5,2,10,elliptical,normal,balanced,0.1,0.0,0,gaussian,0.2,isolated,uniform,2,0.1,20,False,500,49,,,801,810,core,full_factorial
782,architecture,8,main,N0,500,5,2,10,elliptical,normal,balanced,0.1,0.0,0,gaussian,0.2,isolated,uniform,2,0.1,20,False,500,49,,,811,820,core,full_factorial
783,architecture,8,main,N0,500,5,2,10,elliptical,normal,balanced,0.1,0.0,0,gaussian,0.2,isolated,uniform,2,0.1,20,False,500,49,,,821,830,core,full_factorial
784,architecture,8,main,N0,500,5,2,10,elliptical,normal,balanced,0.1,0.0,0,gaussian,0.2,isolated,uniform,2,0.1,20,False,500,49,,,831,840,core,full_factorial
785,architecture,8,main,N0,500,5,2,10,elliptical,normal,balanced,0.1,0.0,0,gaussian,0.2,isolated,uniform,2,0.1,20,False,500,49,,,841,850,core,full_factorial
786,architecture,8,main,N0,500,5,2,10,elliptical,normal,balanced,0.1,0.0,0,gaussian,0.2,isolated,uniform,2,0.1,20,False,500,49,,,851,860,core,full_factorial
787,architecture,8,main,N0,500,5,2,10,elliptical,normal,balanced,0.1,0.0,0,gaussian,0.2,isolated,uniform,2,0.1,20,False,500,49,,,861,870,core,full_factorial
788,architecture,8,main,N0,500,5,2,10,elliptical,normal,balanced,0.1,0.0,0,gaussian,0.2,isolated,uniform,2,0.1,20,False,500,49,,,871,880,core,full_factorial
789,architecture,8,main,N0,500,5,2,10,elliptical,normal,balanced,0.1,0.0,0,gaussian,0.2,isolated,uniform,2,0.1,20,False,500,49,,,881,890,core,full_factorial
790,architecture,8,main,N0,500,5,2,10,elliptical,normal,balanced,0.1,0.0,0,gaussian,0.2,isolated,uniform,2,0.1,20,False,500,49,,,891,900,core,full_factorial
791,architecture,8,main,N0,500,5,2,10,elliptical,normal,balanced,0.1,0.0,0,gaussian,0.2,isolated,uniform,2,0.1,20,False,500,49,,,901,910,core,full_factorial
792,architecture,8,main,N0,500,5,2,10,elliptical,normal,balanced,0.1,0.0,0,gaussian,0.2,isolated,uniform,2,0.1,20,False,500,49,,,911,920,core,full_factorial
793,architecture,8,main,N0,500,5,2,10,elliptical,normal,balanced,0.1,0.0,0,gaussian,0.2,isolated,uniform,2,0.1,20,False,500,49,,,921,930,core,full_factorial
794,architecture,8,main,N0,500,5,2,10,elliptical,normal,balanced,0.1,0.0,0,gaussian,0.2,isolated,uniform,2,0.1,20,False,500,49,,,931,940,core,full_factorial
795,architecture,8,main,N0,500,5,2,10,elliptical,normal,balanced,0.1,0.0,0,gaussian,0.2,isolated,uniform,2,0.1,20,False,500,49,,,941,950,core,full_factorial
796,architecture,8,main,N0,500,5,2,10,elliptical,normal,balanced,0.1,0.0,0,gaussian,0.2,isolated,uniform,2,0.1,20,False,500,49,,,951,960,core,full_factorial
797,architecture,8,main,N0,500,5,2,10,elliptical,normal,balanced,0.1,0.0,0,gaussian,0.2,isolated,uniform,2,0.1,20,False,500,49,,,961,970,core,full_factorial
798,architecture,8,main,N0,500,5,2,10,elliptical,normal,balanced,0.1,0.0,0,gaussian,0.2,isolated,uniform,2,0.1,20,False,500,49,,,971,980,core,full_factorial
799,architecture,8,main,N0,500,5,2,10,elliptical,normal,balanced,0.1,0.0,0,gaussian,0.2,isolated,uniform,2,0.1,20,False,500,49,,,981,990,core,full_factorial
800,architecture,8,main,N0,500,5,2,10,elliptical,normal,balanced,0.1,0.0,0,gaussian,0.2,isolated,uniform,2,0.1,20,False,500,49,,,991,1000,core,full_factorial
801,architecture,9,main,N0,1000,2,2,6,spherical,normal,balanced,0.1,0.0,0,gaussian,0.2,isolated,uniform,2,0.1,20,False,500,49,,,1,10,core,full_factorial
802,architecture,9,main,N0,1000,2,2,6,spherical,normal,balanced,0.1,0.0,0,gaussian,0.2,isolated,uniform,2,0.1,20,False,500,49,,,11,20,core,full_factorial
803,architecture,9,main,N0,1000,2,2,6,spherical,normal,balanced,0.1,0.0,0,gaussian,0.2,isolated,uniform,2,0.1,20,False,500,49,,,21,30,core,full_factorial
804,architecture,9,main,N0,1000,2,2,6,spherical,normal,balanced,0.1,0.0,0,gaussian,0.2,isolated,uniform,2,0.1,20,False,500,49,,,31,40,core,full_factorial
805,architecture,9,main,N0,1000,2,2,6,spherical,normal,balanced,0.1,0.0,0,gaussian,0.2,isolated,uniform,2,0.1,20,False,500,49,,,41,50,core,full_factorial
806,architecture,9,main,N0,1000,2,2,6,spherical,normal,balanced,0.1,0.0,0,gaussian,0.2,isolated,uniform,2,0.1,20,False,500,49,,,51,60,core,full_factorial
807,architecture,9,main,N0,1000,2,2,6,spherical,normal,balanced,0.1,0.0,0,gaussian,0.2,isolated,uniform,2,0.1,20,False,500,49,,,61,70,core,full_factorial
808,architecture,9,main,N0,1000,2,2,6,spherical,normal,balanced,0.1,0.0,0,gaussian,0.2,isolated,uniform,2,0.1,20,False,500,49,,,71,80,core,full_factorial
809,architecture,9,main,N0,1000,2,2,6,spherical,normal,balanced,0.1,0.0,0,gaussian,0.2,isolated,uniform,2,0.1,20,False,500,49,,,81,90,core,full_factorial
810,architecture,9,main,N0,1000,2,2,6,spherical,normal,balanced,0.1,0.0,0,gaussian,0.2,isolated,uniform,2,0.1,20,False,500,49,,,91,100,core,full_factorial
811,architecture,9,main,N0,1000,2,2,6,spherical,normal,balanced,0.1,0.0,0,gaussian,0.2,isolated,uniform,2,0.1,20,False,500,49,,,101,110,core,full_factorial
812,architecture,9,main,N0,1000,2,2,6,spherical,normal,balanced,0.1,0.0,0,gaussian,0.2,isolated,uniform,2,0.1,20,False,500,49,,,111,120,core,full_factorial
813,architecture,9,main,N0,1000,2,2,6,spherical,normal,balanced,0.1,0.0,0,gaussian,0.2,isolated,uniform,2,0.1,20,False,500,49,,,121,130,core,full_factorial
814,architecture,9,main,N0,1000,2,2,6,spherical,normal,balanced,0.1,0.0,0,gaussian,0.2,isolated,uniform,2,0.1,20,False,500,49,,,131,140,core,full_factorial
815,architecture,9,main,N0,1000,2,2,6,spherical,normal,balanced,0.1,0.0,0,gaussian,0.2,isolated,uniform,2,0.1,20,False,500,49,,,141,150,core,full_factorial
816,architecture,9,main,N0,1000,2,2,6,spherical,normal,balanced,0.1,0.0,0,gaussian,0.2,isolated,uniform,2,0.1,20,False,500,49,,,151,160,core,full_factorial
817,architecture,9,main,N0,1000,2,2,6,spherical,normal,balanced,0.1,0.0,0,gaussian,0.2,isolated,uniform,2,0.1,20,False,500,49,,,161,170,core,full_factorial
818,architecture,9,main,N0,1000,2,2,6,spherical,normal,balanced,0.1,0.0,0,gaussian,0.2,isolated,uniform,2,0.1,20,False,500,49,,,171,180,core,full_factorial
819,architecture,9,main,N0,1000,2,2,6,spherical,normal,balanced,0.1,0.0,0,gaussian,0.2,isolated,uniform,2,0.1,20,False,500,49,,,181,190,core,full_factorial
820,architecture,9,main,N0,1000,2,2,6,spherical,normal,balanced,0.1,0.0,0,gaussian,0.2,isolated,uniform,2,0.1,20,False,500,49,,,191,200,core,full_factorial
821,architecture,9,main,N0,1000,2,2,6,spherical,normal,balanced,0.1,0.0,0,gaussian,0.2,isolated,uniform,2,0.1,20,False,500,49,,,201,210,core,full_factorial
822,architecture,9,main,N0,1000,2,2,6,spherical,normal,balanced,0.1,0.0,0,gaussian,0.2,isolated,uniform,2,0.1,20,False,500,49,,,211,220,core,full_factorial
823,architecture,9,main,N0,1000,2,2,6,spherical,normal,balanced,0.1,0.0,0,gaussian,0.2,isolated,uniform,2,0.1,20,False,500,49,,,221,230,core,full_factorial
824,architecture,9,main,N0,1000,2,2,6,spherical,normal,balanced,0.1,0.0,0,gaussian,0.2,isolated,uniform,2,0.1,20,False,500,49,,,231,240,core,full_factorial
825,architecture,9,main,N0,1000,2,2,6,spherical,normal,balanced,0.1,0.0,0,gaussian,0.2,isolated,uniform,2,0.1,20,False,500,49,,,241,250,core,full_factorial
826,architecture,9,main,N0,1000,2,2,6,spherical,normal,balanced,0.1,0.0,0,gaussian,0.2,isolated,uniform,2,0.1,20,False,500,49,,,251,260,core,full_factorial
827,architecture,9,main,N0,1000,2,2,6,spherical,normal,balanced,0.1,0.0,0,gaussian,0.2,isolated,uniform,2,0.1,20,False,500,49,,,261,270,core,full_factorial
828,architecture,9,main,N0,1000,2,2,6,spherical,normal,balanced,0.1,0.0,0,gaussian,0.2,isolated,uniform,2,0.1,20,False,500,49,,,271,280,core,full_factorial
829,architecture,9,main,N0,1000,2,2,6,spherical,normal,balanced,0.1,0.0,0,gaussian,0.2,isolated,uniform,2,0.1,20,False,500,49,,,281,290,core,full_factorial
830,architecture,9,main,N0,1000,2,2,6,spherical,normal,balanced,0.1,0.0,0,gaussian,0.2,isolated,uniform,2,0.1,20,False,500,49,,,291,300,core,full_factorial
831,architecture,9,main,N0,1000,2,2,6,spherical,normal,balanced,0.1,0.0,0,gaussian,0.2,isolated,uniform,2,0.1,20,False,500,49,,,301,310,core,full_factorial
832,architecture,9,main,N0,1000,2,2,6,spherical,normal,balanced,0.1,0.0,0,gaussian,0.2,isolated,uniform,2,0.1,20,False,500,49,,,311,320,core,full_factorial
833,architecture,9,main,N0,1000,2,2,6,spherical,normal,balanced,0.1,0.0,0,gaussian,0.2,isolated,uniform,2,0.1,20,False,500,49,,,321,330,core,full_factorial
834,architecture,9,main,N0,1000,2,2,6,spherical,normal,balanced,0.1,0.0,0,gaussian,0.2,isolated,uniform,2,0.1,20,False,500,49,,,331,340,core,full_factorial
835,architecture,9,main,N0,1000,2,2,6,spherical,normal,balanced,0.1,0.0,0,gaussian,0.2,isolated,uniform,2,0.1,20,False,500,49,,,341,350,core,full_factorial
836,architecture,9,main,N0,1000,2,2,6,spherical,normal,balanced,0.1,0.0,0,gaussian,0.2,isolated,uniform,2,0.1,20,False,500,49,,,351,360,core,full_factorial
837,architecture,9,main,N0,1000,2,2,6,spherical,normal,balanced,0.1,0.0,0,gaussian,0.2,isolated,uniform,2,0.1,20,False,500,49,,,361,370,core,full_factorial
838,architecture,9,main,N0,1000,2,2,6,spherical,normal,balanced,0.1,0.0,0,gaussian,0.2,isolated,uniform,2,0.1,20,False,500,49,,,371,380,core,full_factorial
839,architecture,9,main,N0,1000,2,2,6,spherical,normal,balanced,0.1,0.0,0,gaussian,0.2,isolated,uniform,2,0.1,20,False,500,49,,,381,390,core,full_factorial
840,architecture,9,main,N0,1000,2,2,6,spherical,normal,balanced,0.1,0.0,0,gaussian,0.2,isolated,uniform,2,0.1,20,False,500,49,,,391,400,core,full_factorial
841,architecture,9,main,N0,1000,2,2,6,spherical,normal,balanced,0.1,0.0,0,gaussian,0.2,isolated,uniform,2,0.1,20,False,500,49,,,401,410,core,full_factorial
842,architecture,9,main,N0,1000,2,2,6,spherical,normal,balanced,0.1,0.0,0,gaussian,0.2,isolated,uniform,2,0.1,20,False,500,49,,,411,420,core,full_factorial
843,architecture,9,main,N0,1000,2,2,6,spherical,normal,balanced,0.1,0.0,0,gaussian,0.2,isolated,uniform,2,0.1,20,False,500,49,,,421,430,core,full_factorial
844,architecture,9,main,N0,1000,2,2,6,spherical,normal,balanced,0.1,0.0,0,gaussian,0.2,isolated,uniform,2,0.1,20,False,500,49,,,431,440,core,full_factorial
845,architecture,9,main,N0,1000,2,2,6,spherical,normal,balanced,0.1,0.0,0,gaussian,0.2,isolated,uniform,2,0.1,20,False,500,49,,,441,450,core,full_factorial
846,architecture,9,main,N0,1000,2,2,6,spherical,normal,balanced,0.1,0.0,0,gaussian,0.2,isolated,uniform,2,0.1,20,False,500,49,,,451,460,core,full_factorial
847,architecture,9,main,N0,1000,2,2,6,spherical,normal,balanced,0.1,0.0,0,gaussian,0.2,isolated,uniform,2,0.1,20,False,500,49,,,461,470,core,full_factorial
848,architecture,9,main,N0,1000,2,2,6,spherical,normal,balanced,0.1,0.0,0,gaussian,0.2,isolated,uniform,2,0.1,20,False,500,49,,,471,480,core,full_factorial
849,architecture,9,main,N0,1000,2,2,6,spherical,normal,balanced,0.1,0.0,0,gaussian,0.2,isolated,uniform,2,0.1,20,False,500,49,,,481,490,core,full_factorial
850,architecture,9,main,N0,1000,2,2,6,spherical,normal,balanced,0.1,0.0,0,gaussian,0.2,isolated,uniform,2,0.1,20,False,500,49,,,491,500,core,full_factorial
851,architecture,9,main,N0,1000,2,2,6,spherical,normal,balanced,0.1,0.0,0,gaussian,0.2,isolated,uniform,2,0.1,20,False,500,49,,,501,510,core,full_factorial
852,architecture,9,main,N0,1000,2,2,6,spherical,normal,balanced,0.1,0.0,0,gaussian,0.2,isolated,uniform,2,0.1,20,False,500,49,,,511,520,core,full_factorial
853,architecture,9,main,N0,1000,2,2,6,spherical,normal,balanced,0.1,0.0,0,gaussian,0.2,isolated,uniform,2,0.1,20,False,500,49,,,521,530,core,full_factorial
854,architecture,9,main,N0,1000,2,2,6,spherical,normal,balanced,0.1,0.0,0,gaussian,0.2,isolated,uniform,2,0.1,20,False,500,49,,,531,540,core,full_factorial
855,architecture,9,main,N0,1000,2,2,6,spherical,normal,balanced,0.1,0.0,0,gaussian,0.2,isolated,uniform,2,0.1,20,False,500,49,,,541,550,core,full_factorial
856,architecture,9,main,N0,1000,2,2,6,spherical,normal,balanced,0.1,0.0,0,gaussian,0.2,isolated,uniform,2,0.1,20,False,500,49,,,551,560,core,full_factorial
857,architecture,9,main,N0,1000,2,2,6,spherical,normal,balanced,0.1,0.0,0,gaussian,0.2,isolated,uniform,2,0.1,20,False,500,49,,,561,570,core,full_factorial
858,architecture,9,main,N0,1000,2,2,6,spherical,normal,balanced,0.1,0.0,0,gaussian,0.2,isolated,uniform,2,0.1,20,False,500,49,,,571,580,core,full_factorial
859,architecture,9,main,N0,1000,2,2,6,spherical,normal,balanced,0.1,0.0,0,gaussian,0.2,isolated,uniform,2,0.1,20,False,500,49,,,581,590,core,full_factorial
860,architecture,9,main,N0,1000,2,2,6,spherical,normal,balanced,0.1,0.0,0,gaussian,0.2,isolated,uniform,2,0.1,20,False,500,49,,,591,600,core,full_factorial
861,architecture,9,main,N0,1000,2,2,6,spherical,normal,balanced,0.1,0.0,0,gaussian,0.2,isolated,uniform,2,0.1,20,False,500,49,,,601,610,core,full_factorial
862,architecture,9,main,N0,1000,2,2,6,spherical,normal,balanced,0.1,0.0,0,gaussian,0.2,isolated,uniform,2,0.1,20,False,500,49,,,611,620,core,full_factorial
863,architecture,9,main,N0,1000,2,2,6,spherical,normal,balanced,0.1,0.0,0,gaussian,0.2,isolated,uniform,2,0.1,20,False,500,49,,,621,630,core,full_factorial
864,architecture,9,main,N0,1000,2,2,6,spherical,normal,balanced,0.1,0.0,0,gaussian,0.2,isolated,uniform,2,0.1,20,False,500,49,,,631,640,core,full_factorial
865,architecture,9,main,N0,1000,2,2,6,spherical,normal,balanced,0.1,0.0,0,gaussian,0.2,isolated,uniform,2,0.1,20,False,500,49,,,641,650,core,full_factorial
866,architecture,9,main,N0,1000,2,2,6,spherical,normal,balanced,0.1,0.0,0,gaussian,0.2,isolated,uniform,2,0.1,20,False,500,49,,,651,660,core,full_factorial
867,architecture,9,main,N0,1000,2,2,6,spherical,normal,balanced,0.1,0.0,0,gaussian,0.2,isolated,uniform,2,0.1,20,False,500,49,,,661,670,core,full_factorial
868,architecture,9,main,N0,1000,2,2,6,spherical,normal,balanced,0.1,0.0,0,gaussian,0.2,isolated,uniform,2,0.1,20,False,500,49,,,671,680,core,full_factorial
869,architecture,9,main,N0,1000,2,2,6,spherical,normal,balanced,0.1,0.0,0,gaussian,0.2,isolated,uniform,2,0.1,20,False,500,49,,,681,690,core,full_factorial
870,architecture,9,main,N0,1000,2,2,6,spherical,normal,balanced,0.1,0.0,0,gaussian,0.2,isolated,uniform,2,0.1,20,False,500,49,,,691,700,core,full_factorial
871,architecture,9,main,N0,1000,2,2,6,spherical,normal,balanced,0.1,0.0,0,gaussian,0.2,isolated,uniform,2,0.1,20,False,500,49,,,701,710,core,full_factorial
872,architecture,9,main,N0,1000,2,2,6,spherical,normal,balanced,0.1,0.0,0,gaussian,0.2,isolated,uniform,2,0.1,20,False,500,49,,,711,720,core,full_factorial
873,architecture,9,main,N0,1000,2,2,6,spherical,normal,balanced,0.1,0.0,0,gaussian,0.2,isolated,uniform,2,0.1,20,False,500,49,,,721,730,core,full_factorial
874,architecture,9,main,N0,1000,2,2,6,spherical,normal,balanced,0.1,0.0,0,gaussian,0.2,isolated,uniform,2,0.1,20,False,500,49,,,731,740,core,full_factorial
875,architecture,9,main,N0,1000,2,2,6,spherical,normal,balanced,0.1,0.0,0,gaussian,0.2,isolated,uniform,2,0.1,20,False,500,49,,,741,750,core,full_factorial
876,architecture,9,main,N0,1000,2,2,6,spherical,normal,balanced,0.1,0.0,0,gaussian,0.2,isolated,uniform,2,0.1,20,False,500,49,,,751,760,core,full_factorial
877,architecture,9,main,N0,1000,2,2,6,spherical,normal,balanced,0.1,0.0,0,gaussian,0.2,isolated,uniform,2,0.1,20,False,500,49,,,761,770,core,full_factorial
878,architecture,9,main,N0,1000,2,2,6,spherical,normal,balanced,0.1,0.0,0,gaussian,0.2,isolated,uniform,2,0.1,20,False,500,49,,,771,780,core,full_factorial
879,architecture,9,main,N0,1000,2,2,6,spherical,normal,balanced,0.1,0.0,0,gaussian,0.2,isolated,uniform,2,0.1,20,False,500,49,,,781,790,core,full_factorial
880,architecture,9,main,N0,1000,2,2,6,spherical,normal,balanced,0.1,0.0,0,gaussian,0.2,isolated,uniform,2,0.1,20,False,500,49,,,791,800,core,full_factorial
881,architecture,9,main,N0,1000,2,2,6,spherical,normal,balanced,0.1,0.0,0,gaussian,0.2,isolated,uniform,2,0.1,20,False,500,49,,,801,810,core,full_factorial
882,architecture,9,main,N0,1000,2,2,6,spherical,normal,balanced,0.1,0.0,0,gaussian,0.2,isolated,uniform,2,0.1,20,False,500,49,,,811,820,core,full_factorial
883,architecture,9,main,N0,1000,2,2,6,spherical,normal,balanced,0.1,0.0,0,gaussian,0.2,isolated,uniform,2,0.1,20,False,500,49,,,821,830,core,full_factorial
884,architecture,9,main,N0,1000,2,2,6,spherical,normal,balanced,0.1,0.0,0,gaussian,0.2,isolated,uniform,2,0.1,20,False,500,49,,,831,840,core,full_factorial
885,architecture,9,main,N0,1000,2,2,6,spherical,normal,balanced,0.1,0.0,0,gaussian,0.2,isolated,uniform,2,0.1,20,False,500,49,,,841,850,core,full_factorial
886,architecture,9,main,N0,1000,2,2,6,spherical,normal,balanced,0.1,0.0,0,gaussian,0.2,isolated,uniform,2,0.1,20,False,500,49,,,851,860,core,full_factorial
887,architecture,9,main,N0,1000,2,2,6,spherical,normal,balanced,0.1,0.0,0,gaussian,0.2,isolated,uniform,2,0.1,20,False,500,49,,,861,870,core,full_factorial
888,architecture,9,main,N0,1000,2,2,6,spherical,normal,balanced,0.1,0.0,0,gaussian,0.2,isolated,uniform,2,0.1,20,False,500,49,,,871,880,core,full_factorial
889,architecture,9,main,N0,1000,2,2,6,spherical,normal,balanced,0.1,0.0,0,gaussian,0.2,isolated,uniform,2,0.1,20,False,500,49,,,881,890,core,full_factorial
890,architecture,9,main,N0,1000,2,2,6,spherical,normal,balanced,0.1,0.0,0,gaussian,0.2,isolated,uniform,2,0.1,20,False,500,49,,,891,900,core,full_factorial
891,architecture,9,main,N0,1000,2,2,6,spherical,normal,balanced,0.1,0.0,0,gaussian,0.2,isolated,uniform,2,0.1,20,False,500,49,,,901,910,core,full_factorial
892,architecture,9,main,N0,1000,2,2,6,spherical,normal,balanced,0.1,0.0,0,gaussian,0.2,isolated,uniform,2,0.1,20,False,500,49,,,911,920,core,full_factorial
893,architecture,9,main,N0,1000,2,2,6,spherical,normal,balanced,0.1,0.0,0,gaussian,0.2,isolated,uniform,2,0.1,20,False,500,49,,,921,930,core,full_factorial
894,architecture,9,main,N0,1000,2,2,6,spherical,normal,balanced,0.1,0.0,0,gaussian,0.2,isolated,uniform,2,0.1,20,False,500,49,,,931,940,core,full_factorial
895,architecture,9,main,N0,1000,2,2,6,spherical,normal,balanced,0.1,0.0,0,gaussian,0.2,isolated,uniform,2,0.1,20,False,500,49,,,941,950,core,full_factorial
896,architecture,9,main,N0,1000,2,2,6,spherical,normal,balanced,0.1,0.0,0,gaussian,0.2,isolated,uniform,2,0.1,20,False,500,49,,,951,960,core,full_factorial
897,architecture,9,main,N0,1000,2,2,6,spherical,normal,balanced,0.1,0.0,0,gaussian,0.2,isolated,uniform,2,0.1,20,False,500,49,,,961,970,core,full_factorial
898,architecture,9,main,N0,1000,2,2,6,spherical,normal,balanced,0.1,0.0,0,gaussian,0.2,isolated,uniform,2,0.1,20,False,500,49,,,971,980,core,full_factorial
899,architecture,9,main,N0,1000,2,2,6,spherical,normal,balanced,0.1,0.0,0,gaussian,0.2,isolated,uniform,2,0.1,20,False,500,49,,,981,990,core,full_factorial
900,architecture,9,main,N0,1000,2,2,6,spherical,normal,balanced,0.1,0.0,0,gaussian,0.2,isolated,uniform,2,0.1,20,False,500,49,,,991,1000,core,full_factorial
901,architecture,10,main,N0,1000,2,2,10,spherical,normal,balanced,0.1,0.0,0,gaussian,0.2,isolated,uniform,2,0.1,20,False,500,49,,,1,10,core,full_factorial
902,architecture,10,main,N0,1000,2,2,10,spherical,normal,balanced,0.1,0.0,0,gaussian,0.2,isolated,uniform,2,0.1,20,False,500,49,,,11,20,core,full_factorial
903,architecture,10,main,N0,1000,2,2,10,spherical,normal,balanced,0.1,0.0,0,gaussian,0.2,isolated,uniform,2,0.1,20,False,500,49,,,21,30,core,full_factorial
904,architecture,10,main,N0,1000,2,2,10,spherical,normal,balanced,0.1,0.0,0,gaussian,0.2,isolated,uniform,2,0.1,20,False,500,49,,,31,40,core,full_factorial
905,architecture,10,main,N0,1000,2,2,10,spherical,normal,balanced,0.1,0.0,0,gaussian,0.2,isolated,uniform,2,0.1,20,False,500,49,,,41,50,core,full_factorial
906,architecture,10,main,N0,1000,2,2,10,spherical,normal,balanced,0.1,0.0,0,gaussian,0.2,isolated,uniform,2,0.1,20,False,500,49,,,51,60,core,full_factorial
907,architecture,10,main,N0,1000,2,2,10,spherical,normal,balanced,0.1,0.0,0,gaussian,0.2,isolated,uniform,2,0.1,20,False,500,49,,,61,70,core,full_factorial
908,architecture,10,main,N0,1000,2,2,10,spherical,normal,balanced,0.1,0.0,0,gaussian,0.2,isolated,uniform,2,0.1,20,False,500,49,,,71,80,core,full_factorial
909,architecture,10,main,N0,1000,2,2,10,spherical,normal,balanced,0.1,0.0,0,gaussian,0.2,isolated,uniform,2,0.1,20,False,500,49,,,81,90,core,full_factorial
910,architecture,10,main,N0,1000,2,2,10,spherical,normal,balanced,0.1,0.0,0,gaussian,0.2,isolated,uniform,2,0.1,20,False,500,49,,,91,100,core,full_factorial
911,architecture,10,main,N0,1000,2,2,10,spherical,normal,balanced,0.1,0.0,0,gaussian,0.2,isolated,uniform,2,0.1,20,False,500,49,,,101,110,core,full_factorial
912,architecture,10,main,N0,1000,2,2,10,spherical,normal,balanced,0.1,0.0,0,gaussian,0.2,isolated,uniform,2,0.1,20,False,500,49,,,111,120,core,full_factorial
913,architecture,10,main,N0,1000,2,2,10,spherical,normal,balanced,0.1,0.0,0,gaussian,0.2,isolated,uniform,2,0.1,20,False,500,49,,,121,130,core,full_factorial
914,architecture,10,main,N0,1000,2,2,10,spherical,normal,balanced,0.1,0.0,0,gaussian,0.2,isolated,uniform,2,0.1,20,False,500,49,,,131,140,core,full_factorial
915,architecture,10,main,N0,1000,2,2,10,spherical,normal,balanced,0.1,0.0,0,gaussian,0.2,isolated,uniform,2,0.1,20,False,500,49,,,141,150,core,full_factorial
916,architecture,10,main,N0,1000,2,2,10,spherical,normal,balanced,0.1,0.0,0,gaussian,0.2,isolated,uniform,2,0.1,20,False,500,49,,,151,160,core,full_factorial
917,architecture,10,main,N0,1000,2,2,10,spherical,normal,balanced,0.1,0.0,0,gaussian,0.2,isolated,uniform,2,0.1,20,False,500,49,,,161,170,core,full_factorial
918,architecture,10,main,N0,1000,2,2,10,spherical,normal,balanced,0.1,0.0,0,gaussian,0.2,isolated,uniform,2,0.1,20,False,500,49,,,171,180,core,full_factorial
919,architecture,10,main,N0,1000,2,2,10,spherical,normal,balanced,0.1,0.0,0,gaussian,0.2,isolated,uniform,2,0.1,20,False,500,49,,,181,190,core,full_factorial
920,architecture,10,main,N0,1000,2,2,10,spherical,normal,balanced,0.1,0.0,0,gaussian,0.2,isolated,uniform,2,0.1,20,False,500,49,,,191,200,core,full_factorial
921,architecture,10,main,N0,1000,2,2,10,spherical,normal,balanced,0.1,0.0,0,gaussian,0.2,isolated,uniform,2,0.1,20,False,500,49,,,201,210,core,full_factorial
922,architecture,10,main,N0,1000,2,2,10,spherical,normal,balanced,0.1,0.0,0,gaussian,0.2,isolated,uniform,2,0.1,20,False,500,49,,,211,220,core,full_factorial
923,architecture,10,main,N0,1000,2,2,10,spherical,normal,balanced,0.1,0.0,0,gaussian,0.2,isolated,uniform,2,0.1,20,False,500,49,,,221,230,core,full_factorial
924,architecture,10,main,N0,1000,2,2,10,spherical,normal,balanced,0.1,0.0,0,gaussian,0.2,isolated,uniform,2,0.1,20,False,500,49,,,231,240,core,full_factorial
925,architecture,10,main,N0,1000,2,2,10,spherical,normal,balanced,0.1,0.0,0,gaussian,0.2,isolated,uniform,2,0.1,20,False,500,49,,,241,250,core,full_factorial
926,architecture,10,main,N0,1000,2,2,10,spherical,normal,balanced,0.1,0.0,0,gaussian,0.2,isolated,uniform,2,0.1,20,False,500,49,,,251,260,core,full_factorial
927,architecture,10,main,N0,1000,2,2,10,spherical,normal,balanced,0.1,0.0,0,gaussian,0.2,isolated,uniform,2,0.1,20,False,500,49,,,261,270,core,full_factorial
928,architecture,10,main,N0,1000,2,2,10,spherical,normal,balanced,0.1,0.0,0,gaussian,0.2,isolated,uniform,2,0.1,20,False,500,49,,,271,280,core,full_factorial
929,architecture,10,main,N0,1000,2,2,10,spherical,normal,balanced,0.1,0.0,0,gaussian,0.2,isolated,uniform,2,0.1,20,False,500,49,,,281,290,core,full_factorial
930,architecture,10,main,N0,1000,2,2,10,spherical,normal,balanced,0.1,0.0,0,gaussian,0.2,isolated,uniform,2,0.1,20,False,500,49,,,291,300,core,full_factorial
931,architecture,10,main,N0,1000,2,2,10,spherical,normal,balanced,0.1,0.0,0,gaussian,0.2,isolated,uniform,2,0.1,20,False,500,49,,,301,310,core,full_factorial
932,architecture,10,main,N0,1000,2,2,10,spherical,normal,balanced,0.1,0.0,0,gaussian,0.2,isolated,uniform,2,0.1,20,False,500,49,,,311,320,core,full_factorial
933,architecture,10,main,N0,1000,2,2,10,spherical,normal,balanced,0.1,0.0,0,gaussian,0.2,isolated,uniform,2,0.1,20,False,500,49,,,321,330,core,full_factorial
934,architecture,10,main,N0,1000,2,2,10,spherical,normal,balanced,0.1,0.0,0,gaussian,0.2,isolated,uniform,2,0.1,20,False,500,49,,,331,340,core,full_factorial
935,architecture,10,main,N0,1000,2,2,10,spherical,normal,balanced,0.1,0.0,0,gaussian,0.2,isolated,uniform,2,0.1,20,False,500,49,,,341,350,core,full_factorial
936,architecture,10,main,N0,1000,2,2,10,spherical,normal,balanced,0.1,0.0,0,gaussian,0.2,isolated,uniform,2,0.1,20,False,500,49,,,351,360,core,full_factorial
937,architecture,10,main,N0,1000,2,2,10,spherical,normal,balanced,0.1,0.0,0,gaussian,0.2,isolated,uniform,2,0.1,20,False,500,49,,,361,370,core,full_factorial
938,architecture,10,main,N0,1000,2,2,10,spherical,normal,balanced,0.1,0.0,0,gaussian,0.2,isolated,uniform,2,0.1,20,False,500,49,,,371,380,core,full_factorial
939,architecture,10,main,N0,1000,2,2,10,spherical,normal,balanced,0.1,0.0,0,gaussian,0.2,isolated,uniform,2,0.1,20,False,500,49,,,381,390,core,full_factorial
940,architecture,10,main,N0,1000,2,2,10,spherical,normal,balanced,0.1,0.0,0,gaussian,0.2,isolated,uniform,2,0.1,20,False,500,49,,,391,400,core,full_factorial
941,architecture,10,main,N0,1000,2,2,10,spherical,normal,balanced,0.1,0.0,0,gaussian,0.2,isolated,uniform,2,0.1,20,False,500,49,,,401,410,core,full_factorial
942,architecture,10,main,N0,1000,2,2,10,spherical,normal,balanced,0.1,0.0,0,gaussian,0.2,isolated,uniform,2,0.1,20,False,500,49,,,411,420,core,full_factorial
943,architecture,10,main,N0,1000,2,2,10,spherical,normal,balanced,0.1,0.0,0,gaussian,0.2,isolated,uniform,2,0.1,20,False,500,49,,,421,430,core,full_factorial
944,architecture,10,main,N0,1000,2,2,10,spherical,normal,balanced,0.1,0.0,0,gaussian,0.2,isolated,uniform,2,0.1,20,False,500,49,,,431,440,core,full_factorial
945,architecture,10,main,N0,1000,2,2,10,spherical,normal,balanced,0.1,0.0,0,gaussian,0.2,isolated,uniform,2,0.1,20,False,500,49,,,441,450,core,full_factorial
946,architecture,10,main,N0,1000,2,2,10,spherical,normal,balanced,0.1,0.0,0,gaussian,0.2,isolated,uniform,2,0.1,20,False,500,49,,,451,460,core,full_factorial
947,architecture,10,main,N0,1000,2,2,10,spherical,normal,balanced,0.1,0.0,0,gaussian,0.2,isolated,uniform,2,0.1,20,False,500,49,,,461,470,core,full_factorial
948,architecture,10,main,N0,1000,2,2,10,spherical,normal,balanced,0.1,0.0,0,gaussian,0.2,isolated,uniform,2,0.1,20,False,500,49,,,471,480,core,full_factorial
949,architecture,10,main,N0,1000,2,2,10,spherical,normal,balanced,0.1,0.0,0,gaussian,0.2,isolated,uniform,2,0.1,20,False,500,49,,,481,490,core,full_factorial
950,architecture,10,main,N0,1000,2,2,10,spherical,normal,balanced,0.1,0.0,0,gaussian,0.2,isolated,uniform,2,0.1,20,False,500,49,,,491,500,core,full_factorial
951,architecture,10,main,N0,1000,2,2,10,spherical,normal,balanced,0.1,0.0,0,gaussian,0.2,isolated,uniform,2,0.1,20,False,500,49,,,501,510,core,full_factorial
952,architecture,10,main,N0,1000,2,2,10,spherical,normal,balanced,0.1,0.0,0,gaussian,0.2,isolated,uniform,2,0.1,20,False,500,49,,,511,520,core,full_factorial
953,architecture,10,main,N0,1000,2,2,10,spherical,normal,balanced,0.1,0.0,0,gaussian,0.2,isolated,uniform,2,0.1,20,False,500,49,,,521,530,core,full_factorial
954,architecture,10,main,N0,1000,2,2,10,spherical,normal,balanced,0.1,0.0,0,gaussian,0.2,isolated,uniform,2,0.1,20,False,500,49,,,531,540,core,full_factorial
955,architecture,10,main,N0,1000,2,2,10,spherical,normal,balanced,0.1,0.0,0,gaussian,0.2,isolated,uniform,2,0.1,20,False,500,49,,,541,550,core,full_factorial
956,architecture,10,main,N0,1000,2,2,10,spherical,normal,balanced,0.1,0.0,0,gaussian,0.2,isolated,uniform,2,0.1,20,False,500,49,,,551,560,core,full_factorial
957,architecture,10,main,N0,1000,2,2,10,spherical,normal,balanced,0.1,0.0,0,gaussian,0.2,isolated,uniform,2,0.1,20,False,500,49,,,561,570,core,full_factorial
958,architecture,10,main,N0,1000,2,2,10,spherical,normal,balanced,0.1,0.0,0,gaussian,0.2,isolated,uniform,2,0.1,20,False,500,49,,,571,580,core,full_factorial
959,architecture,10,main,N0,1000,2,2,10,spherical,normal,balanced,0.1,0.0,0,gaussian,0.2,isolated,uniform,2,0.1,20,False,500,49,,,581,590,core,full_factorial
960,architecture,10,main,N0,1000,2,2,10,spherical,normal,balanced,0.1,0.0,0,gaussian,0.2,isolated,uniform,2,0.1,20,False,500,49,,,591,600,core,full_factorial
961,architecture,10,main,N0,1000,2,2,10,spherical,normal,balanced,0.1,0.0,0,gaussian,0.2,isolated,uniform,2,0.1,20,False,500,49,,,601,610,core,full_factorial
962,architecture,10,main,N0,1000,2,2,10,spherical,normal,balanced,0.1,0.0,0,gaussian,0.2,isolated,uniform,2,0.1,20,False,500,49,,,611,620,core,full_factorial
963,architecture,10,main,N0,1000,2,2,10,spherical,normal,balanced,0.1,0.0,0,gaussian,0.2,isolated,uniform,2,0.1,20,False,500,49,,,621,630,core,full_factorial
964,architecture,10,main,N0,1000,2,2,10,spherical,normal,balanced,0.1,0.0,0,gaussian,0.2,isolated,uniform,2,0.1,20,False,500,49,,,631,640,core,full_factorial
965,architecture,10,main,N0,1000,2,2,10,spherical,normal,balanced,0.1,0.0,0,gaussian,0.2,isolated,uniform,2,0.1,20,False,500,49,,,641,650,core,full_factorial
966,architecture,10,main,N0,1000,2,2,10,spherical,normal,balanced,0.1,0.0,0,gaussian,0.2,isolated,uniform,2,0.1,20,False,500,49,,,651,660,core,full_factorial
967,architecture,10,main,N0,1000,2,2,10,spherical,normal,balanced,0.1,0.0,0,gaussian,0.2,isolated,uniform,2,0.1,20,False,500,49,,,661,670,core,full_factorial
968,architecture,10,main,N0,1000,2,2,10,spherical,normal,balanced,0.1,0.0,0,gaussian,0.2,isolated,uniform,2,0.1,20,False,500,49,,,671,680,core,full_factorial
969,architecture,10,main,N0,1000,2,2,10,spherical,normal,balanced,0.1,0.0,0,gaussian,0.2,isolated,uniform,2,0.1,20,False,500,49,,,681,690,core,full_factorial
970,architecture,10,main,N0,1000,2,2,10,spherical,normal,balanced,0.1,0.0,0,gaussian,0.2,isolated,uniform,2,0.1,20,False,500,49,,,691,700,core,full_factorial
971,architecture,10,main,N0,1000,2,2,10,spherical,normal,balanced,0.1,0.0,0,gaussian,0.2,isolated,uniform,2,0.1,20,False,500,49,,,701,710,core,full_factorial
972,architecture,10,main,N0,1000,2,2,10,spherical,normal,balanced,0.1,0.0,0,gaussian,0.2,isolated,uniform,2,0.1,20,False,500,49,,,711,720,core,full_factorial
973,architecture,10,main,N0,1000,2,2,10,spherical,normal,balanced,0.1,0.0,0,gaussian,0.2,isolated,uniform,2,0.1,20,False,500,49,,,721,730,core,full_factorial
974,architecture,10,main,N0,1000,2,2,10,spherical,normal,balanced,0.1,0.0,0,gaussian,0.2,isolated,uniform,2,0.1,20,False,500,49,,,731,740,core,full_factorial
975,architecture,10,main,N0,1000,2,2,10,spherical,normal,balanced,0.1,0.0,0,gaussian,0.2,isolated,uniform,2,0.1,20,False,500,49,,,741,750,core,full_factorial
976,architecture,10,main,N0,1000,2,2,10,spherical,normal,balanced,0.1,0.0,0,gaussian,0.2,isolated,uniform,2,0.1,20,False,500,49,,,751,760,core,full_factorial
977,architecture,10,main,N0,1000,2,2,10,spherical,normal,balanced,0.1,0.0,0,gaussian,0.2,isolated,uniform,2,0.1,20,False,500,49,,,761,770,core,full_factorial
978,architecture,10,main,N0,1000,2,2,10,spherical,normal,balanced,0.1,0.0,0,gaussian,0.2,isolated,uniform,2,0.1,20,False,500,49,,,771,780,core,full_factorial
979,architecture,10,main,N0,1000,2,2,10,spherical,normal,balanced,0.1,0.0,0,gaussian,0.2,isolated,uniform,2,0.1,20,False,500,49,,,781,790,core,full_factorial
980,architecture,10,main,N0,1000,2,2,10,spherical,normal,balanced,0.1,0.0,0,gaussian,0.2,isolated,uniform,2,0.1,20,False,500,49,,,791,800,core,full_factorial
981,architecture,10,main,N0,1000,2,2,10,spherical,normal,balanced,0.1,0.0,0,gaussian,0.2,isolated,uniform,2,0.1,20,False,500,49,,,801,810,core,full_factorial
982,architecture,10,main,N0,1000,2,2,10,spherical,normal,balanced,0.1,0.0,0,gaussian,0.2,isolated,uniform,2,0.1,20,False,500,49,,,811,820,core,full_factorial
983,architecture,10,main,N0,1000,2,2,10,spherical,normal,balanced,0.1,0.0,0,gaussian,0.2,isolated,uniform,2,0.1,20,False,500,49,,,821,830,core,full_factorial
984,architecture,10,main,N0,1000,2,2,10,spherical,normal,balanced,0.1,0.0,0,gaussian,0.2,isolated,uniform,2,0.1,20,False,500,49,,,831,840,core,full_factorial
985,architecture,10,main,N0,1000,2,2,10,spherical,normal,balanced,0.1,0.0,0,gaussian,0.2,isolated,uniform,2,0.1,20,False,500,49,,,841,850,core,full_factorial
986,architecture,10,main,N0,1000,2,2,10,spherical,normal,balanced,0.1,0.0,0,gaussian,0.2,isolated,uniform,2,0.1,20,False,500,49,,,851,860,core,full_factorial
987,architecture,10,main,N0,1000,2,2,10,spherical,normal,balanced,0.1,0.0,0,gaussian,0.2,isolated,uniform,2,0.1,20,False,500,49,,,861,870,core,full_factorial
988,architecture,10,main,N0,1000,2,2,10,spherical,normal,balanced,0.1,0.0,0,gaussian,0.2,isolated,uniform,2,0.1,20,False,500,49,,,871,880,core,full_factorial
989,architecture,10,main,N0,1000,2,2,10,spherical,normal,balanced,0.1,0.0,0,gaussian,0.2,isolated,uniform,2,0.1,20,False,500,49,,,881,890,core,full_factorial
990,architecture,10,main,N0,1000,2,2,10,spherical,normal,balanced,0.1,0.0,0,gaussian,0.2,isolated,uniform,2,0.1,20,False,500,49,,,891,900,core,full_factorial
991,architecture,10,main,N0,1000,2,2,10,spherical,normal,balanced,0.1,0.0,0,gaussian,0.2,isolated,uniform,2,0.1,20,False,500,49,,,901,910,core,full_factorial
992,architecture,10,main,N0,1000,2,2,10,spherical,normal,balanced,0.1,0.0,0,gaussian,0.2,isolated,uniform,2,0.1,20,False,500,49,,,911,920,core,full_factorial
993,architecture,10,main,N0,1000,2,2,10,spherical,normal,balanced,0.1,0.0,0,gaussian,0.2,isolated,uniform,2,0.1,20,False,500,49,,,921,930,core,full_factorial
994,architecture,10,main,N0,1000,2,2,10,spherical,normal,balanced,0.1,0.0,0,gaussian,0.2,isolated,uniform,2,0.1,20,False,500,49,,,931,940,core,full_factorial
995,architecture,10,main,N0,1000,2,2,10,spherical,normal,balanced,0.1,0.0,0,gaussian,0.2,isolated,uniform,2,0.1,20,False,500,49,,,941,950,core,full_factorial
996,architecture,10,main,N0,1000,2,2,10,spherical,normal,balanced,0.1,0.0,0,gaussian,0.2,isolated,uniform,2,0.1,20,False,500,49,,,951,960,core,full_factorial
997,architecture,10,main,N0,1000,2,2,10,spherical,normal,balanced,0.1,0.0,0,gaussian,0.2,isolated,uniform,2,0.1,20,False,500,49,,,961,970,core,full_factorial
998,architecture,10,main,N0,1000,2,2,10,spherical,normal,balanced,0.1,0.0,0,gaussian,0.2,isolated,uniform,2,0.1,20,False,500,49,,,971,980,core,full_factorial
999,architecture,10,main,N0,1000,2,2,10,spherical,normal,balanced,0.1,0.0,0,gaussian,0.2,isolated,uniform,2,0.1,20,False,500,49,,,981,990,core,full_factorial
1000,architecture,10,main,N0,1000,2,2,10,spherical,normal,balanced,0.1,0.0,0,gaussian,0.2,isolated,uniform,2,0.1,20,False,500,49,,,991,1000,core,full_factorial
1001,architecture,11,main,N0,1000,2,2,6,elliptical,normal,balanced,0.1,0.0,0,gaussian,0.2,isolated,uniform,2,0.1,20,False,500,49,,,1,10,core,full_factorial
1002,architecture,11,main,N0,1000,2,2,6,elliptical,normal,balanced,0.1,0.0,0,gaussian,0.2,isolated,uniform,2,0.1,20,False,500,49,,,11,20,core,full_factorial
1003,architecture,11,main,N0,1000,2,2,6,elliptical,normal,balanced,0.1,0.0,0,gaussian,0.2,isolated,uniform,2,0.1,20,False,500,49,,,21,30,core,full_factorial
1004,architecture,11,main,N0,1000,2,2,6,elliptical,normal,balanced,0.1,0.0,0,gaussian,0.2,isolated,uniform,2,0.1,20,False,500,49,,,31,40,core,full_factorial
1005,architecture,11,main,N0,1000,2,2,6,elliptical,normal,balanced,0.1,0.0,0,gaussian,0.2,isolated,uniform,2,0.1,20,False,500,49,,,41,50,core,full_factorial
1006,architecture,11,main,N0,1000,2,2,6,elliptical,normal,balanced,0.1,0.0,0,gaussian,0.2,isolated,uniform,2,0.1,20,False,500,49,,,51,60,core,full_factorial
1007,architecture,11,main,N0,1000,2,2,6,elliptical,normal,balanced,0.1,0.0,0,gaussian,0.2,isolated,uniform,2,0.1,20,False,500,49,,,61,70,core,full_factorial
1008,architecture,11,main,N0,1000,2,2,6,elliptical,normal,balanced,0.1,0.0,0,gaussian,0.2,isolated,uniform,2,0.1,20,False,500,49,,,71,80,core,full_factorial
1009,architecture,11,main,N0,1000,2,2,6,elliptical,normal,balanced,0.1,0.0,0,gaussian,0.2,isolated,uniform,2,0.1,20,False,500,49,,,81,90,core,full_factorial
1010,architecture,11,main,N0,1000,2,2,6,elliptical,normal,balanced,0.1,0.0,0,gaussian,0.2,isolated,uniform,2,0.1,20,False,500,49,,,91,100,core,full_factorial
1011,architecture,11,main,N0,1000,2,2,6,elliptical,normal,balanced,0.1,0.0,0,gaussian,0.2,isolated,uniform,2,0.1,20,False,500,49,,,101,110,core,full_factorial
1012,architecture,11,main,N0,1000,2,2,6,elliptical,normal,balanced,0.1,0.0,0,gaussian,0.2,isolated,uniform,2,0.1,20,False,500,49,,,111,120,core,full_factorial
1013,architecture,11,main,N0,1000,2,2,6,elliptical,normal,balanced,0.1,0.0,0,gaussian,0.2,isolated,uniform,2,0.1,20,False,500,49,,,121,130,core,full_factorial
1014,architecture,11,main,N0,1000,2,2,6,elliptical,normal,balanced,0.1,0.0,0,gaussian,0.2,isolated,uniform,2,0.1,20,False,500,49,,,131,140,core,full_factorial
1015,architecture,11,main,N0,1000,2,2,6,elliptical,normal,balanced,0.1,0.0,0,gaussian,0.2,isolated,uniform,2,0.1,20,False,500,49,,,141,150,core,full_factorial
1016,architecture,11,main,N0,1000,2,2,6,elliptical,normal,balanced,0.1,0.0,0,gaussian,0.2,isolated,uniform,2,0.1,20,False,500,49,,,151,160,core,full_factorial
1017,architecture,11,main,N0,1000,2,2,6,elliptical,normal,balanced,0.1,0.0,0,gaussian,0.2,isolated,uniform,2,0.1,20,False,500,49,,,161,170,core,full_factorial
1018,architecture,11,main,N0,1000,2,2,6,elliptical,normal,balanced,0.1,0.0,0,gaussian,0.2,isolated,uniform,2,0.1,20,False,500,49,,,171,180,core,full_factorial
1019,architecture,11,main,N0,1000,2,2,6,elliptical,normal,balanced,0.1,0.0,0,gaussian,0.2,isolated,uniform,2,0.1,20,False,500,49,,,181,190,core,full_factorial
1020,architecture,11,main,N0,1000,2,2,6,elliptical,normal,balanced,0.1,0.0,0,gaussian,0.2,isolated,uniform,2,0.1,20,False,500,49,,,191,200,core,full_factorial
1021,architecture,11,main,N0,1000,2,2,6,elliptical,normal,balanced,0.1,0.0,0,gaussian,0.2,isolated,uniform,2,0.1,20,False,500,49,,,201,210,core,full_factorial
1022,architecture,11,main,N0,1000,2,2,6,elliptical,normal,balanced,0.1,0.0,0,gaussian,0.2,isolated,uniform,2,0.1,20,False,500,49,,,211,220,core,full_factorial
1023,architecture,11,main,N0,1000,2,2,6,elliptical,normal,balanced,0.1,0.0,0,gaussian,0.2,isolated,uniform,2,0.1,20,False,500,49,,,221,230,core,full_factorial
1024,architecture,11,main,N0,1000,2,2,6,elliptical,normal,balanced,0.1,0.0,0,gaussian,0.2,isolated,uniform,2,0.1,20,False,500,49,,,231,240,core,full_factorial
1025,architecture,11,main,N0,1000,2,2,6,elliptical,normal,balanced,0.1,0.0,0,gaussian,0.2,isolated,uniform,2,0.1,20,False,500,49,,,241,250,core,full_factorial
1026,architecture,11,main,N0,1000,2,2,6,elliptical,normal,balanced,0.1,0.0,0,gaussian,0.2,isolated,uniform,2,0.1,20,False,500,49,,,251,260,core,full_factorial
1027,architecture,11,main,N0,1000,2,2,6,elliptical,normal,balanced,0.1,0.0,0,gaussian,0.2,isolated,uniform,2,0.1,20,False,500,49,,,261,270,core,full_factorial
1028,architecture,11,main,N0,1000,2,2,6,elliptical,normal,balanced,0.1,0.0,0,gaussian,0.2,isolated,uniform,2,0.1,20,False,500,49,,,271,280,core,full_factorial
1029,architecture,11,main,N0,1000,2,2,6,elliptical,normal,balanced,0.1,0.0,0,gaussian,0.2,isolated,uniform,2,0.1,20,False,500,49,,,281,290,core,full_factorial
1030,architecture,11,main,N0,1000,2,2,6,elliptical,normal,balanced,0.1,0.0,0,gaussian,0.2,isolated,uniform,2,0.1,20,False,500,49,,,291,300,core,full_factorial
1031,architecture,11,main,N0,1000,2,2,6,elliptical,normal,balanced,0.1,0.0,0,gaussian,0.2,isolated,uniform,2,0.1,20,False,500,49,,,301,310,core,full_factorial
1032,architecture,11,main,N0,1000,2,2,6,elliptical,normal,balanced,0.1,0.0,0,gaussian,0.2,isolated,uniform,2,0.1,20,False,500,49,,,311,320,core,full_factorial
1033,architecture,11,main,N0,1000,2,2,6,elliptical,normal,balanced,0.1,0.0,0,gaussian,0.2,isolated,uniform,2,0.1,20,False,500,49,,,321,330,core,full_factorial
1034,architecture,11,main,N0,1000,2,2,6,elliptical,normal,balanced,0.1,0.0,0,gaussian,0.2,isolated,uniform,2,0.1,20,False,500,49,,,331,340,core,full_factorial
1035,architecture,11,main,N0,1000,2,2,6,elliptical,normal,balanced,0.1,0.0,0,gaussian,0.2,isolated,uniform,2,0.1,20,False,500,49,,,341,350,core,full_factorial
1036,architecture,11,main,N0,1000,2,2,6,elliptical,normal,balanced,0.1,0.0,0,gaussian,0.2,isolated,uniform,2,0.1,20,False,500,49,,,351,360,core,full_factorial
1037,architecture,11,main,N0,1000,2,2,6,elliptical,normal,balanced,0.1,0.0,0,gaussian,0.2,isolated,uniform,2,0.1,20,False,500,49,,,361,370,core,full_factorial
1038,architecture,11,main,N0,1000,2,2,6,elliptical,normal,balanced,0.1,0.0,0,gaussian,0.2,isolated,uniform,2,0.1,20,False,500,49,,,371,380,core,full_factorial
1039,architecture,11,main,N0,1000,2,2,6,elliptical,normal,balanced,0.1,0.0,0,gaussian,0.2,isolated,uniform,2,0.1,20,False,500,49,,,381,390,core,full_factorial
1040,architecture,11,main,N0,1000,2,2,6,elliptical,normal,balanced,0.1,0.0,0,gaussian,0.2,isolated,uniform,2,0.1,20,False,500,49,,,391,400,core,full_factorial
1041,architecture,11,main,N0,1000,2,2,6,elliptical,normal,balanced,0.1,0.0,0,gaussian,0.2,isolated,uniform,2,0.1,20,False,500,49,,,401,410,core,full_factorial
1042,architecture,11,main,N0,1000,2,2,6,elliptical,normal,balanced,0.1,0.0,0,gaussian,0.2,isolated,uniform,2,0.1,20,False,500,49,,,411,420,core,full_factorial
1043,architecture,11,main,N0,1000,2,2,6,elliptical,normal,balanced,0.1,0.0,0,gaussian,0.2,isolated,uniform,2,0.1,20,False,500,49,,,421,430,core,full_factorial
1044,architecture,11,main,N0,1000,2,2,6,elliptical,normal,balanced,0.1,0.0,0,gaussian,0.2,isolated,uniform,2,0.1,20,False,500,49,,,431,440,core,full_factorial
1045,architecture,11,main,N0,1000,2,2,6,elliptical,normal,balanced,0.1,0.0,0,gaussian,0.2,isolated,uniform,2,0.1,20,False,500,49,,,441,450,core,full_factorial
1046,architecture,11,main,N0,1000,2,2,6,elliptical,normal,balanced,0.1,0.0,0,gaussian,0.2,isolated,uniform,2,0.1,20,False,500,49,,,451,460,core,full_factorial
1047,architecture,11,main,N0,1000,2,2,6,elliptical,normal,balanced,0.1,0.0,0,gaussian,0.2,isolated,uniform,2,0.1,20,False,500,49,,,461,470,core,full_factorial
1048,architecture,11,main,N0,1000,2,2,6,elliptical,normal,balanced,0.1,0.0,0,gaussian,0.2,isolated,uniform,2,0.1,20,False,500,49,,,471,480,core,full_factorial
1049,architecture,11,main,N0,1000,2,2,6,elliptical,normal,balanced,0.1,0.0,0,gaussian,0.2,isolated,uniform,2,0.1,20,False,500,49,,,481,490,core,full_factorial
1050,architecture,11,main,N0,1000,2,2,6,elliptical,normal,balanced,0.1,0.0,0,gaussian,0.2,isolated,uniform,2,0.1,20,False,500,49,,,491,500,core,full_factorial
1051,architecture,11,main,N0,1000,2,2,6,elliptical,normal,balanced,0.1,0.0,0,gaussian,0.2,isolated,uniform,2,0.1,20,False,500,49,,,501,510,core,full_factorial
1052,architecture,11,main,N0,1000,2,2,6,elliptical,normal,balanced,0.1,0.0,0,gaussian,0.2,isolated,uniform,2,0.1,20,False,500,49,,,511,520,core,full_factorial
1053,architecture,11,main,N0,1000,2,2,6,elliptical,normal,balanced,0.1,0.0,0,gaussian,0.2,isolated,uniform,2,0.1,20,False,500,49,,,521,530,core,full_factorial
1054,architecture,11,main,N0,1000,2,2,6,elliptical,normal,balanced,0.1,0.0,0,gaussian,0.2,isolated,uniform,2,0.1,20,False,500,49,,,531,540,core,full_factorial
1055,architecture,11,main,N0,1000,2,2,6,elliptical,normal,balanced,0.1,0.0,0,gaussian,0.2,isolated,uniform,2,0.1,20,False,500,49,,,541,550,core,full_factorial
1056,architecture,11,main,N0,1000,2,2,6,elliptical,normal,balanced,0.1,0.0,0,gaussian,0.2,isolated,uniform,2,0.1,20,False,500,49,,,551,560,core,full_factorial
1057,architecture,11,main,N0,1000,2,2,6,elliptical,normal,balanced,0.1,0.0,0,gaussian,0.2,isolated,uniform,2,0.1,20,False,500,49,,,561,570,core,full_factorial
1058,architecture,11,main,N0,1000,2,2,6,elliptical,normal,balanced,0.1,0.0,0,gaussian,0.2,isolated,uniform,2,0.1,20,False,500,49,,,571,580,core,full_factorial
1059,architecture,11,main,N0,1000,2,2,6,elliptical,normal,balanced,0.1,0.0,0,gaussian,0.2,isolated,uniform,2,0.1,20,False,500,49,,,581,590,core,full_factorial
1060,architecture,11,main,N0,1000,2,2,6,elliptical,normal,balanced,0.1,0.0,0,gaussian,0.2,isolated,uniform,2,0.1,20,False,500,49,,,591,600,core,full_factorial
1061,architecture,11,main,N0,1000,2,2,6,elliptical,normal,balanced,0.1,0.0,0,gaussian,0.2,isolated,uniform,2,0.1,20,False,500,49,,,601,610,core,full_factorial
1062,architecture,11,main,N0,1000,2,2,6,elliptical,normal,balanced,0.1,0.0,0,gaussian,0.2,isolated,uniform,2,0.1,20,False,500,49,,,611,620,core,full_factorial
1063,architecture,11,main,N0,1000,2,2,6,elliptical,normal,balanced,0.1,0.0,0,gaussian,0.2,isolated,uniform,2,0.1,20,False,500,49,,,621,630,core,full_factorial
1064,architecture,11,main,N0,1000,2,2,6,elliptical,normal,balanced,0.1,0.0,0,gaussian,0.2,isolated,uniform,2,0.1,20,False,500,49,,,631,640,core,full_factorial
1065,architecture,11,main,N0,1000,2,2,6,elliptical,normal,balanced,0.1,0.0,0,gaussian,0.2,isolated,uniform,2,0.1,20,False,500,49,,,641,650,core,full_factorial
1066,architecture,11,main,N0,1000,2,2,6,elliptical,normal,balanced,0.1,0.0,0,gaussian,0.2,isolated,uniform,2,0.1,20,False,500,49,,,651,660,core,full_factorial
1067,architecture,11,main,N0,1000,2,2,6,elliptical,normal,balanced,0.1,0.0,0,gaussian,0.2,isolated,uniform,2,0.1,20,False,500,49,,,661,670,core,full_factorial
1068,architecture,11,main,N0,1000,2,2,6,elliptical,normal,balanced,0.1,0.0,0,gaussian,0.2,isolated,uniform,2,0.1,20,False,500,49,,,671,680,core,full_factorial
1069,architecture,11,main,N0,1000,2,2,6,elliptical,normal,balanced,0.1,0.0,0,gaussian,0.2,isolated,uniform,2,0.1,20,False,500,49,,,681,690,core,full_factorial
1070,architecture,11,main,N0,1000,2,2,6,elliptical,normal,balanced,0.1,0.0,0,gaussian,0.2,isolated,uniform,2,0.1,20,False,500,49,,,691,700,core,full_factorial
1071,architecture,11,main,N0,1000,2,2,6,elliptical,normal,balanced,0.1,0.0,0,gaussian,0.2,isolated,uniform,2,0.1,20,False,500,49,,,701,710,core,full_factorial
1072,architecture,11,main,N0,1000,2,2,6,elliptical,normal,balanced,0.1,0.0,0,gaussian,0.2,isolated,uniform,2,0.1,20,False,500,49,,,711,720,core,full_factorial
1073,architecture,11,main,N0,1000,2,2,6,elliptical,normal,balanced,0.1,0.0,0,gaussian,0.2,isolated,uniform,2,0.1,20,False,500,49,,,721,730,core,full_factorial
1074,architecture,11,main,N0,1000,2,2,6,elliptical,normal,balanced,0.1,0.0,0,gaussian,0.2,isolated,uniform,2,0.1,20,False,500,49,,,731,740,core,full_factorial
1075,architecture,11,main,N0,1000,2,2,6,elliptical,normal,balanced,0.1,0.0,0,gaussian,0.2,isolated,uniform,2,0.1,20,False,500,49,,,741,750,core,full_factorial
1076,architecture,11,main,N0,1000,2,2,6,elliptical,normal,balanced,0.1,0.0,0,gaussian,0.2,isolated,uniform,2,0.1,20,False,500,49,,,751,760,core,full_factorial
1077,architecture,11,main,N0,1000,2,2,6,elliptical,normal,balanced,0.1,0.0,0,gaussian,0.2,isolated,uniform,2,0.1,20,False,500,49,,,761,770,core,full_factorial
1078,architecture,11,main,N0,1000,2,2,6,elliptical,normal,balanced,0.1,0.0,0,gaussian,0.2,isolated,uniform,2,0.1,20,False,500,49,,,771,780,core,full_factorial
1079,architecture,11,main,N0,1000,2,2,6,elliptical,normal,balanced,0.1,0.0,0,gaussian,0.2,isolated,uniform,2,0.1,20,False,500,49,,,781,790,core,full_factorial
1080,architecture,11,main,N0,1000,2,2,6,elliptical,normal,balanced,0.1,0.0,0,gaussian,0.2,isolated,uniform,2,0.1,20,False,500,49,,,791,800,core,full_factorial
1081,architecture,11,main,N0,1000,2,2,6,elliptical,normal,balanced,0.1,0.0,0,gaussian,0.2,isolated,uniform,2,0.1,20,False,500,49,,,801,810,core,full_factorial
1082,architecture,11,main,N0,1000,2,2,6,elliptical,normal,balanced,0.1,0.0,0,gaussian,0.2,isolated,uniform,2,0.1,20,False,500,49,,,811,820,core,full_factorial
1083,architecture,11,main,N0,1000,2,2,6,elliptical,normal,balanced,0.1,0.0,0,gaussian,0.2,isolated,uniform,2,0.1,20,False,500,49,,,821,830,core,full_factorial
1084,architecture,11,main,N0,1000,2,2,6,elliptical,normal,balanced,0.1,0.0,0,gaussian,0.2,isolated,uniform,2,0.1,20,False,500,49,,,831,840,core,full_factorial
1085,architecture,11,main,N0,1000,2,2,6,elliptical,normal,balanced,0.1,0.0,0,gaussian,0.2,isolated,uniform,2,0.1,20,False,500,49,,,841,850,core,full_factorial
1086,architecture,11,main,N0,1000,2,2,6,elliptical,normal,balanced,0.1,0.0,0,gaussian,0.2,isolated,uniform,2,0.1,20,False,500,49,,,851,860,core,full_factorial
1087,architecture,11,main,N0,1000,2,2,6,elliptical,normal,balanced,0.1,0.0,0,gaussian,0.2,isolated,uniform,2,0.1,20,False,500,49,,,861,870,core,full_factorial
1088,architecture,11,main,N0,1000,2,2,6,elliptical,normal,balanced,0.1,0.0,0,gaussian,0.2,isolated,uniform,2,0.1,20,False,500,49,,,871,880,core,full_factorial
1089,architecture,11,main,N0,1000,2,2,6,elliptical,normal,balanced,0.1,0.0,0,gaussian,0.2,isolated,uniform,2,0.1,20,False,500,49,,,881,890,core,full_factorial
1090,architecture,11,main,N0,1000,2,2,6,elliptical,normal,balanced,0.1,0.0,0,gaussian,0.2,isolated,uniform,2,0.1,20,False,500,49,,,891,900,core,full_factorial
1091,architecture,11,main,N0,1000,2,2,6,elliptical,normal,balanced,0.1,0.0,0,gaussian,0.2,isolated,uniform,2,0.1,20,False,500,49,,,901,910,core,full_factorial
1092,architecture,11,main,N0,1000,2,2,6,elliptical,normal,balanced,0.1,0.0,0,gaussian,0.2,isolated,uniform,2,0.1,20,False,500,49,,,911,920,core,full_factorial
1093,architecture,11,main,N0,1000,2,2,6,elliptical,normal,balanced,0.1,0.0,0,gaussian,0.2,isolated,uniform,2,0.1,20,False,500,49,,,921,930,core,full_factorial
1094,architecture,11,main,N0,1000,2,2,6,elliptical,normal,balanced,0.1,0.0,0,gaussian,0.2,isolated,uniform,2,0.1,20,False,500,49,,,931,940,core,full_factorial
1095,architecture,11,main,N0,1000,2,2,6,elliptical,normal,balanced,0.1,0.0,0,gaussian,0.2,isolated,uniform,2,0.1,20,False,500,49,,,941,950,core,full_factorial
1096,architecture,11,main,N0,1000,2,2,6,elliptical,normal,balanced,0.1,0.0,0,gaussian,0.2,isolated,uniform,2,0.1,20,False,500,49,,,951,960,core,full_factorial
1097,architecture,11,main,N0,1000,2,2,6,elliptical,normal,balanced,0.1,0.0,0,gaussian,0.2,isolated,uniform,2,0.1,20,False,500,49,,,961,970,core,full_factorial
1098,architecture,11,main,N0,1000,2,2,6,elliptical,normal,balanced,0.1,0.0,0,gaussian,0.2,isolated,uniform,2,0.1,20,False,500,49,,,971,980,core,full_factorial
1099,architecture,11,main,N0,1000,2,2,6,elliptical,normal,balanced,0.1,0.0,0,gaussian,0.2,isolated,uniform,2,0.1,20,False,500,49,,,981,990,core,full_factorial
1100,architecture,11,main,N0,1000,2,2,6,elliptical,normal,balanced,0.1,0.0,0,gaussian,0.2,isolated,uniform,2,0.1,20,False,500,49,,,991,1000,core,full_factorial
1101,architecture,12,main,N0,1000,2,2,10,elliptical,normal,balanced,0.1,0.0,0,gaussian,0.2,isolated,uniform,2,0.1,20,False,500,49,,,1,10,core,full_factorial
1102,architecture,12,main,N0,1000,2,2,10,elliptical,normal,balanced,0.1,0.0,0,gaussian,0.2,isolated,uniform,2,0.1,20,False,500,49,,,11,20,core,full_factorial
1103,architecture,12,main,N0,1000,2,2,10,elliptical,normal,balanced,0.1,0.0,0,gaussian,0.2,isolated,uniform,2,0.1,20,False,500,49,,,21,30,core,full_factorial
1104,architecture,12,main,N0,1000,2,2,10,elliptical,normal,balanced,0.1,0.0,0,gaussian,0.2,isolated,uniform,2,0.1,20,False,500,49,,,31,40,core,full_factorial
1105,architecture,12,main,N0,1000,2,2,10,elliptical,normal,balanced,0.1,0.0,0,gaussian,0.2,isolated,uniform,2,0.1,20,False,500,49,,,41,50,core,full_factorial
1106,architecture,12,main,N0,1000,2,2,10,elliptical,normal,balanced,0.1,0.0,0,gaussian,0.2,isolated,uniform,2,0.1,20,False,500,49,,,51,60,core,full_factorial
1107,architecture,12,main,N0,1000,2,2,10,elliptical,normal,balanced,0.1,0.0,0,gaussian,0.2,isolated,uniform,2,0.1,20,False,500,49,,,61,70,core,full_factorial
1108,architecture,12,main,N0,1000,2,2,10,elliptical,normal,balanced,0.1,0.0,0,gaussian,0.2,isolated,uniform,2,0.1,20,False,500,49,,,71,80,core,full_factorial
1109,architecture,12,main,N0,1000,2,2,10,elliptical,normal,balanced,0.1,0.0,0,gaussian,0.2,isolated,uniform,2,0.1,20,False,500,49,,,81,90,core,full_factorial
1110,architecture,12,main,N0,1000,2,2,10,elliptical,normal,balanced,0.1,0.0,0,gaussian,0.2,isolated,uniform,2,0.1,20,False,500,49,,,91,100,core,full_factorial
1111,architecture,12,main,N0,1000,2,2,10,elliptical,normal,balanced,0.1,0.0,0,gaussian,0.2,isolated,uniform,2,0.1,20,False,500,49,,,101,110,core,full_factorial
1112,architecture,12,main,N0,1000,2,2,10,elliptical,normal,balanced,0.1,0.0,0,gaussian,0.2,isolated,uniform,2,0.1,20,False,500,49,,,111,120,core,full_factorial
1113,architecture,12,main,N0,1000,2,2,10,elliptical,normal,balanced,0.1,0.0,0,gaussian,0.2,isolated,uniform,2,0.1,20,False,500,49,,,121,130,core,full_factorial
1114,architecture,12,main,N0,1000,2,2,10,elliptical,normal,balanced,0.1,0.0,0,gaussian,0.2,isolated,uniform,2,0.1,20,False,500,49,,,131,140,core,full_factorial
1115,architecture,12,main,N0,1000,2,2,10,elliptical,normal,balanced,0.1,0.0,0,gaussian,0.2,isolated,uniform,2,0.1,20,False,500,49,,,141,150,core,full_factorial
1116,architecture,12,main,N0,1000,2,2,10,elliptical,normal,balanced,0.1,0.0,0,gaussian,0.2,isolated,uniform,2,0.1,20,False,500,49,,,151,160,core,full_factorial
1117,architecture,12,main,N0,1000,2,2,10,elliptical,normal,balanced,0.1,0.0,0,gaussian,0.2,isolated,uniform,2,0.1,20,False,500,49,,,161,170,core,full_factorial
1118,architecture,12,main,N0,1000,2,2,10,elliptical,normal,balanced,0.1,0.0,0,gaussian,0.2,isolated,uniform,2,0.1,20,False,500,49,,,171,180,core,full_factorial
1119,architecture,12,main,N0,1000,2,2,10,elliptical,normal,balanced,0.1,0.0,0,gaussian,0.2,isolated,uniform,2,0.1,20,False,500,49,,,181,190,core,full_factorial
1120,architecture,12,main,N0,1000,2,2,10,elliptical,normal,balanced,0.1,0.0,0,gaussian,0.2,isolated,uniform,2,0.1,20,False,500,49,,,191,200,core,full_factorial
1121,architecture,12,main,N0,1000,2,2,10,elliptical,normal,balanced,0.1,0.0,0,gaussian,0.2,isolated,uniform,2,0.1,20,False,500,49,,,201,210,core,full_factorial
1122,architecture,12,main,N0,1000,2,2,10,elliptical,normal,balanced,0.1,0.0,0,gaussian,0.2,isolated,uniform,2,0.1,20,False,500,49,,,211,220,core,full_factorial
1123,architecture,12,main,N0,1000,2,2,10,elliptical,normal,balanced,0.1,0.0,0,gaussian,0.2,isolated,uniform,2,0.1,20,False,500,49,,,221,230,core,full_factorial
1124,architecture,12,main,N0,1000,2,2,10,elliptical,normal,balanced,0.1,0.0,0,gaussian,0.2,isolated,uniform,2,0.1,20,False,500,49,,,231,240,core,full_factorial
1125,architecture,12,main,N0,1000,2,2,10,elliptical,normal,balanced,0.1,0.0,0,gaussian,0.2,isolated,uniform,2,0.1,20,False,500,49,,,241,250,core,full_factorial
1126,architecture,12,main,N0,1000,2,2,10,elliptical,normal,balanced,0.1,0.0,0,gaussian,0.2,isolated,uniform,2,0.1,20,False,500,49,,,251,260,core,full_factorial
1127,architecture,12,main,N0,1000,2,2,10,elliptical,normal,balanced,0.1,0.0,0,gaussian,0.2,isolated,uniform,2,0.1,20,False,500,49,,,261,270,core,full_factorial
1128,architecture,12,main,N0,1000,2,2,10,elliptical,normal,balanced,0.1,0.0,0,gaussian,0.2,isolated,uniform,2,0.1,20,False,500,49,,,271,280,core,full_factorial
1129,architecture,12,main,N0,1000,2,2,10,elliptical,normal,balanced,0.1,0.0,0,gaussian,0.2,isolated,uniform,2,0.1,20,False,500,49,,,281,290,core,full_factorial
1130,architecture,12,main,N0,1000,2,2,10,elliptical,normal,balanced,0.1,0.0,0,gaussian,0.2,isolated,uniform,2,0.1,20,False,500,49,,,291,300,core,full_factorial
1131,architecture,12,main,N0,1000,2,2,10,elliptical,normal,balanced,0.1,0.0,0,gaussian,0.2,isolated,uniform,2,0.1,20,False,500,49,,,301,310,core,full_factorial
1132,architecture,12,main,N0,1000,2,2,10,elliptical,normal,balanced,0.1,0.0,0,gaussian,0.2,isolated,uniform,2,0.1,20,False,500,49,,,311,320,core,full_factorial
1133,architecture,12,main,N0,1000,2,2,10,elliptical,normal,balanced,0.1,0.0,0,gaussian,0.2,isolated,uniform,2,0.1,20,False,500,49,,,321,330,core,full_factorial
1134,architecture,12,main,N0,1000,2,2,10,elliptical,normal,balanced,0.1,0.0,0,gaussian,0.2,isolated,uniform,2,0.1,20,False,500,49,,,331,340,core,full_factorial
1135,architecture,12,main,N0,1000,2,2,10,elliptical,normal,balanced,0.1,0.0,0,gaussian,0.2,isolated,uniform,2,0.1,20,False,500,49,,,341,350,core,full_factorial
1136,architecture,12,main,N0,1000,2,2,10,elliptical,normal,balanced,0.1,0.0,0,gaussian,0.2,isolated,uniform,2,0.1,20,False,500,49,,,351,360,core,full_factorial
1137,architecture,12,main,N0,1000,2,2,10,elliptical,normal,balanced,0.1,0.0,0,gaussian,0.2,isolated,uniform,2,0.1,20,False,500,49,,,361,370,core,full_factorial
1138,architecture,12,main,N0,1000,2,2,10,elliptical,normal,balanced,0.1,0.0,0,gaussian,0.2,isolated,uniform,2,0.1,20,False,500,49,,,371,380,core,full_factorial
1139,architecture,12,main,N0,1000,2,2,10,elliptical,normal,balanced,0.1,0.0,0,gaussian,0.2,isolated,uniform,2,0.1,20,False,500,49,,,381,390,core,full_factorial
1140,architecture,12,main,N0,1000,2,2,10,elliptical,normal,balanced,0.1,0.0,0,gaussian,0.2,isolated,uniform,2,0.1,20,False,500,49,,,391,400,core,full_factorial
1141,architecture,12,main,N0,1000,2,2,10,elliptical,normal,balanced,0.1,0.0,0,gaussian,0.2,isolated,uniform,2,0.1,20,False,500,49,,,401,410,core,full_factorial
1142,architecture,12,main,N0,1000,2,2,10,elliptical,normal,balanced,0.1,0.0,0,gaussian,0.2,isolated,uniform,2,0.1,20,False,500,49,,,411,420,core,full_factorial
1143,architecture,12,main,N0,1000,2,2,10,elliptical,normal,balanced,0.1,0.0,0,gaussian,0.2,isolated,uniform,2,0.1,20,False,500,49,,,421,430,core,full_factorial
1144,architecture,12,main,N0,1000,2,2,10,elliptical,normal,balanced,0.1,0.0,0,gaussian,0.2,isolated,uniform,2,0.1,20,False,500,49,,,431,440,core,full_factorial
1145,architecture,12,main,N0,1000,2,2,10,elliptical,normal,balanced,0.1,0.0,0,gaussian,0.2,isolated,uniform,2,0.1,20,False,500,49,,,441,450,core,full_factorial
1146,architecture,12,main,N0,1000,2,2,10,elliptical,normal,balanced,0.1,0.0,0,gaussian,0.2,isolated,uniform,2,0.1,20,False,500,49,,,451,460,core,full_factorial
1147,architecture,12,main,N0,1000,2,2,10,elliptical,normal,balanced,0.1,0.0,0,gaussian,0.2,isolated,uniform,2,0.1,20,False,500,49,,,461,470,core,full_factorial
1148,architecture,12,main,N0,1000,2,2,10,elliptical,normal,balanced,0.1,0.0,0,gaussian,0.2,isolated,uniform,2,0.1,20,False,500,49,,,471,480,core,full_factorial
1149,architecture,12,main,N0,1000,2,2,10,elliptical,normal,balanced,0.1,0.0,0,gaussian,0.2,isolated,uniform,2,0.1,20,False,500,49,,,481,490,core,full_factorial
1150,architecture,12,main,N0,1000,2,2,10,elliptical,normal,balanced,0.1,0.0,0,gaussian,0.2,isolated,uniform,2,0.1,20,False,500,49,,,491,500,core,full_factorial
1151,architecture,12,main,N0,1000,2,2,10,elliptical,normal,balanced,0.1,0.0,0,gaussian,0.2,isolated,uniform,2,0.1,20,False,500,49,,,501,510,core,full_factorial
1152,architecture,12,main,N0,1000,2,2,10,elliptical,normal,balanced,0.1,0.0,0,gaussian,0.2,isolated,uniform,2,0.1,20,False,500,49,,,511,520,core,full_factorial
1153,architecture,12,main,N0,1000,2,2,10,elliptical,normal,balanced,0.1,0.0,0,gaussian,0.2,isolated,uniform,2,0.1,20,False,500,49,,,521,530,core,full_factorial
1154,architecture,12,main,N0,1000,2,2,10,elliptical,normal,balanced,0.1,0.0,0,gaussian,0.2,isolated,uniform,2,0.1,20,False,500,49,,,531,540,core,full_factorial
1155,architecture,12,main,N0,1000,2,2,10,elliptical,normal,balanced,0.1,0.0,0,gaussian,0.2,isolated,uniform,2,0.1,20,False,500,49,,,541,550,core,full_factorial
1156,architecture,12,main,N0,1000,2,2,10,elliptical,normal,balanced,0.1,0.0,0,gaussian,0.2,isolated,uniform,2,0.1,20,False,500,49,,,551,560,core,full_factorial
1157,architecture,12,main,N0,1000,2,2,10,elliptical,normal,balanced,0.1,0.0,0,gaussian,0.2,isolated,uniform,2,0.1,20,False,500,49,,,561,570,core,full_factorial
1158,architecture,12,main,N0,1000,2,2,10,elliptical,normal,balanced,0.1,0.0,0,gaussian,0.2,isolated,uniform,2,0.1,20,False,500,49,,,571,580,core,full_factorial
1159,architecture,12,main,N0,1000,2,2,10,elliptical,normal,balanced,0.1,0.0,0,gaussian,0.2,isolated,uniform,2,0.1,20,False,500,49,,,581,590,core,full_factorial
1160,architecture,12,main,N0,1000,2,2,10,elliptical,normal,balanced,0.1,0.0,0,gaussian,0.2,isolated,uniform,2,0.1,20,False,500,49,,,591,600,core,full_factorial
1161,architecture,12,main,N0,1000,2,2,10,elliptical,normal,balanced,0.1,0.0,0,gaussian,0.2,isolated,uniform,2,0.1,20,False,500,49,,,601,610,core,full_factorial
1162,architecture,12,main,N0,1000,2,2,10,elliptical,normal,balanced,0.1,0.0,0,gaussian,0.2,isolated,uniform,2,0.1,20,False,500,49,,,611,620,core,full_factorial
1163,architecture,12,main,N0,1000,2,2,10,elliptical,normal,balanced,0.1,0.0,0,gaussian,0.2,isolated,uniform,2,0.1,20,False,500,49,,,621,630,core,full_factorial
1164,architecture,12,main,N0,1000,2,2,10,elliptical,normal,balanced,0.1,0.0,0,gaussian,0.2,isolated,uniform,2,0.1,20,False,500,49,,,631,640,core,full_factorial
1165,architecture,12,main,N0,1000,2,2,10,elliptical,normal,balanced,0.1,0.0,0,gaussian,0.2,isolated,uniform,2,0.1,20,False,500,49,,,641,650,core,full_factorial
1166,architecture,12,main,N0,1000,2,2,10,elliptical,normal,balanced,0.1,0.0,0,gaussian,0.2,isolated,uniform,2,0.1,20,False,500,49,,,651,660,core,full_factorial
1167,architecture,12,main,N0,1000,2,2,10,elliptical,normal,balanced,0.1,0.0,0,gaussian,0.2,isolated,uniform,2,0.1,20,False,500,49,,,661,670,core,full_factorial
1168,architecture,12,main,N0,1000,2,2,10,elliptical,normal,balanced,0.1,0.0,0,gaussian,0.2,isolated,uniform,2,0.1,20,False,500,49,,,671,680,core,full_factorial
1169,architecture,12,main,N0,1000,2,2,10,elliptical,normal,balanced,0.1,0.0,0,gaussian,0.2,isolated,uniform,2,0.1,20,False,500,49,,,681,690,core,full_factorial
1170,architecture,12,main,N0,1000,2,2,10,elliptical,normal,balanced,0.1,0.0,0,gaussian,0.2,isolated,uniform,2,0.1,20,False,500,49,,,691,700,core,full_factorial
1171,architecture,12,main,N0,1000,2,2,10,elliptical,normal,balanced,0.1,0.0,0,gaussian,0.2,isolated,uniform,2,0.1,20,False,500,49,,,701,710,core,full_factorial
1172,architecture,12,main,N0,1000,2,2,10,elliptical,normal,balanced,0.1,0.0,0,gaussian,0.2,isolated,uniform,2,0.1,20,False,500,49,,,711,720,core,full_factorial
1173,architecture,12,main,N0,1000,2,2,10,elliptical,normal,balanced,0.1,0.0,0,gaussian,0.2,isolated,uniform,2,0.1,20,False,500,49,,,721,730,core,full_factorial
1174,architecture,12,main,N0,1000,2,2,10,elliptical,normal,balanced,0.1,0.0,0,gaussian,0.2,isolated,uniform,2,0.1,20,False,500,49,,,731,740,core,full_factorial
1175,architecture,12,main,N0,1000,2,2,10,elliptical,normal,balanced,0.1,0.0,0,gaussian,0.2,isolated,uniform,2,0.1,20,False,500,49,,,741,750,core,full_factorial
1176,architecture,12,main,N0,1000,2,2,10,elliptical,normal,balanced,0.1,0.0,0,gaussian,0.2,isolated,uniform,2,0.1,20,False,500,49,,,751,760,core,full_factorial
1177,architecture,12,main,N0,1000,2,2,10,elliptical,normal,balanced,0.1,0.0,0,gaussian,0.2,isolated,uniform,2,0.1,20,False,500,49,,,761,770,core,full_factorial
1178,architecture,12,main,N0,1000,2,2,10,elliptical,normal,balanced,0.1,0.0,0,gaussian,0.2,isolated,uniform,2,0.1,20,False,500,49,,,771,780,core,full_factorial
1179,architecture,12,main,N0,1000,2,2,10,elliptical,normal,balanced,0.1,0.0,0,gaussian,0.2,isolated,uniform,2,0.1,20,False,500,49,,,781,790,core,full_factorial
1180,architecture,12,main,N0,1000,2,2,10,elliptical,normal,balanced,0.1,0.0,0,gaussian,0.2,isolated,uniform,2,0.1,20,False,500,49,,,791,800,core,full_factorial
1181,architecture,12,main,N0,1000,2,2,10,elliptical,normal,balanced,0.1,0.0,0,gaussian,0.2,isolated,uniform,2,0.1,20,False,500,49,,,801,810,core,full_factorial
1182,architecture,12,main,N0,1000,2,2,10,elliptical,normal,balanced,0.1,0.0,0,gaussian,0.2,isolated,uniform,2,0.1,20,False,500,49,,,811,820,core,full_factorial
1183,architecture,12,main,N0,1000,2,2,10,elliptical,normal,balanced,0.1,0.0,0,gaussian,0.2,isolated,uniform,2,0.1,20,False,500,49,,,821,830,core,full_factorial
1184,architecture,12,main,N0,1000,2,2,10,elliptical,normal,balanced,0.1,0.0,0,gaussian,0.2,isolated,uniform,2,0.1,20,False,500,49,,,831,840,core,full_factorial
1185,architecture,12,main,N0,1000,2,2,10,elliptical,normal,balanced,0.1,0.0,0,gaussian,0.2,isolated,uniform,2,0.1,20,False,500,49,,,841,850,core,full_factorial
1186,architecture,12,main,N0,1000,2,2,10,elliptical,normal,balanced,0.1,0.0,0,gaussian,0.2,isolated,uniform,2,0.1,20,False,500,49,,,851,860,core,full_factorial
1187,architecture,12,main,N0,1000,2,2,10,elliptical,normal,balanced,0.1,0.0,0,gaussian,0.2,isolated,uniform,2,0.1,20,False,500,49,,,861,870,core,full_factorial
1188,architecture,12,main,N0,1000,2,2,10,elliptical,normal,balanced,0.1,0.0,0,gaussian,0.2,isolated,uniform,2,0.1,20,False,500,49,,,871,880,core,full_factorial
1189,architecture,12,main,N0,1000,2,2,10,elliptical,normal,balanced,0.1,0.0,0,gaussian,0.2,isolated,uniform,2,0.1,20,False,500,49,,,881,890,core,full_factorial
1190,architecture,12,main,N0,1000,2,2,10,elliptical,normal,balanced,0.1,0.0,0,gaussian,0.2,isolated,uniform,2,0.1,20,False,500,49,,,891,900,core,full_factorial
1191,architecture,12,main,N0,1000,2,2,10,elliptical,normal,balanced,0.1,0.0,0,gaussian,0.2,isolated,uniform,2,0.1,20,False,500,49,,,901,910,core,full_factorial
1192,architecture,12,main,N0,1000,2,2,10,elliptical,normal,balanced,0.1,0.0,0,gaussian,0.2,isolated,uniform,2,0.1,20,False,500,49,,,911,920,core,full_factorial
1193,architecture,12,main,N0,1000,2,2,10,elliptical,normal,balanced,0.1,0.0,0,gaussian,0.2,isolated,uniform,2,0.1,20,False,500,49,,,921,930,core,full_factorial
1194,architecture,12,main,N0,1000,2,2,10,elliptical,normal,balanced,0.1,0.0,0,gaussian,0.2,isolated,uniform,2,0.1,20,False,500,49,,,931,940,core,full_factorial
1195,architecture,12,main,N0,1000,2,2,10,elliptical,normal,balanced,0.1,0.0,0,gaussian,0.2,isolated,uniform,2,0.1,20,False,500,49,,,941,950,core,full_factorial
1196,architecture,12,main,N0,1000,2,2,10,elliptical,normal,balanced,0.1,0.0,0,gaussian,0.2,isolated,uniform,2,0.1,20,False,500,49,,,951,960,core,full_factorial
1197,architecture,12,main,N0,1000,2,2,10,elliptical,normal,balanced,0.1,0.0,0,gaussian,0.2,isolated,uniform,2,0.1,20,False,500,49,,,961,970,core,full_factorial
1198,architecture,12,main,N0,1000,2,2,10,elliptical,normal,balanced,0.1,0.0,0,gaussian,0.2,isolated,uniform,2,0.1,20,False,500,49,,,971,980,core,full_factorial
1199,architecture,12,main,N0,1000,2,2,10,elliptical,normal,balanced,0.1,0.0,0,gaussian,0.2,isolated,uniform,2,0.1,20,False,500,49,,,981,990,core,full_factorial
1200,architecture,12,main,N0,1000,2,2,10,elliptical,normal,balanced,0.1,0.0,0,gaussian,0.2,isolated,uniform,2,0.1,20,False,500,49,,,991,1000,core,full_factorial
1201,architecture,13,main,N0,1000,5,2,6,spherical,normal,balanced,0.1,0.0,0,gaussian,0.2,isolated,uniform,2,0.1,20,False,500,49,,,1,10,core,full_factorial
1202,architecture,13,main,N0,1000,5,2,6,spherical,normal,balanced,0.1,0.0,0,gaussian,0.2,isolated,uniform,2,0.1,20,False,500,49,,,11,20,core,full_factorial
1203,architecture,13,main,N0,1000,5,2,6,spherical,normal,balanced,0.1,0.0,0,gaussian,0.2,isolated,uniform,2,0.1,20,False,500,49,,,21,30,core,full_factorial
1204,architecture,13,main,N0,1000,5,2,6,spherical,normal,balanced,0.1,0.0,0,gaussian,0.2,isolated,uniform,2,0.1,20,False,500,49,,,31,40,core,full_factorial
1205,architecture,13,main,N0,1000,5,2,6,spherical,normal,balanced,0.1,0.0,0,gaussian,0.2,isolated,uniform,2,0.1,20,False,500,49,,,41,50,core,full_factorial
1206,architecture,13,main,N0,1000,5,2,6,spherical,normal,balanced,0.1,0.0,0,gaussian,0.2,isolated,uniform,2,0.1,20,False,500,49,,,51,60,core,full_factorial
1207,architecture,13,main,N0,1000,5,2,6,spherical,normal,balanced,0.1,0.0,0,gaussian,0.2,isolated,uniform,2,0.1,20,False,500,49,,,61,70,core,full_factorial
1208,architecture,13,main,N0,1000,5,2,6,spherical,normal,balanced,0.1,0.0,0,gaussian,0.2,isolated,uniform,2,0.1,20,False,500,49,,,71,80,core,full_factorial
1209,architecture,13,main,N0,1000,5,2,6,spherical,normal,balanced,0.1,0.0,0,gaussian,0.2,isolated,uniform,2,0.1,20,False,500,49,,,81,90,core,full_factorial
1210,architecture,13,main,N0,1000,5,2,6,spherical,normal,balanced,0.1,0.0,0,gaussian,0.2,isolated,uniform,2,0.1,20,False,500,49,,,91,100,core,full_factorial
1211,architecture,13,main,N0,1000,5,2,6,spherical,normal,balanced,0.1,0.0,0,gaussian,0.2,isolated,uniform,2,0.1,20,False,500,49,,,101,110,core,full_factorial
1212,architecture,13,main,N0,1000,5,2,6,spherical,normal,balanced,0.1,0.0,0,gaussian,0.2,isolated,uniform,2,0.1,20,False,500,49,,,111,120,core,full_factorial
1213,architecture,13,main,N0,1000,5,2,6,spherical,normal,balanced,0.1,0.0,0,gaussian,0.2,isolated,uniform,2,0.1,20,False,500,49,,,121,130,core,full_factorial
1214,architecture,13,main,N0,1000,5,2,6,spherical,normal,balanced,0.1,0.0,0,gaussian,0.2,isolated,uniform,2,0.1,20,False,500,49,,,131,140,core,full_factorial
1215,architecture,13,main,N0,1000,5,2,6,spherical,normal,balanced,0.1,0.0,0,gaussian,0.2,isolated,uniform,2,0.1,20,False,500,49,,,141,150,core,full_factorial
1216,architecture,13,main,N0,1000,5,2,6,spherical,normal,balanced,0.1,0.0,0,gaussian,0.2,isolated,uniform,2,0.1,20,False,500,49,,,151,160,core,full_factorial
1217,architecture,13,main,N0,1000,5,2,6,spherical,normal,balanced,0.1,0.0,0,gaussian,0.2,isolated,uniform,2,0.1,20,False,500,49,,,161,170,core,full_factorial
1218,architecture,13,main,N0,1000,5,2,6,spherical,normal,balanced,0.1,0.0,0,gaussian,0.2,isolated,uniform,2,0.1,20,False,500,49,,,171,180,core,full_factorial
1219,architecture,13,main,N0,1000,5,2,6,spherical,normal,balanced,0.1,0.0,0,gaussian,0.2,isolated,uniform,2,0.1,20,False,500,49,,,181,190,core,full_factorial
1220,architecture,13,main,N0,1000,5,2,6,spherical,normal,balanced,0.1,0.0,0,gaussian,0.2,isolated,uniform,2,0.1,20,False,500,49,,,191,200,core,full_factorial
1221,architecture,13,main,N0,1000,5,2,6,spherical,normal,balanced,0.1,0.0,0,gaussian,0.2,isolated,uniform,2,0.1,20,False,500,49,,,201,210,core,full_factorial
1222,architecture,13,main,N0,1000,5,2,6,spherical,normal,balanced,0.1,0.0,0,gaussian,0.2,isolated,uniform,2,0.1,20,False,500,49,,,211,220,core,full_factorial
1223,architecture,13,main,N0,1000,5,2,6,spherical,normal,balanced,0.1,0.0,0,gaussian,0.2,isolated,uniform,2,0.1,20,False,500,49,,,221,230,core,full_factorial
1224,architecture,13,main,N0,1000,5,2,6,spherical,normal,balanced,0.1,0.0,0,gaussian,0.2,isolated,uniform,2,0.1,20,False,500,49,,,231,240,core,full_factorial
1225,architecture,13,main,N0,1000,5,2,6,spherical,normal,balanced,0.1,0.0,0,gaussian,0.2,isolated,uniform,2,0.1,20,False,500,49,,,241,250,core,full_factorial
1226,architecture,13,main,N0,1000,5,2,6,spherical,normal,balanced,0.1,0.0,0,gaussian,0.2,isolated,uniform,2,0.1,20,False,500,49,,,251,260,core,full_factorial
1227,architecture,13,main,N0,1000,5,2,6,spherical,normal,balanced,0.1,0.0,0,gaussian,0.2,isolated,uniform,2,0.1,20,False,500,49,,,261,270,core,full_factorial
1228,architecture,13,main,N0,1000,5,2,6,spherical,normal,balanced,0.1,0.0,0,gaussian,0.2,isolated,uniform,2,0.1,20,False,500,49,,,271,280,core,full_factorial
1229,architecture,13,main,N0,1000,5,2,6,spherical,normal,balanced,0.1,0.0,0,gaussian,0.2,isolated,uniform,2,0.1,20,False,500,49,,,281,290,core,full_factorial
1230,architecture,13,main,N0,1000,5,2,6,spherical,normal,balanced,0.1,0.0,0,gaussian,0.2,isolated,uniform,2,0.1,20,False,500,49,,,291,300,core,full_factorial
1231,architecture,13,main,N0,1000,5,2,6,spherical,normal,balanced,0.1,0.0,0,gaussian,0.2,isolated,uniform,2,0.1,20,False,500,49,,,301,310,core,full_factorial
1232,architecture,13,main,N0,1000,5,2,6,spherical,normal,balanced,0.1,0.0,0,gaussian,0.2,isolated,uniform,2,0.1,20,False,500,49,,,311,320,core,full_factorial
1233,architecture,13,main,N0,1000,5,2,6,spherical,normal,balanced,0.1,0.0,0,gaussian,0.2,isolated,uniform,2,0.1,20,False,500,49,,,321,330,core,full_factorial
1234,architecture,13,main,N0,1000,5,2,6,spherical,normal,balanced,0.1,0.0,0,gaussian,0.2,isolated,uniform,2,0.1,20,False,500,49,,,331,340,core,full_factorial
1235,architecture,13,main,N0,1000,5,2,6,spherical,normal,balanced,0.1,0.0,0,gaussian,0.2,isolated,uniform,2,0.1,20,False,500,49,,,341,350,core,full_factorial
1236,architecture,13,main,N0,1000,5,2,6,spherical,normal,balanced,0.1,0.0,0,gaussian,0.2,isolated,uniform,2,0.1,20,False,500,49,,,351,360,core,full_factorial
1237,architecture,13,main,N0,1000,5,2,6,spherical,normal,balanced,0.1,0.0,0,gaussian,0.2,isolated,uniform,2,0.1,20,False,500,49,,,361,370,core,full_factorial
1238,architecture,13,main,N0,1000,5,2,6,spherical,normal,balanced,0.1,0.0,0,gaussian,0.2,isolated,uniform,2,0.1,20,False,500,49,,,371,380,core,full_factorial
1239,architecture,13,main,N0,1000,5,2,6,spherical,normal,balanced,0.1,0.0,0,gaussian,0.2,isolated,uniform,2,0.1,20,False,500,49,,,381,390,core,full_factorial
1240,architecture,13,main,N0,1000,5,2,6,spherical,normal,balanced,0.1,0.0,0,gaussian,0.2,isolated,uniform,2,0.1,20,False,500,49,,,391,400,core,full_factorial
1241,architecture,13,main,N0,1000,5,2,6,spherical,normal,balanced,0.1,0.0,0,gaussian,0.2,isolated,uniform,2,0.1,20,False,500,49,,,401,410,core,full_factorial
1242,architecture,13,main,N0,1000,5,2,6,spherical,normal,balanced,0.1,0.0,0,gaussian,0.2,isolated,uniform,2,0.1,20,False,500,49,,,411,420,core,full_factorial
1243,architecture,13,main,N0,1000,5,2,6,spherical,normal,balanced,0.1,0.0,0,gaussian,0.2,isolated,uniform,2,0.1,20,False,500,49,,,421,430,core,full_factorial
1244,architecture,13,main,N0,1000,5,2,6,spherical,normal,balanced,0.1,0.0,0,gaussian,0.2,isolated,uniform,2,0.1,20,False,500,49,,,431,440,core,full_factorial
1245,architecture,13,main,N0,1000,5,2,6,spherical,normal,balanced,0.1,0.0,0,gaussian,0.2,isolated,uniform,2,0.1,20,False,500,49,,,441,450,core,full_factorial
1246,architecture,13,main,N0,1000,5,2,6,spherical,normal,balanced,0.1,0.0,0,gaussian,0.2,isolated,uniform,2,0.1,20,False,500,49,,,451,460,core,full_factorial
1247,architecture,13,main,N0,1000,5,2,6,spherical,normal,balanced,0.1,0.0,0,gaussian,0.2,isolated,uniform,2,0.1,20,False,500,49,,,461,470,core,full_factorial
1248,architecture,13,main,N0,1000,5,2,6,spherical,normal,balanced,0.1,0.0,0,gaussian,0.2,isolated,uniform,2,0.1,20,False,500,49,,,471,480,core,full_factorial
1249,architecture,13,main,N0,1000,5,2,6,spherical,normal,balanced,0.1,0.0,0,gaussian,0.2,isolated,uniform,2,0.1,20,False,500,49,,,481,490,core,full_factorial
1250,architecture,13,main,N0,1000,5,2,6,spherical,normal,balanced,0.1,0.0,0,gaussian,0.2,isolated,uniform,2,0.1,20,False,500,49,,,491,500,core,full_factorial
1251,architecture,13,main,N0,1000,5,2,6,spherical,normal,balanced,0.1,0.0,0,gaussian,0.2,isolated,uniform,2,0.1,20,False,500,49,,,501,510,core,full_factorial
1252,architecture,13,main,N0,1000,5,2,6,spherical,normal,balanced,0.1,0.0,0,gaussian,0.2,isolated,uniform,2,0.1,20,False,500,49,,,511,520,core,full_factorial
1253,architecture,13,main,N0,1000,5,2,6,spherical,normal,balanced,0.1,0.0,0,gaussian,0.2,isolated,uniform,2,0.1,20,False,500,49,,,521,530,core,full_factorial
1254,architecture,13,main,N0,1000,5,2,6,spherical,normal,balanced,0.1,0.0,0,gaussian,0.2,isolated,uniform,2,0.1,20,False,500,49,,,531,540,core,full_factorial
1255,architecture,13,main,N0,1000,5,2,6,spherical,normal,balanced,0.1,0.0,0,gaussian,0.2,isolated,uniform,2,0.1,20,False,500,49,,,541,550,core,full_factorial
1256,architecture,13,main,N0,1000,5,2,6,spherical,normal,balanced,0.1,0.0,0,gaussian,0.2,isolated,uniform,2,0.1,20,False,500,49,,,551,560,core,full_factorial
1257,architecture,13,main,N0,1000,5,2,6,spherical,normal,balanced,0.1,0.0,0,gaussian,0.2,isolated,uniform,2,0.1,20,False,500,49,,,561,570,core,full_factorial
1258,architecture,13,main,N0,1000,5,2,6,spherical,normal,balanced,0.1,0.0,0,gaussian,0.2,isolated,uniform,2,0.1,20,False,500,49,,,571,580,core,full_factorial
1259,architecture,13,main,N0,1000,5,2,6,spherical,normal,balanced,0.1,0.0,0,gaussian,0.2,isolated,uniform,2,0.1,20,False,500,49,,,581,590,core,full_factorial
1260,architecture,13,main,N0,1000,5,2,6,spherical,normal,balanced,0.1,0.0,0,gaussian,0.2,isolated,uniform,2,0.1,20,False,500,49,,,591,600,core,full_factorial
1261,architecture,13,main,N0,1000,5,2,6,spherical,normal,balanced,0.1,0.0,0,gaussian,0.2,isolated,uniform,2,0.1,20,False,500,49,,,601,610,core,full_factorial
1262,architecture,13,main,N0,1000,5,2,6,spherical,normal,balanced,0.1,0.0,0,gaussian,0.2,isolated,uniform,2,0.1,20,False,500,49,,,611,620,core,full_factorial
1263,architecture,13,main,N0,1000,5,2,6,spherical,normal,balanced,0.1,0.0,0,gaussian,0.2,isolated,uniform,2,0.1,20,False,500,49,,,621,630,core,full_factorial
1264,architecture,13,main,N0,1000,5,2,6,spherical,normal,balanced,0.1,0.0,0,gaussian,0.2,isolated,uniform,2,0.1,20,False,500,49,,,631,640,core,full_factorial
1265,architecture,13,main,N0,1000,5,2,6,spherical,normal,balanced,0.1,0.0,0,gaussian,0.2,isolated,uniform,2,0.1,20,False,500,49,,,641,650,core,full_factorial
1266,architecture,13,main,N0,1000,5,2,6,spherical,normal,balanced,0.1,0.0,0,gaussian,0.2,isolated,uniform,2,0.1,20,False,500,49,,,651,660,core,full_factorial
1267,architecture,13,main,N0,1000,5,2,6,spherical,normal,balanced,0.1,0.0,0,gaussian,0.2,isolated,uniform,2,0.1,20,False,500,49,,,661,670,core,full_factorial
1268,architecture,13,main,N0,1000,5,2,6,spherical,normal,balanced,0.1,0.0,0,gaussian,0.2,isolated,uniform,2,0.1,20,False,500,49,,,671,680,core,full_factorial
1269,architecture,13,main,N0,1000,5,2,6,spherical,normal,balanced,0.1,0.0,0,gaussian,0.2,isolated,uniform,2,0.1,20,False,500,49,,,681,690,core,full_factorial
1270,architecture,13,main,N0,1000,5,2,6,spherical,normal,balanced,0.1,0.0,0,gaussian,0.2,isolated,uniform,2,0.1,20,False,500,49,,,691,700,core,full_factorial
1271,architecture,13,main,N0,1000,5,2,6,spherical,normal,balanced,0.1,0.0,0,gaussian,0.2,isolated,uniform,2,0.1,20,False,500,49,,,701,710,core,full_factorial
1272,architecture,13,main,N0,1000,5,2,6,spherical,normal,balanced,0.1,0.0,0,gaussian,0.2,isolated,uniform,2,0.1,20,False,500,49,,,711,720,core,full_factorial
1273,architecture,13,main,N0,1000,5,2,6,spherical,normal,balanced,0.1,0.0,0,gaussian,0.2,isolated,uniform,2,0.1,20,False,500,49,,,721,730,core,full_factorial
1274,architecture,13,main,N0,1000,5,2,6,spherical,normal,balanced,0.1,0.0,0,gaussian,0.2,isolated,uniform,2,0.1,20,False,500,49,,,731,740,core,full_factorial
1275,architecture,13,main,N0,1000,5,2,6,spherical,normal,balanced,0.1,0.0,0,gaussian,0.2,isolated,uniform,2,0.1,20,False,500,49,,,741,750,core,full_factorial
1276,architecture,13,main,N0,1000,5,2,6,spherical,normal,balanced,0.1,0.0,0,gaussian,0.2,isolated,uniform,2,0.1,20,False,500,49,,,751,760,core,full_factorial
1277,architecture,13,main,N0,1000,5,2,6,spherical,normal,balanced,0.1,0.0,0,gaussian,0.2,isolated,uniform,2,0.1,20,False,500,49,,,761,770,core,full_factorial
1278,architecture,13,main,N0,1000,5,2,6,spherical,normal,balanced,0.1,0.0,0,gaussian,0.2,isolated,uniform,2,0.1,20,False,500,49,,,771,780,core,full_factorial
1279,architecture,13,main,N0,1000,5,2,6,spherical,normal,balanced,0.1,0.0,0,gaussian,0.2,isolated,uniform,2,0.1,20,False,500,49,,,781,790,core,full_factorial
1280,architecture,13,main,N0,1000,5,2,6,spherical,normal,balanced,0.1,0.0,0,gaussian,0.2,isolated,uniform,2,0.1,20,False,500,49,,,791,800,core,full_factorial
1281,architecture,13,main,N0,1000,5,2,6,spherical,normal,balanced,0.1,0.0,0,gaussian,0.2,isolated,uniform,2,0.1,20,False,500,49,,,801,810,core,full_factorial
1282,architecture,13,main,N0,1000,5,2,6,spherical,normal,balanced,0.1,0.0,0,gaussian,0.2,isolated,uniform,2,0.1,20,False,500,49,,,811,820,core,full_factorial
1283,architecture,13,main,N0,1000,5,2,6,spherical,normal,balanced,0.1,0.0,0,gaussian,0.2,isolated,uniform,2,0.1,20,False,500,49,,,821,830,core,full_factorial
1284,architecture,13,main,N0,1000,5,2,6,spherical,normal,balanced,0.1,0.0,0,gaussian,0.2,isolated,uniform,2,0.1,20,False,500,49,,,831,840,core,full_factorial
1285,architecture,13,main,N0,1000,5,2,6,spherical,normal,balanced,0.1,0.0,0,gaussian,0.2,isolated,uniform,2,0.1,20,False,500,49,,,841,850,core,full_factorial
1286,architecture,13,main,N0,1000,5,2,6,spherical,normal,balanced,0.1,0.0,0,gaussian,0.2,isolated,uniform,2,0.1,20,False,500,49,,,851,860,core,full_factorial
1287,architecture,13,main,N0,1000,5,2,6,spherical,normal,balanced,0.1,0.0,0,gaussian,0.2,isolated,uniform,2,0.1,20,False,500,49,,,861,870,core,full_factorial
1288,architecture,13,main,N0,1000,5,2,6,spherical,normal,balanced,0.1,0.0,0,gaussian,0.2,isolated,uniform,2,0.1,20,False,500,49,,,871,880,core,full_factorial
1289,architecture,13,main,N0,1000,5,2,6,spherical,normal,balanced,0.1,0.0,0,gaussian,0.2,isolated,uniform,2,0.1,20,False,500,49,,,881,890,core,full_factorial
1290,architecture,13,main,N0,1000,5,2,6,spherical,normal,balanced,0.1,0.0,0,gaussian,0.2,isolated,uniform,2,0.1,20,False,500,49,,,891,900,core,full_factorial
1291,architecture,13,main,N0,1000,5,2,6,spherical,normal,balanced,0.1,0.0,0,gaussian,0.2,isolated,uniform,2,0.1,20,False,500,49,,,901,910,core,full_factorial
1292,architecture,13,main,N0,1000,5,2,6,spherical,normal,balanced,0.1,0.0,0,gaussian,0.2,isolated,uniform,2,0.1,20,False,500,49,,,911,920,core,full_factorial
1293,architecture,13,main,N0,1000,5,2,6,spherical,normal,balanced,0.1,0.0,0,gaussian,0.2,isolated,uniform,2,0.1,20,False,500,49,,,921,930,core,full_factorial
1294,architecture,13,main,N0,1000,5,2,6,spherical,normal,balanced,0.1,0.0,0,gaussian,0.2,isolated,uniform,2,0.1,20,False,500,49,,,931,940,core,full_factorial
1295,architecture,13,main,N0,1000,5,2,6,spherical,normal,balanced,0.1,0.0,0,gaussian,0.2,isolated,uniform,2,0.1,20,False,500,49,,,941,950,core,full_factorial
1296,architecture,13,main,N0,1000,5,2,6,spherical,normal,balanced,0.1,0.0,0,gaussian,0.2,isolated,uniform,2,0.1,20,False,500,49,,,951,960,core,full_factorial
1297,architecture,13,main,N0,1000,5,2,6,spherical,normal,balanced,0.1,0.0,0,gaussian,0.2,isolated,uniform,2,0.1,20,False,500,49,,,961,970,core,full_factorial
1298,architecture,13,main,N0,1000,5,2,6,spherical,normal,balanced,0.1,0.0,0,gaussian,0.2,isolated,uniform,2,0.1,20,False,500,49,,,971,980,core,full_factorial
1299,architecture,13,main,N0,1000,5,2,6,spherical,normal,balanced,0.1,0.0,0,gaussian,0.2,isolated,uniform,2,0.1,20,False,500,49,,,981,990,core,full_factorial
1300,architecture,13,main,N0,1000,5,2,6,spherical,normal,balanced,0.1,0.0,0,gaussian,0.2,isolated,uniform,2,0.1,20,False,500,49,,,991,1000,core,full_factorial
1301,architecture,14,main,N0,1000,5,2,10,spherical,normal,balanced,0.1,0.0,0,gaussian,0.2,isolated,uniform,2,0.1,20,False,500,49,,,1,10,core,full_factorial
1302,architecture,14,main,N0,1000,5,2,10,spherical,normal,balanced,0.1,0.0,0,gaussian,0.2,isolated,uniform,2,0.1,20,False,500,49,,,11,20,core,full_factorial
1303,architecture,14,main,N0,1000,5,2,10,spherical,normal,balanced,0.1,0.0,0,gaussian,0.2,isolated,uniform,2,0.1,20,False,500,49,,,21,30,core,full_factorial
1304,architecture,14,main,N0,1000,5,2,10,spherical,normal,balanced,0.1,0.0,0,gaussian,0.2,isolated,uniform,2,0.1,20,False,500,49,,,31,40,core,full_factorial
1305,architecture,14,main,N0,1000,5,2,10,spherical,normal,balanced,0.1,0.0,0,gaussian,0.2,isolated,uniform,2,0.1,20,False,500,49,,,41,50,core,full_factorial
1306,architecture,14,main,N0,1000,5,2,10,spherical,normal,balanced,0.1,0.0,0,gaussian,0.2,isolated,uniform,2,0.1,20,False,500,49,,,51,60,core,full_factorial
1307,architecture,14,main,N0,1000,5,2,10,spherical,normal,balanced,0.1,0.0,0,gaussian,0.2,isolated,uniform,2,0.1,20,False,500,49,,,61,70,core,full_factorial
1308,architecture,14,main,N0,1000,5,2,10,spherical,normal,balanced,0.1,0.0,0,gaussian,0.2,isolated,uniform,2,0.1,20,False,500,49,,,71,80,core,full_factorial
1309,architecture,14,main,N0,1000,5,2,10,spherical,normal,balanced,0.1,0.0,0,gaussian,0.2,isolated,uniform,2,0.1,20,False,500,49,,,81,90,core,full_factorial
1310,architecture,14,main,N0,1000,5,2,10,spherical,normal,balanced,0.1,0.0,0,gaussian,0.2,isolated,uniform,2,0.1,20,False,500,49,,,91,100,core,full_factorial
1311,architecture,14,main,N0,1000,5,2,10,spherical,normal,balanced,0.1,0.0,0,gaussian,0.2,isolated,uniform,2,0.1,20,False,500,49,,,101,110,core,full_factorial
1312,architecture,14,main,N0,1000,5,2,10,spherical,normal,balanced,0.1,0.0,0,gaussian,0.2,isolated,uniform,2,0.1,20,False,500,49,,,111,120,core,full_factorial
1313,architecture,14,main,N0,1000,5,2,10,spherical,normal,balanced,0.1,0.0,0,gaussian,0.2,isolated,uniform,2,0.1,20,False,500,49,,,121,130,core,full_factorial
1314,architecture,14,main,N0,1000,5,2,10,spherical,normal,balanced,0.1,0.0,0,gaussian,0.2,isolated,uniform,2,0.1,20,False,500,49,,,131,140,core,full_factorial
1315,architecture,14,main,N0,1000,5,2,10,spherical,normal,balanced,0.1,0.0,0,gaussian,0.2,isolated,uniform,2,0.1,20,False,500,49,,,141,150,core,full_factorial
1316,architecture,14,main,N0,1000,5,2,10,spherical,normal,balanced,0.1,0.0,0,gaussian,0.2,isolated,uniform,2,0.1,20,False,500,49,,,151,160,core,full_factorial
1317,architecture,14,main,N0,1000,5,2,10,spherical,normal,balanced,0.1,0.0,0,gaussian,0.2,isolated,uniform,2,0.1,20,False,500,49,,,161,170,core,full_factorial
1318,architecture,14,main,N0,1000,5,2,10,spherical,normal,balanced,0.1,0.0,0,gaussian,0.2,isolated,uniform,2,0.1,20,False,500,49,,,171,180,core,full_factorial
1319,architecture,14,main,N0,1000,5,2,10,spherical,normal,balanced,0.1,0.0,0,gaussian,0.2,isolated,uniform,2,0.1,20,False,500,49,,,181,190,core,full_factorial
1320,architecture,14,main,N0,1000,5,2,10,spherical,normal,balanced,0.1,0.0,0,gaussian,0.2,isolated,uniform,2,0.1,20,False,500,49,,,191,200,core,full_factorial
1321,architecture,14,main,N0,1000,5,2,10,spherical,normal,balanced,0.1,0.0,0,gaussian,0.2,isolated,uniform,2,0.1,20,False,500,49,,,201,210,core,full_factorial
1322,architecture,14,main,N0,1000,5,2,10,spherical,normal,balanced,0.1,0.0,0,gaussian,0.2,isolated,uniform,2,0.1,20,False,500,49,,,211,220,core,full_factorial
1323,architecture,14,main,N0,1000,5,2,10,spherical,normal,balanced,0.1,0.0,0,gaussian,0.2,isolated,uniform,2,0.1,20,False,500,49,,,221,230,core,full_factorial
1324,architecture,14,main,N0,1000,5,2,10,spherical,normal,balanced,0.1,0.0,0,gaussian,0.2,isolated,uniform,2,0.1,20,False,500,49,,,231,240,core,full_factorial
1325,architecture,14,main,N0,1000,5,2,10,spherical,normal,balanced,0.1,0.0,0,gaussian,0.2,isolated,uniform,2,0.1,20,False,500,49,,,241,250,core,full_factorial
1326,architecture,14,main,N0,1000,5,2,10,spherical,normal,balanced,0.1,0.0,0,gaussian,0.2,isolated,uniform,2,0.1,20,False,500,49,,,251,260,core,full_factorial
1327,architecture,14,main,N0,1000,5,2,10,spherical,normal,balanced,0.1,0.0,0,gaussian,0.2,isolated,uniform,2,0.1,20,False,500,49,,,261,270,core,full_factorial
1328,architecture,14,main,N0,1000,5,2,10,spherical,normal,balanced,0.1,0.0,0,gaussian,0.2,isolated,uniform,2,0.1,20,False,500,49,,,271,280,core,full_factorial
1329,architecture,14,main,N0,1000,5,2,10,spherical,normal,balanced,0.1,0.0,0,gaussian,0.2,isolated,uniform,2,0.1,20,False,500,49,,,281,290,core,full_factorial
1330,architecture,14,main,N0,1000,5,2,10,spherical,normal,balanced,0.1,0.0,0,gaussian,0.2,isolated,uniform,2,0.1,20,False,500,49,,,291,300,core,full_factorial
1331,architecture,14,main,N0,1000,5,2,10,spherical,normal,balanced,0.1,0.0,0,gaussian,0.2,isolated,uniform,2,0.1,20,False,500,49,,,301,310,core,full_factorial
1332,architecture,14,main,N0,1000,5,2,10,spherical,normal,balanced,0.1,0.0,0,gaussian,0.2,isolated,uniform,2,0.1,20,False,500,49,,,311,320,core,full_factorial
1333,architecture,14,main,N0,1000,5,2,10,spherical,normal,balanced,0.1,0.0,0,gaussian,0.2,isolated,uniform,2,0.1,20,False,500,49,,,321,330,core,full_factorial
1334,architecture,14,main,N0,1000,5,2,10,spherical,normal,balanced,0.1,0.0,0,gaussian,0.2,isolated,uniform,2,0.1,20,False,500,49,,,331,340,core,full_factorial
1335,architecture,14,main,N0,1000,5,2,10,spherical,normal,balanced,0.1,0.0,0,gaussian,0.2,isolated,uniform,2,0.1,20,False,500,49,,,341,350,core,full_factorial
1336,architecture,14,main,N0,1000,5,2,10,spherical,normal,balanced,0.1,0.0,0,gaussian,0.2,isolated,uniform,2,0.1,20,False,500,49,,,351,360,core,full_factorial
1337,architecture,14,main,N0,1000,5,2,10,spherical,normal,balanced,0.1,0.0,0,gaussian,0.2,isolated,uniform,2,0.1,20,False,500,49,,,361,370,core,full_factorial
1338,architecture,14,main,N0,1000,5,2,10,spherical,normal,balanced,0.1,0.0,0,gaussian,0.2,isolated,uniform,2,0.1,20,False,500,49,,,371,380,core,full_factorial
1339,architecture,14,main,N0,1000,5,2,10,spherical,normal,balanced,0.1,0.0,0,gaussian,0.2,isolated,uniform,2,0.1,20,False,500,49,,,381,390,core,full_factorial
1340,architecture,14,main,N0,1000,5,2,10,spherical,normal,balanced,0.1,0.0,0,gaussian,0.2,isolated,uniform,2,0.1,20,False,500,49,,,391,400,core,full_factorial
1341,architecture,14,main,N0,1000,5,2,10,spherical,normal,balanced,0.1,0.0,0,gaussian,0.2,isolated,uniform,2,0.1,20,False,500,49,,,401,410,core,full_factorial
1342,architecture,14,main,N0,1000,5,2,10,spherical,normal,balanced,0.1,0.0,0,gaussian,0.2,isolated,uniform,2,0.1,20,False,500,49,,,411,420,core,full_factorial
1343,architecture,14,main,N0,1000,5,2,10,spherical,normal,balanced,0.1,0.0,0,gaussian,0.2,isolated,uniform,2,0.1,20,False,500,49,,,421,430,core,full_factorial
1344,architecture,14,main,N0,1000,5,2,10,spherical,normal,balanced,0.1,0.0,0,gaussian,0.2,isolated,uniform,2,0.1,20,False,500,49,,,431,440,core,full_factorial
1345,architecture,14,main,N0,1000,5,2,10,spherical,normal,balanced,0.1,0.0,0,gaussian,0.2,isolated,uniform,2,0.1,20,False,500,49,,,441,450,core,full_factorial
1346,architecture,14,main,N0,1000,5,2,10,spherical,normal,balanced,0.1,0.0,0,gaussian,0.2,isolated,uniform,2,0.1,20,False,500,49,,,451,460,core,full_factorial
1347,architecture,14,main,N0,1000,5,2,10,spherical,normal,balanced,0.1,0.0,0,gaussian,0.2,isolated,uniform,2,0.1,20,False,500,49,,,461,470,core,full_factorial
1348,architecture,14,main,N0,1000,5,2,10,spherical,normal,balanced,0.1,0.0,0,gaussian,0.2,isolated,uniform,2,0.1,20,False,500,49,,,471,480,core,full_factorial
1349,architecture,14,main,N0,1000,5,2,10,spherical,normal,balanced,0.1,0.0,0,gaussian,0.2,isolated,uniform,2,0.1,20,False,500,49,,,481,490,core,full_factorial
1350,architecture,14,main,N0,1000,5,2,10,spherical,normal,balanced,0.1,0.0,0,gaussian,0.2,isolated,uniform,2,0.1,20,False,500,49,,,491,500,core,full_factorial
1351,architecture,14,main,N0,1000,5,2,10,spherical,normal,balanced,0.1,0.0,0,gaussian,0.2,isolated,uniform,2,0.1,20,False,500,49,,,501,510,core,full_factorial
1352,architecture,14,main,N0,1000,5,2,10,spherical,normal,balanced,0.1,0.0,0,gaussian,0.2,isolated,uniform,2,0.1,20,False,500,49,,,511,520,core,full_factorial
1353,architecture,14,main,N0,1000,5,2,10,spherical,normal,balanced,0.1,0.0,0,gaussian,0.2,isolated,uniform,2,0.1,20,False,500,49,,,521,530,core,full_factorial
1354,architecture,14,main,N0,1000,5,2,10,spherical,normal,balanced,0.1,0.0,0,gaussian,0.2,isolated,uniform,2,0.1,20,False,500,49,,,531,540,core,full_factorial
1355,architecture,14,main,N0,1000,5,2,10,spherical,normal,balanced,0.1,0.0,0,gaussian,0.2,isolated,uniform,2,0.1,20,False,500,49,,,541,550,core,full_factorial
1356,architecture,14,main,N0,1000,5,2,10,spherical,normal,balanced,0.1,0.0,0,gaussian,0.2,isolated,uniform,2,0.1,20,False,500,49,,,551,560,core,full_factorial
1357,architecture,14,main,N0,1000,5,2,10,spherical,normal,balanced,0.1,0.0,0,gaussian,0.2,isolated,uniform,2,0.1,20,False,500,49,,,561,570,core,full_factorial
1358,architecture,14,main,N0,1000,5,2,10,spherical,normal,balanced,0.1,0.0,0,gaussian,0.2,isolated,uniform,2,0.1,20,False,500,49,,,571,580,core,full_factorial
1359,architecture,14,main,N0,1000,5,2,10,spherical,normal,balanced,0.1,0.0,0,gaussian,0.2,isolated,uniform,2,0.1,20,False,500,49,,,581,590,core,full_factorial
1360,architecture,14,main,N0,1000,5,2,10,spherical,normal,balanced,0.1,0.0,0,gaussian,0.2,isolated,uniform,2,0.1,20,False,500,49,,,591,600,core,full_factorial
1361,architecture,14,main,N0,1000,5,2,10,spherical,normal,balanced,0.1,0.0,0,gaussian,0.2,isolated,uniform,2,0.1,20,False,500,49,,,601,610,core,full_factorial
1362,architecture,14,main,N0,1000,5,2,10,spherical,normal,balanced,0.1,0.0,0,gaussian,0.2,isolated,uniform,2,0.1,20,False,500,49,,,611,620,core,full_factorial
1363,architecture,14,main,N0,1000,5,2,10,spherical,normal,balanced,0.1,0.0,0,gaussian,0.2,isolated,uniform,2,0.1,20,False,500,49,,,621,630,core,full_factorial
1364,architecture,14,main,N0,1000,5,2,10,spherical,normal,balanced,0.1,0.0,0,gaussian,0.2,isolated,uniform,2,0.1,20,False,500,49,,,631,640,core,full_factorial
1365,architecture,14,main,N0,1000,5,2,10,spherical,normal,balanced,0.1,0.0,0,gaussian,0.2,isolated,uniform,2,0.1,20,False,500,49,,,641,650,core,full_factorial
1366,architecture,14,main,N0,1000,5,2,10,spherical,normal,balanced,0.1,0.0,0,gaussian,0.2,isolated,uniform,2,0.1,20,False,500,49,,,651,660,core,full_factorial
1367,architecture,14,main,N0,1000,5,2,10,spherical,normal,balanced,0.1,0.0,0,gaussian,0.2,isolated,uniform,2,0.1,20,False,500,49,,,661,670,core,full_factorial
1368,architecture,14,main,N0,1000,5,2,10,spherical,normal,balanced,0.1,0.0,0,gaussian,0.2,isolated,uniform,2,0.1,20,False,500,49,,,671,680,core,full_factorial
1369,architecture,14,main,N0,1000,5,2,10,spherical,normal,balanced,0.1,0.0,0,gaussian,0.2,isolated,uniform,2,0.1,20,False,500,49,,,681,690,core,full_factorial
1370,architecture,14,main,N0,1000,5,2,10,spherical,normal,balanced,0.1,0.0,0,gaussian,0.2,isolated,uniform,2,0.1,20,False,500,49,,,691,700,core,full_factorial
1371,architecture,14,main,N0,1000,5,2,10,spherical,normal,balanced,0.1,0.0,0,gaussian,0.2,isolated,uniform,2,0.1,20,False,500,49,,,701,710,core,full_factorial
1372,architecture,14,main,N0,1000,5,2,10,spherical,normal,balanced,0.1,0.0,0,gaussian,0.2,isolated,uniform,2,0.1,20,False,500,49,,,711,720,core,full_factorial
1373,architecture,14,main,N0,1000,5,2,10,spherical,normal,balanced,0.1,0.0,0,gaussian,0.2,isolated,uniform,2,0.1,20,False,500,49,,,721,730,core,full_factorial
1374,architecture,14,main,N0,1000,5,2,10,spherical,normal,balanced,0.1,0.0,0,gaussian,0.2,isolated,uniform,2,0.1,20,False,500,49,,,731,740,core,full_factorial
1375,architecture,14,main,N0,1000,5,2,10,spherical,normal,balanced,0.1,0.0,0,gaussian,0.2,isolated,uniform,2,0.1,20,False,500,49,,,741,750,core,full_factorial
1376,architecture,14,main,N0,1000,5,2,10,spherical,normal,balanced,0.1,0.0,0,gaussian,0.2,isolated,uniform,2,0.1,20,False,500,49,,,751,760,core,full_factorial
1377,architecture,14,main,N0,1000,5,2,10,spherical,normal,balanced,0.1,0.0,0,gaussian,0.2,isolated,uniform,2,0.1,20,False,500,49,,,761,770,core,full_factorial
1378,architecture,14,main,N0,1000,5,2,10,spherical,normal,balanced,0.1,0.0,0,gaussian,0.2,isolated,uniform,2,0.1,20,False,500,49,,,771,780,core,full_factorial
1379,architecture,14,main,N0,1000,5,2,10,spherical,normal,balanced,0.1,0.0,0,gaussian,0.2,isolated,uniform,2,0.1,20,False,500,49,,,781,790,core,full_factorial
1380,architecture,14,main,N0,1000,5,2,10,spherical,normal,balanced,0.1,0.0,0,gaussian,0.2,isolated,uniform,2,0.1,20,False,500,49,,,791,800,core,full_factorial
1381,architecture,14,main,N0,1000,5,2,10,spherical,normal,balanced,0.1,0.0,0,gaussian,0.2,isolated,uniform,2,0.1,20,False,500,49,,,801,810,core,full_factorial
1382,architecture,14,main,N0,1000,5,2,10,spherical,normal,balanced,0.1,0.0,0,gaussian,0.2,isolated,uniform,2,0.1,20,False,500,49,,,811,820,core,full_factorial
1383,architecture,14,main,N0,1000,5,2,10,spherical,normal,balanced,0.1,0.0,0,gaussian,0.2,isolated,uniform,2,0.1,20,False,500,49,,,821,830,core,full_factorial
1384,architecture,14,main,N0,1000,5,2,10,spherical,normal,balanced,0.1,0.0,0,gaussian,0.2,isolated,uniform,2,0.1,20,False,500,49,,,831,840,core,full_factorial
1385,architecture,14,main,N0,1000,5,2,10,spherical,normal,balanced,0.1,0.0,0,gaussian,0.2,isolated,uniform,2,0.1,20,False,500,49,,,841,850,core,full_factorial
1386,architecture,14,main,N0,1000,5,2,10,spherical,normal,balanced,0.1,0.0,0,gaussian,0.2,isolated,uniform,2,0.1,20,False,500,49,,,851,860,core,full_factorial
1387,architecture,14,main,N0,1000,5,2,10,spherical,normal,balanced,0.1,0.0,0,gaussian,0.2,isolated,uniform,2,0.1,20,False,500,49,,,861,870,core,full_factorial
1388,architecture,14,main,N0,1000,5,2,10,spherical,normal,balanced,0.1,0.0,0,gaussian,0.2,isolated,uniform,2,0.1,20,False,500,49,,,871,880,core,full_factorial
1389,architecture,14,main,N0,1000,5,2,10,spherical,normal,balanced,0.1,0.0,0,gaussian,0.2,isolated,uniform,2,0.1,20,False,500,49,,,881,890,core,full_factorial
1390,architecture,14,main,N0,1000,5,2,10,spherical,normal,balanced,0.1,0.0,0,gaussian,0.2,isolated,uniform,2,0.1,20,False,500,49,,,891,900,core,full_factorial
1391,architecture,14,main,N0,1000,5,2,10,spherical,normal,balanced,0.1,0.0,0,gaussian,0.2,isolated,uniform,2,0.1,20,False,500,49,,,901,910,core,full_factorial
1392,architecture,14,main,N0,1000,5,2,10,spherical,normal,balanced,0.1,0.0,0,gaussian,0.2,isolated,uniform,2,0.1,20,False,500,49,,,911,920,core,full_factorial
1393,architecture,14,main,N0,1000,5,2,10,spherical,normal,balanced,0.1,0.0,0,gaussian,0.2,isolated,uniform,2,0.1,20,False,500,49,,,921,930,core,full_factorial
1394,architecture,14,main,N0,1000,5,2,10,spherical,normal,balanced,0.1,0.0,0,gaussian,0.2,isolated,uniform,2,0.1,20,False,500,49,,,931,940,core,full_factorial
1395,architecture,14,main,N0,1000,5,2,10,spherical,normal,balanced,0.1,0.0,0,gaussian,0.2,isolated,uniform,2,0.1,20,False,500,49,,,941,950,core,full_factorial
1396,architecture,14,main,N0,1000,5,2,10,spherical,normal,balanced,0.1,0.0,0,gaussian,0.2,isolated,uniform,2,0.1,20,False,500,49,,,951,960,core,full_factorial
1397,architecture,14,main,N0,1000,5,2,10,spherical,normal,balanced,0.1,0.0,0,gaussian,0.2,isolated,uniform,2,0.1,20,False,500,49,,,961,970,core,full_factorial
1398,architecture,14,main,N0,1000,5,2,10,spherical,normal,balanced,0.1,0.0,0,gaussian,0.2,isolated,uniform,2,0.1,20,False,500,49,,,971,980,core,full_factorial
1399,architecture,14,main,N0,1000,5,2,10,spherical,normal,balanced,0.1,0.0,0,gaussian,0.2,isolated,uniform,2,0.1,20,False,500,49,,,981,990,core,full_factorial
1400,architecture,14,main,N0,1000,5,2,10,spherical,normal,balanced,0.1,0.0,0,gaussian,0.2,isolated,uniform,2,0.1,20,False,500,49,,,991,1000,core,full_factorial
1401,architecture,15,main,N0,1000,5,2,6,elliptical,normal,balanced,0.1,0.0,0,gaussian,0.2,isolated,uniform,2,0.1,20,False,500,49,,,1,10,core,full_factorial
1402,architecture,15,main,N0,1000,5,2,6,elliptical,normal,balanced,0.1,0.0,0,gaussian,0.2,isolated,uniform,2,0.1,20,False,500,49,,,11,20,core,full_factorial
1403,architecture,15,main,N0,1000,5,2,6,elliptical,normal,balanced,0.1,0.0,0,gaussian,0.2,isolated,uniform,2,0.1,20,False,500,49,,,21,30,core,full_factorial
1404,architecture,15,main,N0,1000,5,2,6,elliptical,normal,balanced,0.1,0.0,0,gaussian,0.2,isolated,uniform,2,0.1,20,False,500,49,,,31,40,core,full_factorial
1405,architecture,15,main,N0,1000,5,2,6,elliptical,normal,balanced,0.1,0.0,0,gaussian,0.2,isolated,uniform,2,0.1,20,False,500,49,,,41,50,core,full_factorial
1406,architecture,15,main,N0,1000,5,2,6,elliptical,normal,balanced,0.1,0.0,0,gaussian,0.2,isolated,uniform,2,0.1,20,False,500,49,,,51,60,core,full_factorial
1407,architecture,15,main,N0,1000,5,2,6,elliptical,normal,balanced,0.1,0.0,0,gaussian,0.2,isolated,uniform,2,0.1,20,False,500,49,,,61,70,core,full_factorial
1408,architecture,15,main,N0,1000,5,2,6,elliptical,normal,balanced,0.1,0.0,0,gaussian,0.2,isolated,uniform,2,0.1,20,False,500,49,,,71,80,core,full_factorial
1409,architecture,15,main,N0,1000,5,2,6,elliptical,normal,balanced,0.1,0.0,0,gaussian,0.2,isolated,uniform,2,0.1,20,False,500,49,,,81,90,core,full_factorial
1410,architecture,15,main,N0,1000,5,2,6,elliptical,normal,balanced,0.1,0.0,0,gaussian,0.2,isolated,uniform,2,0.1,20,False,500,49,,,91,100,core,full_factorial
1411,architecture,15,main,N0,1000,5,2,6,elliptical,normal,balanced,0.1,0.0,0,gaussian,0.2,isolated,uniform,2,0.1,20,False,500,49,,,101,110,core,full_factorial
1412,architecture,15,main,N0,1000,5,2,6,elliptical,normal,balanced,0.1,0.0,0,gaussian,0.2,isolated,uniform,2,0.1,20,False,500,49,,,111,120,core,full_factorial
1413,architecture,15,main,N0,1000,5,2,6,elliptical,normal,balanced,0.1,0.0,0,gaussian,0.2,isolated,uniform,2,0.1,20,False,500,49,,,121,130,core,full_factorial
1414,architecture,15,main,N0,1000,5,2,6,elliptical,normal,balanced,0.1,0.0,0,gaussian,0.2,isolated,uniform,2,0.1,20,False,500,49,,,131,140,core,full_factorial
1415,architecture,15,main,N0,1000,5,2,6,elliptical,normal,balanced,0.1,0.0,0,gaussian,0.2,isolated,uniform,2,0.1,20,False,500,49,,,141,150,core,full_factorial
1416,architecture,15,main,N0,1000,5,2,6,elliptical,normal,balanced,0.1,0.0,0,gaussian,0.2,isolated,uniform,2,0.1,20,False,500,49,,,151,160,core,full_factorial
1417,architecture,15,main,N0,1000,5,2,6,elliptical,normal,balanced,0.1,0.0,0,gaussian,0.2,isolated,uniform,2,0.1,20,False,500,49,,,161,170,core,full_factorial
1418,architecture,15,main,N0,1000,5,2,6,elliptical,normal,balanced,0.1,0.0,0,gaussian,0.2,isolated,uniform,2,0.1,20,False,500,49,,,171,180,core,full_factorial
1419,architecture,15,main,N0,1000,5,2,6,elliptical,normal,balanced,0.1,0.0,0,gaussian,0.2,isolated,uniform,2,0.1,20,False,500,49,,,181,190,core,full_factorial
1420,architecture,15,main,N0,1000,5,2,6,elliptical,normal,balanced,0.1,0.0,0,gaussian,0.2,isolated,uniform,2,0.1,20,False,500,49,,,191,200,core,full_factorial
1421,architecture,15,main,N0,1000,5,2,6,elliptical,normal,balanced,0.1,0.0,0,gaussian,0.2,isolated,uniform,2,0.1,20,False,500,49,,,201,210,core,full_factorial
1422,architecture,15,main,N0,1000,5,2,6,elliptical,normal,balanced,0.1,0.0,0,gaussian,0.2,isolated,uniform,2,0.1,20,False,500,49,,,211,220,core,full_factorial
1423,architecture,15,main,N0,1000,5,2,6,elliptical,normal,balanced,0.1,0.0,0,gaussian,0.2,isolated,uniform,2,0.1,20,False,500,49,,,221,230,core,full_factorial
1424,architecture,15,main,N0,1000,5,2,6,elliptical,normal,balanced,0.1,0.0,0,gaussian,0.2,isolated,uniform,2,0.1,20,False,500,49,,,231,240,core,full_factorial
1425,architecture,15,main,N0,1000,5,2,6,elliptical,normal,balanced,0.1,0.0,0,gaussian,0.2,isolated,uniform,2,0.1,20,False,500,49,,,241,250,core,full_factorial
1426,architecture,15,main,N0,1000,5,2,6,elliptical,normal,balanced,0.1,0.0,0,gaussian,0.2,isolated,uniform,2,0.1,20,False,500,49,,,251,260,core,full_factorial
1427,architecture,15,main,N0,1000,5,2,6,elliptical,normal,balanced,0.1,0.0,0,gaussian,0.2,isolated,uniform,2,0.1,20,False,500,49,,,261,270,core,full_factorial
1428,architecture,15,main,N0,1000,5,2,6,elliptical,normal,balanced,0.1,0.0,0,gaussian,0.2,isolated,uniform,2,0.1,20,False,500,49,,,271,280,core,full_factorial
1429,architecture,15,main,N0,1000,5,2,6,elliptical,normal,balanced,0.1,0.0,0,gaussian,0.2,isolated,uniform,2,0.1,20,False,500,49,,,281,290,core,full_factorial
1430,architecture,15,main,N0,1000,5,2,6,elliptical,normal,balanced,0.1,0.0,0,gaussian,0.2,isolated,uniform,2,0.1,20,False,500,49,,,291,300,core,full_factorial
1431,architecture,15,main,N0,1000,5,2,6,elliptical,normal,balanced,0.1,0.0,0,gaussian,0.2,isolated,uniform,2,0.1,20,False,500,49,,,301,310,core,full_factorial
1432,architecture,15,main,N0,1000,5,2,6,elliptical,normal,balanced,0.1,0.0,0,gaussian,0.2,isolated,uniform,2,0.1,20,False,500,49,,,311,320,core,full_factorial
1433,architecture,15,main,N0,1000,5,2,6,elliptical,normal,balanced,0.1,0.0,0,gaussian,0.2,isolated,uniform,2,0.1,20,False,500,49,,,321,330,core,full_factorial
1434,architecture,15,main,N0,1000,5,2,6,elliptical,normal,balanced,0.1,0.0,0,gaussian,0.2,isolated,uniform,2,0.1,20,False,500,49,,,331,340,core,full_factorial
1435,architecture,15,main,N0,1000,5,2,6,elliptical,normal,balanced,0.1,0.0,0,gaussian,0.2,isolated,uniform,2,0.1,20,False,500,49,,,341,350,core,full_factorial
1436,architecture,15,main,N0,1000,5,2,6,elliptical,normal,balanced,0.1,0.0,0,gaussian,0.2,isolated,uniform,2,0.1,20,False,500,49,,,351,360,core,full_factorial
1437,architecture,15,main,N0,1000,5,2,6,elliptical,normal,balanced,0.1,0.0,0,gaussian,0.2,isolated,uniform,2,0.1,20,False,500,49,,,361,370,core,full_factorial
1438,architecture,15,main,N0,1000,5,2,6,elliptical,normal,balanced,0.1,0.0,0,gaussian,0.2,isolated,uniform,2,0.1,20,False,500,49,,,371,380,core,full_factorial
1439,architecture,15,main,N0,1000,5,2,6,elliptical,normal,balanced,0.1,0.0,0,gaussian,0.2,isolated,uniform,2,0.1,20,False,500,49,,,381,390,core,full_factorial
1440,architecture,15,main,N0,1000,5,2,6,elliptical,normal,balanced,0.1,0.0,0,gaussian,0.2,isolated,uniform,2,0.1,20,False,500,49,,,391,400,core,full_factorial
1441,architecture,15,main,N0,1000,5,2,6,elliptical,normal,balanced,0.1,0.0,0,gaussian,0.2,isolated,uniform,2,0.1,20,False,500,49,,,401,410,core,full_factorial
1442,architecture,15,main,N0,1000,5,2,6,elliptical,normal,balanced,0.1,0.0,0,gaussian,0.2,isolated,uniform,2,0.1,20,False,500,49,,,411,420,core,full_factorial
1443,architecture,15,main,N0,1000,5,2,6,elliptical,normal,balanced,0.1,0.0,0,gaussian,0.2,isolated,uniform,2,0.1,20,False,500,49,,,421,430,core,full_factorial
1444,architecture,15,main,N0,1000,5,2,6,elliptical,normal,balanced,0.1,0.0,0,gaussian,0.2,isolated,uniform,2,0.1,20,False,500,49,,,431,440,core,full_factorial
1445,architecture,15,main,N0,1000,5,2,6,elliptical,normal,balanced,0.1,0.0,0,gaussian,0.2,isolated,uniform,2,0.1,20,False,500,49,,,441,450,core,full_factorial
1446,architecture,15,main,N0,1000,5,2,6,elliptical,normal,balanced,0.1,0.0,0,gaussian,0.2,isolated,uniform,2,0.1,20,False,500,49,,,451,460,core,full_factorial
1447,architecture,15,main,N0,1000,5,2,6,elliptical,normal,balanced,0.1,0.0,0,gaussian,0.2,isolated,uniform,2,0.1,20,False,500,49,,,461,470,core,full_factorial
1448,architecture,15,main,N0,1000,5,2,6,elliptical,normal,balanced,0.1,0.0,0,gaussian,0.2,isolated,uniform,2,0.1,20,False,500,49,,,471,480,core,full_factorial
1449,architecture,15,main,N0,1000,5,2,6,elliptical,normal,balanced,0.1,0.0,0,gaussian,0.2,isolated,uniform,2,0.1,20,False,500,49,,,481,490,core,full_factorial
1450,architecture,15,main,N0,1000,5,2,6,elliptical,normal,balanced,0.1,0.0,0,gaussian,0.2,isolated,uniform,2,0.1,20,False,500,49,,,491,500,core,full_factorial
1451,architecture,15,main,N0,1000,5,2,6,elliptical,normal,balanced,0.1,0.0,0,gaussian,0.2,isolated,uniform,2,0.1,20,False,500,49,,,501,510,core,full_factorial
1452,architecture,15,main,N0,1000,5,2,6,elliptical,normal,balanced,0.1,0.0,0,gaussian,0.2,isolated,uniform,2,0.1,20,False,500,49,,,511,520,core,full_factorial
1453,architecture,15,main,N0,1000,5,2,6,elliptical,normal,balanced,0.1,0.0,0,gaussian,0.2,isolated,uniform,2,0.1,20,False,500,49,,,521,530,core,full_factorial
1454,architecture,15,main,N0,1000,5,2,6,elliptical,normal,balanced,0.1,0.0,0,gaussian,0.2,isolated,uniform,2,0.1,20,False,500,49,,,531,540,core,full_factorial
1455,architecture,15,main,N0,1000,5,2,6,elliptical,normal,balanced,0.1,0.0,0,gaussian,0.2,isolated,uniform,2,0.1,20,False,500,49,,,541,550,core,full_factorial
1456,architecture,15,main,N0,1000,5,2,6,elliptical,normal,balanced,0.1,0.0,0,gaussian,0.2,isolated,uniform,2,0.1,20,False,500,49,,,551,560,core,full_factorial
1457,architecture,15,main,N0,1000,5,2,6,elliptical,normal,balanced,0.1,0.0,0,gaussian,0.2,isolated,uniform,2,0.1,20,False,500,49,,,561,570,core,full_factorial
1458,architecture,15,main,N0,1000,5,2,6,elliptical,normal,balanced,0.1,0.0,0,gaussian,0.2,isolated,uniform,2,0.1,20,False,500,49,,,571,580,core,full_factorial
1459,architecture,15,main,N0,1000,5,2,6,elliptical,normal,balanced,0.1,0.0,0,gaussian,0.2,isolated,uniform,2,0.1,20,False,500,49,,,581,590,core,full_factorial
1460,architecture,15,main,N0,1000,5,2,6,elliptical,normal,balanced,0.1,0.0,0,gaussian,0.2,isolated,uniform,2,0.1,20,False,500,49,,,591,600,core,full_factorial
1461,architecture,15,main,N0,1000,5,2,6,elliptical,normal,balanced,0.1,0.0,0,gaussian,0.2,isolated,uniform,2,0.1,20,False,500,49,,,601,610,core,full_factorial
1462,architecture,15,main,N0,1000,5,2,6,elliptical,normal,balanced,0.1,0.0,0,gaussian,0.2,isolated,uniform,2,0.1,20,False,500,49,,,611,620,core,full_factorial
1463,architecture,15,main,N0,1000,5,2,6,elliptical,normal,balanced,0.1,0.0,0,gaussian,0.2,isolated,uniform,2,0.1,20,False,500,49,,,621,630,core,full_factorial
1464,architecture,15,main,N0,1000,5,2,6,elliptical,normal,balanced,0.1,0.0,0,gaussian,0.2,isolated,uniform,2,0.1,20,False,500,49,,,631,640,core,full_factorial
1465,architecture,15,main,N0,1000,5,2,6,elliptical,normal,balanced,0.1,0.0,0,gaussian,0.2,isolated,uniform,2,0.1,20,False,500,49,,,641,650,core,full_factorial
1466,architecture,15,main,N0,1000,5,2,6,elliptical,normal,balanced,0.1,0.0,0,gaussian,0.2,isolated,uniform,2,0.1,20,False,500,49,,,651,660,core,full_factorial
1467,architecture,15,main,N0,1000,5,2,6,elliptical,normal,balanced,0.1,0.0,0,gaussian,0.2,isolated,uniform,2,0.1,20,False,500,49,,,661,670,core,full_factorial
1468,architecture,15,main,N0,1000,5,2,6,elliptical,normal,balanced,0.1,0.0,0,gaussian,0.2,isolated,uniform,2,0.1,20,False,500,49,,,671,680,core,full_factorial
1469,architecture,15,main,N0,1000,5,2,6,elliptical,normal,balanced,0.1,0.0,0,gaussian,0.2,isolated,uniform,2,0.1,20,False,500,49,,,681,690,core,full_factorial
1470,architecture,15,main,N0,1000,5,2,6,elliptical,normal,balanced,0.1,0.0,0,gaussian,0.2,isolated,uniform,2,0.1,20,False,500,49,,,691,700,core,full_factorial
1471,architecture,15,main,N0,1000,5,2,6,elliptical,normal,balanced,0.1,0.0,0,gaussian,0.2,isolated,uniform,2,0.1,20,False,500,49,,,701,710,core,full_factorial
1472,architecture,15,main,N0,1000,5,2,6,elliptical,normal,balanced,0.1,0.0,0,gaussian,0.2,isolated,uniform,2,0.1,20,False,500,49,,,711,720,core,full_factorial
1473,architecture,15,main,N0,1000,5,2,6,elliptical,normal,balanced,0.1,0.0,0,gaussian,0.2,isolated,uniform,2,0.1,20,False,500,49,,,721,730,core,full_factorial
1474,architecture,15,main,N0,1000,5,2,6,elliptical,normal,balanced,0.1,0.0,0,gaussian,0.2,isolated,uniform,2,0.1,20,False,500,49,,,731,740,core,full_factorial
1475,architecture,15,main,N0,1000,5,2,6,elliptical,normal,balanced,0.1,0.0,0,gaussian,0.2,isolated,uniform,2,0.1,20,False,500,49,,,741,750,core,full_factorial
1476,architecture,15,main,N0,1000,5,2,6,elliptical,normal,balanced,0.1,0.0,0,gaussian,0.2,isolated,uniform,2,0.1,20,False,500,49,,,751,760,core,full_factorial
1477,architecture,15,main,N0,1000,5,2,6,elliptical,normal,balanced,0.1,0.0,0,gaussian,0.2,isolated,uniform,2,0.1,20,False,500,49,,,761,770,core,full_factorial
1478,architecture,15,main,N0,1000,5,2,6,elliptical,normal,balanced,0.1,0.0,0,gaussian,0.2,isolated,uniform,2,0.1,20,False,500,49,,,771,780,core,full_factorial
1479,architecture,15,main,N0,1000,5,2,6,elliptical,normal,balanced,0.1,0.0,0,gaussian,0.2,isolated,uniform,2,0.1,20,False,500,49,,,781,790,core,full_factorial
1480,architecture,15,main,N0,1000,5,2,6,elliptical,normal,balanced,0.1,0.0,0,gaussian,0.2,isolated,uniform,2,0.1,20,False,500,49,,,791,800,core,full_factorial
1481,architecture,15,main,N0,1000,5,2,6,elliptical,normal,balanced,0.1,0.0,0,gaussian,0.2,isolated,uniform,2,0.1,20,False,500,49,,,801,810,core,full_factorial
1482,architecture,15,main,N0,1000,5,2,6,elliptical,normal,balanced,0.1,0.0,0,gaussian,0.2,isolated,uniform,2,0.1,20,False,500,49,,,811,820,core,full_factorial
1483,architecture,15,main,N0,1000,5,2,6,elliptical,normal,balanced,0.1,0.0,0,gaussian,0.2,isolated,uniform,2,0.1,20,False,500,49,,,821,830,core,full_factorial
1484,architecture,15,main,N0,1000,5,2,6,elliptical,normal,balanced,0.1,0.0,0,gaussian,0.2,isolated,uniform,2,0.1,20,False,500,49,,,831,840,core,full_factorial
1485,architecture,15,main,N0,1000,5,2,6,elliptical,normal,balanced,0.1,0.0,0,gaussian,0.2,isolated,uniform,2,0.1,20,False,500,49,,,841,850,core,full_factorial
1486,architecture,15,main,N0,1000,5,2,6,elliptical,normal,balanced,0.1,0.0,0,gaussian,0.2,isolated,uniform,2,0.1,20,False,500,49,,,851,860,core,full_factorial
1487,architecture,15,main,N0,1000,5,2,6,elliptical,normal,balanced,0.1,0.0,0,gaussian,0.2,isolated,uniform,2,0.1,20,False,500,49,,,861,870,core,full_factorial
1488,architecture,15,main,N0,1000,5,2,6,elliptical,normal,balanced,0.1,0.0,0,gaussian,0.2,isolated,uniform,2,0.1,20,False,500,49,,,871,880,core,full_factorial
1489,architecture,15,main,N0,1000,5,2,6,elliptical,normal,balanced,0.1,0.0,0,gaussian,0.2,isolated,uniform,2,0.1,20,False,500,49,,,881,890,core,full_factorial
1490,architecture,15,main,N0,1000,5,2,6,elliptical,normal,balanced,0.1,0.0,0,gaussian,0.2,isolated,uniform,2,0.1,20,False,500,49,,,891,900,core,full_factorial
1491,architecture,15,main,N0,1000,5,2,6,elliptical,normal,balanced,0.1,0.0,0,gaussian,0.2,isolated,uniform,2,0.1,20,False,500,49,,,901,910,core,full_factorial
1492,architecture,15,main,N0,1000,5,2,6,elliptical,normal,balanced,0.1,0.0,0,gaussian,0.2,isolated,uniform,2,0.1,20,False,500,49,,,911,920,core,full_factorial
1493,architecture,15,main,N0,1000,5,2,6,elliptical,normal,balanced,0.1,0.0,0,gaussian,0.2,isolated,uniform,2,0.1,20,False,500,49,,,921,930,core,full_factorial
1494,architecture,15,main,N0,1000,5,2,6,elliptical,normal,balanced,0.1,0.0,0,gaussian,0.2,isolated,uniform,2,0.1,20,False,500,49,,,931,940,core,full_factorial
1495,architecture,15,main,N0,1000,5,2,6,elliptical,normal,balanced,0.1,0.0,0,gaussian,0.2,isolated,uniform,2,0.1,20,False,500,49,,,941,950,core,full_factorial
1496,architecture,15,main,N0,1000,5,2,6,elliptical,normal,balanced,0.1,0.0,0,gaussian,0.2,isolated,uniform,2,0.1,20,False,500,49,,,951,960,core,full_factorial
1497,architecture,15,main,N0,1000,5,2,6,elliptical,normal,balanced,0.1,0.0,0,gaussian,0.2,isolated,uniform,2,0.1,20,False,500,49,,,961,970,core,full_factorial
1498,architecture,15,main,N0,1000,5,2,6,elliptical,normal,balanced,0.1,0.0,0,gaussian,0.2,isolated,uniform,2,0.1,20,False,500,49,,,971,980,core,full_factorial
1499,architecture,15,main,N0,1000,5,2,6,elliptical,normal,balanced,0.1,0.0,0,gaussian,0.2,isolated,uniform,2,0.1,20,False,500,49,,,981,990,core,full_factorial
1500,architecture,15,main,N0,1000,5,2,6,elliptical,normal,balanced,0.1,0.0,0,gaussian,0.2,isolated,uniform,2,0.1,20,False,500,49,,,991,1000,core,full_factorial
1501,architecture,16,main,N0,1000,5,2,10,elliptical,normal,balanced,0.1,0.0,0,gaussian,0.2,isolated,uniform,2,0.1,20,False,500,49,,,1,10,core,full_factorial
1502,architecture,16,main,N0,1000,5,2,10,elliptical,normal,balanced,0.1,0.0,0,gaussian,0.2,isolated,uniform,2,0.1,20,False,500,49,,,11,20,core,full_factorial
1503,architecture,16,main,N0,1000,5,2,10,elliptical,normal,balanced,0.1,0.0,0,gaussian,0.2,isolated,uniform,2,0.1,20,False,500,49,,,21,30,core,full_factorial
1504,architecture,16,main,N0,1000,5,2,10,elliptical,normal,balanced,0.1,0.0,0,gaussian,0.2,isolated,uniform,2,0.1,20,False,500,49,,,31,40,core,full_factorial
1505,architecture,16,main,N0,1000,5,2,10,elliptical,normal,balanced,0.1,0.0,0,gaussian,0.2,isolated,uniform,2,0.1,20,False,500,49,,,41,50,core,full_factorial
1506,architecture,16,main,N0,1000,5,2,10,elliptical,normal,balanced,0.1,0.0,0,gaussian,0.2,isolated,uniform,2,0.1,20,False,500,49,,,51,60,core,full_factorial
1507,architecture,16,main,N0,1000,5,2,10,elliptical,normal,balanced,0.1,0.0,0,gaussian,0.2,isolated,uniform,2,0.1,20,False,500,49,,,61,70,core,full_factorial
1508,architecture,16,main,N0,1000,5,2,10,elliptical,normal,balanced,0.1,0.0,0,gaussian,0.2,isolated,uniform,2,0.1,20,False,500,49,,,71,80,core,full_factorial
1509,architecture,16,main,N0,1000,5,2,10,elliptical,normal,balanced,0.1,0.0,0,gaussian,0.2,isolated,uniform,2,0.1,20,False,500,49,,,81,90,core,full_factorial
1510,architecture,16,main,N0,1000,5,2,10,elliptical,normal,balanced,0.1,0.0,0,gaussian,0.2,isolated,uniform,2,0.1,20,False,500,49,,,91,100,core,full_factorial
1511,architecture,16,main,N0,1000,5,2,10,elliptical,normal,balanced,0.1,0.0,0,gaussian,0.2,isolated,uniform,2,0.1,20,False,500,49,,,101,110,core,full_factorial
1512,architecture,16,main,N0,1000,5,2,10,elliptical,normal,balanced,0.1,0.0,0,gaussian,0.2,isolated,uniform,2,0.1,20,False,500,49,,,111,120,core,full_factorial
1513,architecture,16,main,N0,1000,5,2,10,elliptical,normal,balanced,0.1,0.0,0,gaussian,0.2,isolated,uniform,2,0.1,20,False,500,49,,,121,130,core,full_factorial
1514,architecture,16,main,N0,1000,5,2,10,elliptical,normal,balanced,0.1,0.0,0,gaussian,0.2,isolated,uniform,2,0.1,20,False,500,49,,,131,140,core,full_factorial
1515,architecture,16,main,N0,1000,5,2,10,elliptical,normal,balanced,0.1,0.0,0,gaussian,0.2,isolated,uniform,2,0.1,20,False,500,49,,,141,150,core,full_factorial
1516,architecture,16,main,N0,1000,5,2,10,elliptical,normal,balanced,0.1,0.0,0,gaussian,0.2,isolated,uniform,2,0.1,20,False,500,49,,,151,160,core,full_factorial
1517,architecture,16,main,N0,1000,5,2,10,elliptical,normal,balanced,0.1,0.0,0,gaussian,0.2,isolated,uniform,2,0.1,20,False,500,49,,,161,170,core,full_factorial
1518,architecture,16,main,N0,1000,5,2,10,elliptical,normal,balanced,0.1,0.0,0,gaussian,0.2,isolated,uniform,2,0.1,20,False,500,49,,,171,180,core,full_factorial
1519,architecture,16,main,N0,1000,5,2,10,elliptical,normal,balanced,0.1,0.0,0,gaussian,0.2,isolated,uniform,2,0.1,20,False,500,49,,,181,190,core,full_factorial
1520,architecture,16,main,N0,1000,5,2,10,elliptical,normal,balanced,0.1,0.0,0,gaussian,0.2,isolated,uniform,2,0.1,20,False,500,49,,,191,200,core,full_factorial
1521,architecture,16,main,N0,1000,5,2,10,elliptical,normal,balanced,0.1,0.0,0,gaussian,0.2,isolated,uniform,2,0.1,20,False,500,49,,,201,210,core,full_factorial
1522,architecture,16,main,N0,1000,5,2,10,elliptical,normal,balanced,0.1,0.0,0,gaussian,0.2,isolated,uniform,2,0.1,20,False,500,49,,,211,220,core,full_factorial
1523,architecture,16,main,N0,1000,5,2,10,elliptical,normal,balanced,0.1,0.0,0,gaussian,0.2,isolated,uniform,2,0.1,20,False,500,49,,,221,230,core,full_factorial
1524,architecture,16,main,N0,1000,5,2,10,elliptical,normal,balanced,0.1,0.0,0,gaussian,0.2,isolated,uniform,2,0.1,20,False,500,49,,,231,240,core,full_factorial
1525,architecture,16,main,N0,1000,5,2,10,elliptical,normal,balanced,0.1,0.0,0,gaussian,0.2,isolated,uniform,2,0.1,20,False,500,49,,,241,250,core,full_factorial
1526,architecture,16,main,N0,1000,5,2,10,elliptical,normal,balanced,0.1,0.0,0,gaussian,0.2,isolated,uniform,2,0.1,20,False,500,49,,,251,260,core,full_factorial
1527,architecture,16,main,N0,1000,5,2,10,elliptical,normal,balanced,0.1,0.0,0,gaussian,0.2,isolated,uniform,2,0.1,20,False,500,49,,,261,270,core,full_factorial
1528,architecture,16,main,N0,1000,5,2,10,elliptical,normal,balanced,0.1,0.0,0,gaussian,0.2,isolated,uniform,2,0.1,20,False,500,49,,,271,280,core,full_factorial
1529,architecture,16,main,N0,1000,5,2,10,elliptical,normal,balanced,0.1,0.0,0,gaussian,0.2,isolated,uniform,2,0.1,20,False,500,49,,,281,290,core,full_factorial
1530,architecture,16,main,N0,1000,5,2,10,elliptical,normal,balanced,0.1,0.0,0,gaussian,0.2,isolated,uniform,2,0.1,20,False,500,49,,,291,300,core,full_factorial
1531,architecture,16,main,N0,1000,5,2,10,elliptical,normal,balanced,0.1,0.0,0,gaussian,0.2,isolated,uniform,2,0.1,20,False,500,49,,,301,310,core,full_factorial
1532,architecture,16,main,N0,1000,5,2,10,elliptical,normal,balanced,0.1,0.0,0,gaussian,0.2,isolated,uniform,2,0.1,20,False,500,49,,,311,320,core,full_factorial
1533,architecture,16,main,N0,1000,5,2,10,elliptical,normal,balanced,0.1,0.0,0,gaussian,0.2,isolated,uniform,2,0.1,20,False,500,49,,,321,330,core,full_factorial
1534,architecture,16,main,N0,1000,5,2,10,elliptical,normal,balanced,0.1,0.0,0,gaussian,0.2,isolated,uniform,2,0.1,20,False,500,49,,,331,340,core,full_factorial
1535,architecture,16,main,N0,1000,5,2,10,elliptical,normal,balanced,0.1,0.0,0,gaussian,0.2,isolated,uniform,2,0.1,20,False,500,49,,,341,350,core,full_factorial
1536,architecture,16,main,N0,1000,5,2,10,elliptical,normal,balanced,0.1,0.0,0,gaussian,0.2,isolated,uniform,2,0.1,20,False,500,49,,,351,360,core,full_factorial
1537,architecture,16,main,N0,1000,5,2,10,elliptical,normal,balanced,0.1,0.0,0,gaussian,0.2,isolated,uniform,2,0.1,20,False,500,49,,,361,370,core,full_factorial
1538,architecture,16,main,N0,1000,5,2,10,elliptical,normal,balanced,0.1,0.0,0,gaussian,0.2,isolated,uniform,2,0.1,20,False,500,49,,,371,380,core,full_factorial
1539,architecture,16,main,N0,1000,5,2,10,elliptical,normal,balanced,0.1,0.0,0,gaussian,0.2,isolated,uniform,2,0.1,20,False,500,49,,,381,390,core,full_factorial
1540,architecture,16,main,N0,1000,5,2,10,elliptical,normal,balanced,0.1,0.0,0,gaussian,0.2,isolated,uniform,2,0.1,20,False,500,49,,,391,400,core,full_factorial
1541,architecture,16,main,N0,1000,5,2,10,elliptical,normal,balanced,0.1,0.0,0,gaussian,0.2,isolated,uniform,2,0.1,20,False,500,49,,,401,410,core,full_factorial
1542,architecture,16,main,N0,1000,5,2,10,elliptical,normal,balanced,0.1,0.0,0,gaussian,0.2,isolated,uniform,2,0.1,20,False,500,49,,,411,420,core,full_factorial
1543,architecture,16,main,N0,1000,5,2,10,elliptical,normal,balanced,0.1,0.0,0,gaussian,0.2,isolated,uniform,2,0.1,20,False,500,49,,,421,430,core,full_factorial
1544,architecture,16,main,N0,1000,5,2,10,elliptical,normal,balanced,0.1,0.0,0,gaussian,0.2,isolated,uniform,2,0.1,20,False,500,49,,,431,440,core,full_factorial
1545,architecture,16,main,N0,1000,5,2,10,elliptical,normal,balanced,0.1,0.0,0,gaussian,0.2,isolated,uniform,2,0.1,20,False,500,49,,,441,450,core,full_factorial
1546,architecture,16,main,N0,1000,5,2,10,elliptical,normal,balanced,0.1,0.0,0,gaussian,0.2,isolated,uniform,2,0.1,20,False,500,49,,,451,460,core,full_factorial
1547,architecture,16,main,N0,1000,5,2,10,elliptical,normal,balanced,0.1,0.0,0,gaussian,0.2,isolated,uniform,2,0.1,20,False,500,49,,,461,470,core,full_factorial
1548,architecture,16,main,N0,1000,5,2,10,elliptical,normal,balanced,0.1,0.0,0,gaussian,0.2,isolated,uniform,2,0.1,20,False,500,49,,,471,480,core,full_factorial
1549,architecture,16,main,N0,1000,5,2,10,elliptical,normal,balanced,0.1,0.0,0,gaussian,0.2,isolated,uniform,2,0.1,20,False,500,49,,,481,490,core,full_factorial
1550,architecture,16,main,N0,1000,5,2,10,elliptical,normal,balanced,0.1,0.0,0,gaussian,0.2,isolated,uniform,2,0.1,20,False,500,49,,,491,500,core,full_factorial
1551,architecture,16,main,N0,1000,5,2,10,elliptical,normal,balanced,0.1,0.0,0,gaussian,0.2,isolated,uniform,2,0.1,20,False,500,49,,,501,510,core,full_factorial
1552,architecture,16,main,N0,1000,5,2,10,elliptical,normal,balanced,0.1,0.0,0,gaussian,0.2,isolated,uniform,2,0.1,20,False,500,49,,,511,520,core,full_factorial
1553,architecture,16,main,N0,1000,5,2,10,elliptical,normal,balanced,0.1,0.0,0,gaussian,0.2,isolated,uniform,2,0.1,20,False,500,49,,,521,530,core,full_factorial
1554,architecture,16,main,N0,1000,5,2,10,elliptical,normal,balanced,0.1,0.0,0,gaussian,0.2,isolated,uniform,2,0.1,20,False,500,49,,,531,540,core,full_factorial
1555,architecture,16,main,N0,1000,5,2,10,elliptical,normal,balanced,0.1,0.0,0,gaussian,0.2,isolated,uniform,2,0.1,20,False,500,49,,,541,550,core,full_factorial
1556,architecture,16,main,N0,1000,5,2,10,elliptical,normal,balanced,0.1,0.0,0,gaussian,0.2,isolated,uniform,2,0.1,20,False,500,49,,,551,560,core,full_factorial
1557,architecture,16,main,N0,1000,5,2,10,elliptical,normal,balanced,0.1,0.0,0,gaussian,0.2,isolated,uniform,2,0.1,20,False,500,49,,,561,570,core,full_factorial
1558,architecture,16,main,N0,1000,5,2,10,elliptical,normal,balanced,0.1,0.0,0,gaussian,0.2,isolated,uniform,2,0.1,20,False,500,49,,,571,580,core,full_factorial
1559,architecture,16,main,N0,1000,5,2,10,elliptical,normal,balanced,0.1,0.0,0,gaussian,0.2,isolated,uniform,2,0.1,20,False,500,49,,,581,590,core,full_factorial
1560,architecture,16,main,N0,1000,5,2,10,elliptical,normal,balanced,0.1,0.0,0,gaussian,0.2,isolated,uniform,2,0.1,20,False,500,49,,,591,600,core,full_factorial
1561,architecture,16,main,N0,1000,5,2,10,elliptical,normal,balanced,0.1,0.0,0,gaussian,0.2,isolated,uniform,2,0.1,20,False,500,49,,,601,610,core,full_factorial
1562,architecture,16,main,N0,1000,5,2,10,elliptical,normal,balanced,0.1,0.0,0,gaussian,0.2,isolated,uniform,2,0.1,20,False,500,49,,,611,620,core,full_factorial
1563,architecture,16,main,N0,1000,5,2,10,elliptical,normal,balanced,0.1,0.0,0,gaussian,0.2,isolated,uniform,2,0.1,20,False,500,49,,,621,630,core,full_factorial
1564,architecture,16,main,N0,1000,5,2,10,elliptical,normal,balanced,0.1,0.0,0,gaussian,0.2,isolated,uniform,2,0.1,20,False,500,49,,,631,640,core,full_factorial
1565,architecture,16,main,N0,1000,5,2,10,elliptical,normal,balanced,0.1,0.0,0,gaussian,0.2,isolated,uniform,2,0.1,20,False,500,49,,,641,650,core,full_factorial
1566,architecture,16,main,N0,1000,5,2,10,elliptical,normal,balanced,0.1,0.0,0,gaussian,0.2,isolated,uniform,2,0.1,20,False,500,49,,,651,660,core,full_factorial
1567,architecture,16,main,N0,1000,5,2,10,elliptical,normal,balanced,0.1,0.0,0,gaussian,0.2,isolated,uniform,2,0.1,20,False,500,49,,,661,670,core,full_factorial
1568,architecture,16,main,N0,1000,5,2,10,elliptical,normal,balanced,0.1,0.0,0,gaussian,0.2,isolated,uniform,2,0.1,20,False,500,49,,,671,680,core,full_factorial
1569,architecture,16,main,N0,1000,5,2,10,elliptical,normal,balanced,0.1,0.0,0,gaussian,0.2,isolated,uniform,2,0.1,20,False,500,49,,,681,690,core,full_factorial
1570,architecture,16,main,N0,1000,5,2,10,elliptical,normal,balanced,0.1,0.0,0,gaussian,0.2,isolated,uniform,2,0.1,20,False,500,49,,,691,700,core,full_factorial
1571,architecture,16,main,N0,1000,5,2,10,elliptical,normal,balanced,0.1,0.0,0,gaussian,0.2,isolated,uniform,2,0.1,20,False,500,49,,,701,710,core,full_factorial
1572,architecture,16,main,N0,1000,5,2,10,elliptical,normal,balanced,0.1,0.0,0,gaussian,0.2,isolated,uniform,2,0.1,20,False,500,49,,,711,720,core,full_factorial
1573,architecture,16,main,N0,1000,5,2,10,elliptical,normal,balanced,0.1,0.0,0,gaussian,0.2,isolated,uniform,2,0.1,20,False,500,49,,,721,730,core,full_factorial
1574,architecture,16,main,N0,1000,5,2,10,elliptical,normal,balanced,0.1,0.0,0,gaussian,0.2,isolated,uniform,2,0.1,20,False,500,49,,,731,740,core,full_factorial
1575,architecture,16,main,N0,1000,5,2,10,elliptical,normal,balanced,0.1,0.0,0,gaussian,0.2,isolated,uniform,2,0.1,20,False,500,49,,,741,750,core,full_factorial
1576,architecture,16,main,N0,1000,5,2,10,elliptical,normal,balanced,0.1,0.0,0,gaussian,0.2,isolated,uniform,2,0.1,20,False,500,49,,,751,760,core,full_factorial
1577,architecture,16,main,N0,1000,5,2,10,elliptical,normal,balanced,0.1,0.0,0,gaussian,0.2,isolated,uniform,2,0.1,20,False,500,49,,,761,770,core,full_factorial
1578,architecture,16,main,N0,1000,5,2,10,elliptical,normal,balanced,0.1,0.0,0,gaussian,0.2,isolated,uniform,2,0.1,20,False,500,49,,,771,780,core,full_factorial
1579,architecture,16,main,N0,1000,5,2,10,elliptical,normal,balanced,0.1,0.0,0,gaussian,0.2,isolated,uniform,2,0.1,20,False,500,49,,,781,790,core,full_factorial
1580,architecture,16,main,N0,1000,5,2,10,elliptical,normal,balanced,0.1,0.0,0,gaussian,0.2,isolated,uniform,2,0.1,20,False,500,49,,,791,800,core,full_factorial
1581,architecture,16,main,N0,1000,5,2,10,elliptical,normal,balanced,0.1,0.0,0,gaussian,0.2,isolated,uniform,2,0.1,20,False,500,49,,,801,810,core,full_factorial
1582,architecture,16,main,N0,1000,5,2,10,elliptical,normal,balanced,0.1,0.0,0,gaussian,0.2,isolated,uniform,2,0.1,20,False,500,49,,,811,820,core,full_factorial
1583,architecture,16,main,N0,1000,5,2,10,elliptical,normal,balanced,0.1,0.0,0,gaussian,0.2,isolated,uniform,2,0.1,20,False,500,49,,,821,830,core,full_factorial
1584,architecture,16,main,N0,1000,5,2,10,elliptical,normal,balanced,0.1,0.0,0,gaussian,0.2,isolated,uniform,2,0.1,20,False,500,49,,,831,840,core,full_factorial
1585,architecture,16,main,N0,1000,5,2,10,elliptical,normal,balanced,0.1,0.0,0,gaussian,0.2,isolated,uniform,2,0.1,20,False,500,49,,,841,850,core,full_factorial
1586,architecture,16,main,N0,1000,5,2,10,elliptical,normal,balanced,0.1,0.0,0,gaussian,0.2,isolated,uniform,2,0.1,20,False,500,49,,,851,860,core,full_factorial
1587,architecture,16,main,N0,1000,5,2,10,elliptical,normal,balanced,0.1,0.0,0,gaussian,0.2,isolated,uniform,2,0.1,20,False,500,49,,,861,870,core,full_factorial
1588,architecture,16,main,N0,1000,5,2,10,elliptical,normal,balanced,0.1,0.0,0,gaussian,0.2,isolated,uniform,2,0.1,20,False,500,49,,,871,880,core,full_factorial
1589,architecture,16,main,N0,1000,5,2,10,elliptical,normal,balanced,0.1,0.0,0,gaussian,0.2,isolated,uniform,2,0.1,20,False,500,49,,,881,890,core,full_factorial
1590,architecture,16,main,N0,1000,5,2,10,elliptical,normal,balanced,0.1,0.0,0,gaussian,0.2,isolated,uniform,2,0.1,20,False,500,49,,,891,900,core,full_factorial
1591,architecture,16,main,N0,1000,5,2,10,elliptical,normal,balanced,0.1,0.0,0,gaussian,0.2,isolated,uniform,2,0.1,20,False,500,49,,,901,910,core,full_factorial
1592,architecture,16,main,N0,1000,5,2,10,elliptical,normal,balanced,0.1,0.0,0,gaussian,0.2,isolated,uniform,2,0.1,20,False,500,49,,,911,920,core,full_factorial
1593,architecture,16,main,N0,1000,5,2,10,elliptical,normal,balanced,0.1,0.0,0,gaussian,0.2,isolated,uniform,2,0.1,20,False,500,49,,,921,930,core,full_factorial
1594,architecture,16,main,N0,1000,5,2,10,elliptical,normal,balanced,0.1,0.0,0,gaussian,0.2,isolated,uniform,2,0.1,20,False,500,49,,,931,940,core,full_factorial
1595,architecture,16,main,N0,1000,5,2,10,elliptical,normal,balanced,0.1,0.0,0,gaussian,0.2,isolated,uniform,2,0.1,20,False,500,49,,,941,950,core,full_factorial
1596,architecture,16,main,N0,1000,5,2,10,elliptical,normal,balanced,0.1,0.0,0,gaussian,0.2,isolated,uniform,2,0.1,20,False,500,49,,,951,960,core,full_factorial
1597,architecture,16,main,N0,1000,5,2,10,elliptical,normal,balanced,0.1,0.0,0,gaussian,0.2,isolated,uniform,2,0.1,20,False,500,49,,,961,970,core,full_factorial
1598,architecture,16,main,N0,1000,5,2,10,elliptical,normal,balanced,0.1,0.0,0,gaussian,0.2,isolated,uniform,2,0.1,20,False,500,49,,,971,980,core,full_factorial
1599,architecture,16,main,N0,1000,5,2,10,elliptical,normal,balanced,0.1,0.0,0,gaussian,0.2,isolated,uniform,2,0.1,20,False,500,49,,,981,990,core,full_factorial
1600,architecture,16,main,N0,1000,5,2,10,elliptical,normal,balanced,0.1,0.0,0,gaussian,0.2,isolated,uniform,2,0.1,20,False,500,49,,,991,1000,core,full_factorial
1601,architecture,17,main,M1,500,2,2,6,spherical,normal,balanced,0.1,0.05,1,gaussian,0.2,isolated,uniform,2,0.1,20,False,500,49,,,1,10,core,full_factorial
1602,architecture,17,main,M1,500,2,2,6,spherical,normal,balanced,0.1,0.05,1,gaussian,0.2,isolated,uniform,2,0.1,20,False,500,49,,,11,20,core,full_factorial
1603,architecture,17,main,M1,500,2,2,6,spherical,normal,balanced,0.1,0.05,1,gaussian,0.2,isolated,uniform,2,0.1,20,False,500,49,,,21,30,core,full_factorial
1604,architecture,17,main,M1,500,2,2,6,spherical,normal,balanced,0.1,0.05,1,gaussian,0.2,isolated,uniform,2,0.1,20,False,500,49,,,31,40,core,full_factorial
1605,architecture,17,main,M1,500,2,2,6,spherical,normal,balanced,0.1,0.05,1,gaussian,0.2,isolated,uniform,2,0.1,20,False,500,49,,,41,50,core,full_factorial
1606,architecture,17,main,M1,500,2,2,6,spherical,normal,balanced,0.1,0.05,1,gaussian,0.2,isolated,uniform,2,0.1,20,False,500,49,,,51,60,core,full_factorial
1607,architecture,17,main,M1,500,2,2,6,spherical,normal,balanced,0.1,0.05,1,gaussian,0.2,isolated,uniform,2,0.1,20,False,500,49,,,61,70,core,full_factorial
1608,architecture,17,main,M1,500,2,2,6,spherical,normal,balanced,0.1,0.05,1,gaussian,0.2,isolated,uniform,2,0.1,20,False,500,49,,,71,80,core,full_factorial
1609,architecture,17,main,M1,500,2,2,6,spherical,normal,balanced,0.1,0.05,1,gaussian,0.2,isolated,uniform,2,0.1,20,False,500,49,,,81,90,core,full_factorial
1610,architecture,17,main,M1,500,2,2,6,spherical,normal,balanced,0.1,0.05,1,gaussian,0.2,isolated,uniform,2,0.1,20,False,500,49,,,91,100,core,full_factorial
1611,architecture,17,main,M1,500,2,2,6,spherical,normal,balanced,0.1,0.05,1,gaussian,0.2,isolated,uniform,2,0.1,20,False,500,49,,,101,110,core,full_factorial
1612,architecture,17,main,M1,500,2,2,6,spherical,normal,balanced,0.1,0.05,1,gaussian,0.2,isolated,uniform,2,0.1,20,False,500,49,,,111,120,core,full_factorial
1613,architecture,17,main,M1,500,2,2,6,spherical,normal,balanced,0.1,0.05,1,gaussian,0.2,isolated,uniform,2,0.1,20,False,500,49,,,121,130,core,full_factorial
1614,architecture,17,main,M1,500,2,2,6,spherical,normal,balanced,0.1,0.05,1,gaussian,0.2,isolated,uniform,2,0.1,20,False,500,49,,,131,140,core,full_factorial
1615,architecture,17,main,M1,500,2,2,6,spherical,normal,balanced,0.1,0.05,1,gaussian,0.2,isolated,uniform,2,0.1,20,False,500,49,,,141,150,core,full_factorial
1616,architecture,17,main,M1,500,2,2,6,spherical,normal,balanced,0.1,0.05,1,gaussian,0.2,isolated,uniform,2,0.1,20,False,500,49,,,151,160,core,full_factorial
1617,architecture,17,main,M1,500,2,2,6,spherical,normal,balanced,0.1,0.05,1,gaussian,0.2,isolated,uniform,2,0.1,20,False,500,49,,,161,170,core,full_factorial
1618,architecture,17,main,M1,500,2,2,6,spherical,normal,balanced,0.1,0.05,1,gaussian,0.2,isolated,uniform,2,0.1,20,False,500,49,,,171,180,core,full_factorial
1619,architecture,17,main,M1,500,2,2,6,spherical,normal,balanced,0.1,0.05,1,gaussian,0.2,isolated,uniform,2,0.1,20,False,500,49,,,181,190,core,full_factorial
1620,architecture,17,main,M1,500,2,2,6,spherical,normal,balanced,0.1,0.05,1,gaussian,0.2,isolated,uniform,2,0.1,20,False,500,49,,,191,200,core,full_factorial
1621,architecture,17,main,M1,500,2,2,6,spherical,normal,balanced,0.1,0.05,1,gaussian,0.2,isolated,uniform,2,0.1,20,False,500,49,,,201,210,core,full_factorial
1622,architecture,17,main,M1,500,2,2,6,spherical,normal,balanced,0.1,0.05,1,gaussian,0.2,isolated,uniform,2,0.1,20,False,500,49,,,211,220,core,full_factorial
1623,architecture,17,main,M1,500,2,2,6,spherical,normal,balanced,0.1,0.05,1,gaussian,0.2,isolated,uniform,2,0.1,20,False,500,49,,,221,230,core,full_factorial
1624,architecture,17,main,M1,500,2,2,6,spherical,normal,balanced,0.1,0.05,1,gaussian,0.2,isolated,uniform,2,0.1,20,False,500,49,,,231,240,core,full_factorial
1625,architecture,17,main,M1,500,2,2,6,spherical,normal,balanced,0.1,0.05,1,gaussian,0.2,isolated,uniform,2,0.1,20,False,500,49,,,241,250,core,full_factorial
1626,architecture,17,main,M1,500,2,2,6,spherical,normal,balanced,0.1,0.05,1,gaussian,0.2,isolated,uniform,2,0.1,20,False,500,49,,,251,260,core,full_factorial
1627,architecture,17,main,M1,500,2,2,6,spherical,normal,balanced,0.1,0.05,1,gaussian,0.2,isolated,uniform,2,0.1,20,False,500,49,,,261,270,core,full_factorial
1628,architecture,17,main,M1,500,2,2,6,spherical,normal,balanced,0.1,0.05,1,gaussian,0.2,isolated,uniform,2,0.1,20,False,500,49,,,271,280,core,full_factorial
1629,architecture,17,main,M1,500,2,2,6,spherical,normal,balanced,0.1,0.05,1,gaussian,0.2,isolated,uniform,2,0.1,20,False,500,49,,,281,290,core,full_factorial
1630,architecture,17,main,M1,500,2,2,6,spherical,normal,balanced,0.1,0.05,1,gaussian,0.2,isolated,uniform,2,0.1,20,False,500,49,,,291,300,core,full_factorial
1631,architecture,18,main,M1,500,2,2,10,spherical,normal,balanced,0.1,0.05,1,gaussian,0.2,isolated,uniform,2,0.1,20,False,500,49,,,1,10,core,full_factorial
1632,architecture,18,main,M1,500,2,2,10,spherical,normal,balanced,0.1,0.05,1,gaussian,0.2,isolated,uniform,2,0.1,20,False,500,49,,,11,20,core,full_factorial
1633,architecture,18,main,M1,500,2,2,10,spherical,normal,balanced,0.1,0.05,1,gaussian,0.2,isolated,uniform,2,0.1,20,False,500,49,,,21,30,core,full_factorial
1634,architecture,18,main,M1,500,2,2,10,spherical,normal,balanced,0.1,0.05,1,gaussian,0.2,isolated,uniform,2,0.1,20,False,500,49,,,31,40,core,full_factorial
1635,architecture,18,main,M1,500,2,2,10,spherical,normal,balanced,0.1,0.05,1,gaussian,0.2,isolated,uniform,2,0.1,20,False,500,49,,,41,50,core,full_factorial
1636,architecture,18,main,M1,500,2,2,10,spherical,normal,balanced,0.1,0.05,1,gaussian,0.2,isolated,uniform,2,0.1,20,False,500,49,,,51,60,core,full_factorial
1637,architecture,18,main,M1,500,2,2,10,spherical,normal,balanced,0.1,0.05,1,gaussian,0.2,isolated,uniform,2,0.1,20,False,500,49,,,61,70,core,full_factorial
1638,architecture,18,main,M1,500,2,2,10,spherical,normal,balanced,0.1,0.05,1,gaussian,0.2,isolated,uniform,2,0.1,20,False,500,49,,,71,80,core,full_factorial
1639,architecture,18,main,M1,500,2,2,10,spherical,normal,balanced,0.1,0.05,1,gaussian,0.2,isolated,uniform,2,0.1,20,False,500,49,,,81,90,core,full_factorial
1640,architecture,18,main,M1,500,2,2,10,spherical,normal,balanced,0.1,0.05,1,gaussian,0.2,isolated,uniform,2,0.1,20,False,500,49,,,91,100,core,full_factorial
1641,architecture,18,main,M1,500,2,2,10,spherical,normal,balanced,0.1,0.05,1,gaussian,0.2,isolated,uniform,2,0.1,20,False,500,49,,,101,110,core,full_factorial
1642,architecture,18,main,M1,500,2,2,10,spherical,normal,balanced,0.1,0.05,1,gaussian,0.2,isolated,uniform,2,0.1,20,False,500,49,,,111,120,core,full_factorial
1643,architecture,18,main,M1,500,2,2,10,spherical,normal,balanced,0.1,0.05,1,gaussian,0.2,isolated,uniform,2,0.1,20,False,500,49,,,121,130,core,full_factorial
1644,architecture,18,main,M1,500,2,2,10,spherical,normal,balanced,0.1,0.05,1,gaussian,0.2,isolated,uniform,2,0.1,20,False,500,49,,,131,140,core,full_factorial
1645,architecture,18,main,M1,500,2,2,10,spherical,normal,balanced,0.1,0.05,1,gaussian,0.2,isolated,uniform,2,0.1,20,False,500,49,,,141,150,core,full_factorial
1646,architecture,18,main,M1,500,2,2,10,spherical,normal,balanced,0.1,0.05,1,gaussian,0.2,isolated,uniform,2,0.1,20,False,500,49,,,151,160,core,full_factorial
1647,architecture,18,main,M1,500,2,2,10,spherical,normal,balanced,0.1,0.05,1,gaussian,0.2,isolated,uniform,2,0.1,20,False,500,49,,,161,170,core,full_factorial
1648,architecture,18,main,M1,500,2,2,10,spherical,normal,balanced,0.1,0.05,1,gaussian,0.2,isolated,uniform,2,0.1,20,False,500,49,,,171,180,core,full_factorial
1649,architecture,18,main,M1,500,2,2,10,spherical,normal,balanced,0.1,0.05,1,gaussian,0.2,isolated,uniform,2,0.1,20,False,500,49,,,181,190,core,full_factorial
1650,architecture,18,main,M1,500,2,2,10,spherical,normal,balanced,0.1,0.05,1,gaussian,0.2,isolated,uniform,2,0.1,20,False,500,49,,,191,200,core,full_factorial
1651,architecture,18,main,M1,500,2,2,10,spherical,normal,balanced,0.1,0.05,1,gaussian,0.2,isolated,uniform,2,0.1,20,False,500,49,,,201,210,core,full_factorial
1652,architecture,18,main,M1,500,2,2,10,spherical,normal,balanced,0.1,0.05,1,gaussian,0.2,isolated,uniform,2,0.1,20,False,500,49,,,211,220,core,full_factorial
1653,architecture,18,main,M1,500,2,2,10,spherical,normal,balanced,0.1,0.05,1,gaussian,0.2,isolated,uniform,2,0.1,20,False,500,49,,,221,230,core,full_factorial
1654,architecture,18,main,M1,500,2,2,10,spherical,normal,balanced,0.1,0.05,1,gaussian,0.2,isolated,uniform,2,0.1,20,False,500,49,,,231,240,core,full_factorial
1655,architecture,18,main,M1,500,2,2,10,spherical,normal,balanced,0.1,0.05,1,gaussian,0.2,isolated,uniform,2,0.1,20,False,500,49,,,241,250,core,full_factorial
1656,architecture,18,main,M1,500,2,2,10,spherical,normal,balanced,0.1,0.05,1,gaussian,0.2,isolated,uniform,2,0.1,20,False,500,49,,,251,260,core,full_factorial
1657,architecture,18,main,M1,500,2,2,10,spherical,normal,balanced,0.1,0.05,1,gaussian,0.2,isolated,uniform,2,0.1,20,False,500,49,,,261,270,core,full_factorial
1658,architecture,18,main,M1,500,2,2,10,spherical,normal,balanced,0.1,0.05,1,gaussian,0.2,isolated,uniform,2,0.1,20,False,500,49,,,271,280,core,full_factorial
1659,architecture,18,main,M1,500,2,2,10,spherical,normal,balanced,0.1,0.05,1,gaussian,0.2,isolated,uniform,2,0.1,20,False,500,49,,,281,290,core,full_factorial
1660,architecture,18,main,M1,500,2,2,10,spherical,normal,balanced,0.1,0.05,1,gaussian,0.2,isolated,uniform,2,0.1,20,False,500,49,,,291,300,core,full_factorial
1661,architecture,19,main,M1,500,2,2,6,elliptical,normal,balanced,0.1,0.05,1,gaussian,0.2,isolated,uniform,2,0.1,20,False,500,49,,,1,10,core,full_factorial
1662,architecture,19,main,M1,500,2,2,6,elliptical,normal,balanced,0.1,0.05,1,gaussian,0.2,isolated,uniform,2,0.1,20,False,500,49,,,11,20,core,full_factorial
1663,architecture,19,main,M1,500,2,2,6,elliptical,normal,balanced,0.1,0.05,1,gaussian,0.2,isolated,uniform,2,0.1,20,False,500,49,,,21,30,core,full_factorial
1664,architecture,19,main,M1,500,2,2,6,elliptical,normal,balanced,0.1,0.05,1,gaussian,0.2,isolated,uniform,2,0.1,20,False,500,49,,,31,40,core,full_factorial
1665,architecture,19,main,M1,500,2,2,6,elliptical,normal,balanced,0.1,0.05,1,gaussian,0.2,isolated,uniform,2,0.1,20,False,500,49,,,41,50,core,full_factorial
1666,architecture,19,main,M1,500,2,2,6,elliptical,normal,balanced,0.1,0.05,1,gaussian,0.2,isolated,uniform,2,0.1,20,False,500,49,,,51,60,core,full_factorial
1667,architecture,19,main,M1,500,2,2,6,elliptical,normal,balanced,0.1,0.05,1,gaussian,0.2,isolated,uniform,2,0.1,20,False,500,49,,,61,70,core,full_factorial
1668,architecture,19,main,M1,500,2,2,6,elliptical,normal,balanced,0.1,0.05,1,gaussian,0.2,isolated,uniform,2,0.1,20,False,500,49,,,71,80,core,full_factorial
1669,architecture,19,main,M1,500,2,2,6,elliptical,normal,balanced,0.1,0.05,1,gaussian,0.2,isolated,uniform,2,0.1,20,False,500,49,,,81,90,core,full_factorial
1670,architecture,19,main,M1,500,2,2,6,elliptical,normal,balanced,0.1,0.05,1,gaussian,0.2,isolated,uniform,2,0.1,20,False,500,49,,,91,100,core,full_factorial
1671,architecture,19,main,M1,500,2,2,6,elliptical,normal,balanced,0.1,0.05,1,gaussian,0.2,isolated,uniform,2,0.1,20,False,500,49,,,101,110,core,full_factorial
1672,architecture,19,main,M1,500,2,2,6,elliptical,normal,balanced,0.1,0.05,1,gaussian,0.2,isolated,uniform,2,0.1,20,False,500,49,,,111,120,core,full_factorial
1673,architecture,19,main,M1,500,2,2,6,elliptical,normal,balanced,0.1,0.05,1,gaussian,0.2,isolated,uniform,2,0.1,20,False,500,49,,,121,130,core,full_factorial
1674,architecture,19,main,M1,500,2,2,6,elliptical,normal,balanced,0.1,0.05,1,gaussian,0.2,isolated,uniform,2,0.1,20,False,500,49,,,131,140,core,full_factorial
1675,architecture,19,main,M1,500,2,2,6,elliptical,normal,balanced,0.1,0.05,1,gaussian,0.2,isolated,uniform,2,0.1,20,False,500,49,,,141,150,core,full_factorial
1676,architecture,19,main,M1,500,2,2,6,elliptical,normal,balanced,0.1,0.05,1,gaussian,0.2,isolated,uniform,2,0.1,20,False,500,49,,,151,160,core,full_factorial
1677,architecture,19,main,M1,500,2,2,6,elliptical,normal,balanced,0.1,0.05,1,gaussian,0.2,isolated,uniform,2,0.1,20,False,500,49,,,161,170,core,full_factorial
1678,architecture,19,main,M1,500,2,2,6,elliptical,normal,balanced,0.1,0.05,1,gaussian,0.2,isolated,uniform,2,0.1,20,False,500,49,,,171,180,core,full_factorial
1679,architecture,19,main,M1,500,2,2,6,elliptical,normal,balanced,0.1,0.05,1,gaussian,0.2,isolated,uniform,2,0.1,20,False,500,49,,,181,190,core,full_factorial
1680,architecture,19,main,M1,500,2,2,6,elliptical,normal,balanced,0.1,0.05,1,gaussian,0.2,isolated,uniform,2,0.1,20,False,500,49,,,191,200,core,full_factorial
1681,architecture,19,main,M1,500,2,2,6,elliptical,normal,balanced,0.1,0.05,1,gaussian,0.2,isolated,uniform,2,0.1,20,False,500,49,,,201,210,core,full_factorial
1682,architecture,19,main,M1,500,2,2,6,elliptical,normal,balanced,0.1,0.05,1,gaussian,0.2,isolated,uniform,2,0.1,20,False,500,49,,,211,220,core,full_factorial
1683,architecture,19,main,M1,500,2,2,6,elliptical,normal,balanced,0.1,0.05,1,gaussian,0.2,isolated,uniform,2,0.1,20,False,500,49,,,221,230,core,full_factorial
1684,architecture,19,main,M1,500,2,2,6,elliptical,normal,balanced,0.1,0.05,1,gaussian,0.2,isolated,uniform,2,0.1,20,False,500,49,,,231,240,core,full_factorial
1685,architecture,19,main,M1,500,2,2,6,elliptical,normal,balanced,0.1,0.05,1,gaussian,0.2,isolated,uniform,2,0.1,20,False,500,49,,,241,250,core,full_factorial
1686,architecture,19,main,M1,500,2,2,6,elliptical,normal,balanced,0.1,0.05,1,gaussian,0.2,isolated,uniform,2,0.1,20,False,500,49,,,251,260,core,full_factorial
1687,architecture,19,main,M1,500,2,2,6,elliptical,normal,balanced,0.1,0.05,1,gaussian,0.2,isolated,uniform,2,0.1,20,False,500,49,,,261,270,core,full_factorial
1688,architecture,19,main,M1,500,2,2,6,elliptical,normal,balanced,0.1,0.05,1,gaussian,0.2,isolated,uniform,2,0.1,20,False,500,49,,,271,280,core,full_factorial
1689,architecture,19,main,M1,500,2,2,6,elliptical,normal,balanced,0.1,0.05,1,gaussian,0.2,isolated,uniform,2,0.1,20,False,500,49,,,281,290,core,full_factorial
1690,architecture,19,main,M1,500,2,2,6,elliptical,normal,balanced,0.1,0.05,1,gaussian,0.2,isolated,uniform,2,0.1,20,False,500,49,,,291,300,core,full_factorial
1691,architecture,20,main,M1,500,2,2,10,elliptical,normal,balanced,0.1,0.05,1,gaussian,0.2,isolated,uniform,2,0.1,20,False,500,49,,,1,10,core,full_factorial
1692,architecture,20,main,M1,500,2,2,10,elliptical,normal,balanced,0.1,0.05,1,gaussian,0.2,isolated,uniform,2,0.1,20,False,500,49,,,11,20,core,full_factorial
1693,architecture,20,main,M1,500,2,2,10,elliptical,normal,balanced,0.1,0.05,1,gaussian,0.2,isolated,uniform,2,0.1,20,False,500,49,,,21,30,core,full_factorial
1694,architecture,20,main,M1,500,2,2,10,elliptical,normal,balanced,0.1,0.05,1,gaussian,0.2,isolated,uniform,2,0.1,20,False,500,49,,,31,40,core,full_factorial
1695,architecture,20,main,M1,500,2,2,10,elliptical,normal,balanced,0.1,0.05,1,gaussian,0.2,isolated,uniform,2,0.1,20,False,500,49,,,41,50,core,full_factorial
1696,architecture,20,main,M1,500,2,2,10,elliptical,normal,balanced,0.1,0.05,1,gaussian,0.2,isolated,uniform,2,0.1,20,False,500,49,,,51,60,core,full_factorial
1697,architecture,20,main,M1,500,2,2,10,elliptical,normal,balanced,0.1,0.05,1,gaussian,0.2,isolated,uniform,2,0.1,20,False,500,49,,,61,70,core,full_factorial
1698,architecture,20,main,M1,500,2,2,10,elliptical,normal,balanced,0.1,0.05,1,gaussian,0.2,isolated,uniform,2,0.1,20,False,500,49,,,71,80,core,full_factorial
1699,architecture,20,main,M1,500,2,2,10,elliptical,normal,balanced,0.1,0.05,1,gaussian,0.2,isolated,uniform,2,0.1,20,False,500,49,,,81,90,core,full_factorial
1700,architecture,20,main,M1,500,2,2,10,elliptical,normal,balanced,0.1,0.05,1,gaussian,0.2,isolated,uniform,2,0.1,20,False,500,49,,,91,100,core,full_factorial
1701,architecture,20,main,M1,500,2,2,10,elliptical,normal,balanced,0.1,0.05,1,gaussian,0.2,isolated,uniform,2,0.1,20,False,500,49,,,101,110,core,full_factorial
1702,architecture,20,main,M1,500,2,2,10,elliptical,normal,balanced,0.1,0.05,1,gaussian,0.2,isolated,uniform,2,0.1,20,False,500,49,,,111,120,core,full_factorial
1703,architecture,20,main,M1,500,2,2,10,elliptical,normal,balanced,0.1,0.05,1,gaussian,0.2,isolated,uniform,2,0.1,20,False,500,49,,,121,130,core,full_factorial
1704,architecture,20,main,M1,500,2,2,10,elliptical,normal,balanced,0.1,0.05,1,gaussian,0.2,isolated,uniform,2,0.1,20,False,500,49,,,131,140,core,full_factorial
1705,architecture,20,main,M1,500,2,2,10,elliptical,normal,balanced,0.1,0.05,1,gaussian,0.2,isolated,uniform,2,0.1,20,False,500,49,,,141,150,core,full_factorial
1706,architecture,20,main,M1,500,2,2,10,elliptical,normal,balanced,0.1,0.05,1,gaussian,0.2,isolated,uniform,2,0.1,20,False,500,49,,,151,160,core,full_factorial
1707,architecture,20,main,M1,500,2,2,10,elliptical,normal,balanced,0.1,0.05,1,gaussian,0.2,isolated,uniform,2,0.1,20,False,500,49,,,161,170,core,full_factorial
1708,architecture,20,main,M1,500,2,2,10,elliptical,normal,balanced,0.1,0.05,1,gaussian,0.2,isolated,uniform,2,0.1,20,False,500,49,,,171,180,core,full_factorial
1709,architecture,20,main,M1,500,2,2,10,elliptical,normal,balanced,0.1,0.05,1,gaussian,0.2,isolated,uniform,2,0.1,20,False,500,49,,,181,190,core,full_factorial
1710,architecture,20,main,M1,500,2,2,10,elliptical,normal,balanced,0.1,0.05,1,gaussian,0.2,isolated,uniform,2,0.1,20,False,500,49,,,191,200,core,full_factorial
1711,architecture,20,main,M1,500,2,2,10,elliptical,normal,balanced,0.1,0.05,1,gaussian,0.2,isolated,uniform,2,0.1,20,False,500,49,,,201,210,core,full_factorial
1712,architecture,20,main,M1,500,2,2,10,elliptical,normal,balanced,0.1,0.05,1,gaussian,0.2,isolated,uniform,2,0.1,20,False,500,49,,,211,220,core,full_factorial
1713,architecture,20,main,M1,500,2,2,10,elliptical,normal,balanced,0.1,0.05,1,gaussian,0.2,isolated,uniform,2,0.1,20,False,500,49,,,221,230,core,full_factorial
1714,architecture,20,main,M1,500,2,2,10,elliptical,normal,balanced,0.1,0.05,1,gaussian,0.2,isolated,uniform,2,0.1,20,False,500,49,,,231,240,core,full_factorial
1715,architecture,20,main,M1,500,2,2,10,elliptical,normal,balanced,0.1,0.05,1,gaussian,0.2,isolated,uniform,2,0.1,20,False,500,49,,,241,250,core,full_factorial
1716,architecture,20,main,M1,500,2,2,10,elliptical,normal,balanced,0.1,0.05,1,gaussian,0.2,isolated,uniform,2,0.1,20,False,500,49,,,251,260,core,full_factorial
1717,architecture,20,main,M1,500,2,2,10,elliptical,normal,balanced,0.1,0.05,1,gaussian,0.2,isolated,uniform,2,0.1,20,False,500,49,,,261,270,core,full_factorial
1718,architecture,20,main,M1,500,2,2,10,elliptical,normal,balanced,0.1,0.05,1,gaussian,0.2,isolated,uniform,2,0.1,20,False,500,49,,,271,280,core,full_factorial
1719,architecture,20,main,M1,500,2,2,10,elliptical,normal,balanced,0.1,0.05,1,gaussian,0.2,isolated,uniform,2,0.1,20,False,500,49,,,281,290,core,full_factorial
1720,architecture,20,main,M1,500,2,2,10,elliptical,normal,balanced,0.1,0.05,1,gaussian,0.2,isolated,uniform,2,0.1,20,False,500,49,,,291,300,core,full_factorial
1721,architecture,21,main,M1,500,5,2,6,spherical,normal,balanced,0.1,0.05,1,gaussian,0.2,isolated,uniform,2,0.1,20,False,500,49,,,1,10,core,full_factorial
1722,architecture,21,main,M1,500,5,2,6,spherical,normal,balanced,0.1,0.05,1,gaussian,0.2,isolated,uniform,2,0.1,20,False,500,49,,,11,20,core,full_factorial
1723,architecture,21,main,M1,500,5,2,6,spherical,normal,balanced,0.1,0.05,1,gaussian,0.2,isolated,uniform,2,0.1,20,False,500,49,,,21,30,core,full_factorial
1724,architecture,21,main,M1,500,5,2,6,spherical,normal,balanced,0.1,0.05,1,gaussian,0.2,isolated,uniform,2,0.1,20,False,500,49,,,31,40,core,full_factorial
1725,architecture,21,main,M1,500,5,2,6,spherical,normal,balanced,0.1,0.05,1,gaussian,0.2,isolated,uniform,2,0.1,20,False,500,49,,,41,50,core,full_factorial
1726,architecture,21,main,M1,500,5,2,6,spherical,normal,balanced,0.1,0.05,1,gaussian,0.2,isolated,uniform,2,0.1,20,False,500,49,,,51,60,core,full_factorial
1727,architecture,21,main,M1,500,5,2,6,spherical,normal,balanced,0.1,0.05,1,gaussian,0.2,isolated,uniform,2,0.1,20,False,500,49,,,61,70,core,full_factorial
1728,architecture,21,main,M1,500,5,2,6,spherical,normal,balanced,0.1,0.05,1,gaussian,0.2,isolated,uniform,2,0.1,20,False,500,49,,,71,80,core,full_factorial
1729,architecture,21,main,M1,500,5,2,6,spherical,normal,balanced,0.1,0.05,1,gaussian,0.2,isolated,uniform,2,0.1,20,False,500,49,,,81,90,core,full_factorial
1730,architecture,21,main,M1,500,5,2,6,spherical,normal,balanced,0.1,0.05,1,gaussian,0.2,isolated,uniform,2,0.1,20,False,500,49,,,91,100,core,full_factorial
1731,architecture,21,main,M1,500,5,2,6,spherical,normal,balanced,0.1,0.05,1,gaussian,0.2,isolated,uniform,2,0.1,20,False,500,49,,,101,110,core,full_factorial
1732,architecture,21,main,M1,500,5,2,6,spherical,normal,balanced,0.1,0.05,1,gaussian,0.2,isolated,uniform,2,0.1,20,False,500,49,,,111,120,core,full_factorial
1733,architecture,21,main,M1,500,5,2,6,spherical,normal,balanced,0.1,0.05,1,gaussian,0.2,isolated,uniform,2,0.1,20,False,500,49,,,121,130,core,full_factorial
1734,architecture,21,main,M1,500,5,2,6,spherical,normal,balanced,0.1,0.05,1,gaussian,0.2,isolated,uniform,2,0.1,20,False,500,49,,,131,140,core,full_factorial
1735,architecture,21,main,M1,500,5,2,6,spherical,normal,balanced,0.1,0.05,1,gaussian,0.2,isolated,uniform,2,0.1,20,False,500,49,,,141,150,core,full_factorial
1736,architecture,21,main,M1,500,5,2,6,spherical,normal,balanced,0.1,0.05,1,gaussian,0.2,isolated,uniform,2,0.1,20,False,500,49,,,151,160,core,full_factorial
1737,architecture,21,main,M1,500,5,2,6,spherical,normal,balanced,0.1,0.05,1,gaussian,0.2,isolated,uniform,2,0.1,20,False,500,49,,,161,170,core,full_factorial
1738,architecture,21,main,M1,500,5,2,6,spherical,normal,balanced,0.1,0.05,1,gaussian,0.2,isolated,uniform,2,0.1,20,False,500,49,,,171,180,core,full_factorial
1739,architecture,21,main,M1,500,5,2,6,spherical,normal,balanced,0.1,0.05,1,gaussian,0.2,isolated,uniform,2,0.1,20,False,500,49,,,181,190,core,full_factorial
1740,architecture,21,main,M1,500,5,2,6,spherical,normal,balanced,0.1,0.05,1,gaussian,0.2,isolated,uniform,2,0.1,20,False,500,49,,,191,200,core,full_factorial
1741,architecture,21,main,M1,500,5,2,6,spherical,normal,balanced,0.1,0.05,1,gaussian,0.2,isolated,uniform,2,0.1,20,False,500,49,,,201,210,core,full_factorial
1742,architecture,21,main,M1,500,5,2,6,spherical,normal,balanced,0.1,0.05,1,gaussian,0.2,isolated,uniform,2,0.1,20,False,500,49,,,211,220,core,full_factorial
1743,architecture,21,main,M1,500,5,2,6,spherical,normal,balanced,0.1,0.05,1,gaussian,0.2,isolated,uniform,2,0.1,20,False,500,49,,,221,230,core,full_factorial
1744,architecture,21,main,M1,500,5,2,6,spherical,normal,balanced,0.1,0.05,1,gaussian,0.2,isolated,uniform,2,0.1,20,False,500,49,,,231,240,core,full_factorial
1745,architecture,21,main,M1,500,5,2,6,spherical,normal,balanced,0.1,0.05,1,gaussian,0.2,isolated,uniform,2,0.1,20,False,500,49,,,241,250,core,full_factorial
1746,architecture,21,main,M1,500,5,2,6,spherical,normal,balanced,0.1,0.05,1,gaussian,0.2,isolated,uniform,2,0.1,20,False,500,49,,,251,260,core,full_factorial
1747,architecture,21,main,M1,500,5,2,6,spherical,normal,balanced,0.1,0.05,1,gaussian,0.2,isolated,uniform,2,0.1,20,False,500,49,,,261,270,core,full_factorial
1748,architecture,21,main,M1,500,5,2,6,spherical,normal,balanced,0.1,0.05,1,gaussian,0.2,isolated,uniform,2,0.1,20,False,500,49,,,271,280,core,full_factorial
1749,architecture,21,main,M1,500,5,2,6,spherical,normal,balanced,0.1,0.05,1,gaussian,0.2,isolated,uniform,2,0.1,20,False,500,49,,,281,290,core,full_factorial
1750,architecture,21,main,M1,500,5,2,6,spherical,normal,balanced,0.1,0.05,1,gaussian,0.2,isolated,uniform,2,0.1,20,False,500,49,,,291,300,core,full_factorial
1751,architecture,22,main,M1,500,5,2,10,spherical,normal,balanced,0.1,0.05,1,gaussian,0.2,isolated,uniform,2,0.1,20,False,500,49,,,1,10,core,full_factorial
1752,architecture,22,main,M1,500,5,2,10,spherical,normal,balanced,0.1,0.05,1,gaussian,0.2,isolated,uniform,2,0.1,20,False,500,49,,,11,20,core,full_factorial
1753,architecture,22,main,M1,500,5,2,10,spherical,normal,balanced,0.1,0.05,1,gaussian,0.2,isolated,uniform,2,0.1,20,False,500,49,,,21,30,core,full_factorial
1754,architecture,22,main,M1,500,5,2,10,spherical,normal,balanced,0.1,0.05,1,gaussian,0.2,isolated,uniform,2,0.1,20,False,500,49,,,31,40,core,full_factorial
1755,architecture,22,main,M1,500,5,2,10,spherical,normal,balanced,0.1,0.05,1,gaussian,0.2,isolated,uniform,2,0.1,20,False,500,49,,,41,50,core,full_factorial
1756,architecture,22,main,M1,500,5,2,10,spherical,normal,balanced,0.1,0.05,1,gaussian,0.2,isolated,uniform,2,0.1,20,False,500,49,,,51,60,core,full_factorial
1757,architecture,22,main,M1,500,5,2,10,spherical,normal,balanced,0.1,0.05,1,gaussian,0.2,isolated,uniform,2,0.1,20,False,500,49,,,61,70,core,full_factorial
1758,architecture,22,main,M1,500,5,2,10,spherical,normal,balanced,0.1,0.05,1,gaussian,0.2,isolated,uniform,2,0.1,20,False,500,49,,,71,80,core,full_factorial
1759,architecture,22,main,M1,500,5,2,10,spherical,normal,balanced,0.1,0.05,1,gaussian,0.2,isolated,uniform,2,0.1,20,False,500,49,,,81,90,core,full_factorial
1760,architecture,22,main,M1,500,5,2,10,spherical,normal,balanced,0.1,0.05,1,gaussian,0.2,isolated,uniform,2,0.1,20,False,500,49,,,91,100,core,full_factorial
1761,architecture,22,main,M1,500,5,2,10,spherical,normal,balanced,0.1,0.05,1,gaussian,0.2,isolated,uniform,2,0.1,20,False,500,49,,,101,110,core,full_factorial
1762,architecture,22,main,M1,500,5,2,10,spherical,normal,balanced,0.1,0.05,1,gaussian,0.2,isolated,uniform,2,0.1,20,False,500,49,,,111,120,core,full_factorial
1763,architecture,22,main,M1,500,5,2,10,spherical,normal,balanced,0.1,0.05,1,gaussian,0.2,isolated,uniform,2,0.1,20,False,500,49,,,121,130,core,full_factorial
1764,architecture,22,main,M1,500,5,2,10,spherical,normal,balanced,0.1,0.05,1,gaussian,0.2,isolated,uniform,2,0.1,20,False,500,49,,,131,140,core,full_factorial
1765,architecture,22,main,M1,500,5,2,10,spherical,normal,balanced,0.1,0.05,1,gaussian,0.2,isolated,uniform,2,0.1,20,False,500,49,,,141,150,core,full_factorial
1766,architecture,22,main,M1,500,5,2,10,spherical,normal,balanced,0.1,0.05,1,gaussian,0.2,isolated,uniform,2,0.1,20,False,500,49,,,151,160,core,full_factorial
1767,architecture,22,main,M1,500,5,2,10,spherical,normal,balanced,0.1,0.05,1,gaussian,0.2,isolated,uniform,2,0.1,20,False,500,49,,,161,170,core,full_factorial
1768,architecture,22,main,M1,500,5,2,10,spherical,normal,balanced,0.1,0.05,1,gaussian,0.2,isolated,uniform,2,0.1,20,False,500,49,,,171,180,core,full_factorial
1769,architecture,22,main,M1,500,5,2,10,spherical,normal,balanced,0.1,0.05,1,gaussian,0.2,isolated,uniform,2,0.1,20,False,500,49,,,181,190,core,full_factorial
1770,architecture,22,main,M1,500,5,2,10,spherical,normal,balanced,0.1,0.05,1,gaussian,0.2,isolated,uniform,2,0.1,20,False,500,49,,,191,200,core,full_factorial
1771,architecture,22,main,M1,500,5,2,10,spherical,normal,balanced,0.1,0.05,1,gaussian,0.2,isolated,uniform,2,0.1,20,False,500,49,,,201,210,core,full_factorial
1772,architecture,22,main,M1,500,5,2,10,spherical,normal,balanced,0.1,0.05,1,gaussian,0.2,isolated,uniform,2,0.1,20,False,500,49,,,211,220,core,full_factorial
1773,architecture,22,main,M1,500,5,2,10,spherical,normal,balanced,0.1,0.05,1,gaussian,0.2,isolated,uniform,2,0.1,20,False,500,49,,,221,230,core,full_factorial
1774,architecture,22,main,M1,500,5,2,10,spherical,normal,balanced,0.1,0.05,1,gaussian,0.2,isolated,uniform,2,0.1,20,False,500,49,,,231,240,core,full_factorial
1775,architecture,22,main,M1,500,5,2,10,spherical,normal,balanced,0.1,0.05,1,gaussian,0.2,isolated,uniform,2,0.1,20,False,500,49,,,241,250,core,full_factorial
1776,architecture,22,main,M1,500,5,2,10,spherical,normal,balanced,0.1,0.05,1,gaussian,0.2,isolated,uniform,2,0.1,20,False,500,49,,,251,260,core,full_factorial
1777,architecture,22,main,M1,500,5,2,10,spherical,normal,balanced,0.1,0.05,1,gaussian,0.2,isolated,uniform,2,0.1,20,False,500,49,,,261,270,core,full_factorial
1778,architecture,22,main,M1,500,5,2,10,spherical,normal,balanced,0.1,0.05,1,gaussian,0.2,isolated,uniform,2,0.1,20,False,500,49,,,271,280,core,full_factorial
1779,architecture,22,main,M1,500,5,2,10,spherical,normal,balanced,0.1,0.05,1,gaussian,0.2,isolated,uniform,2,0.1,20,False,500,49,,,281,290,core,full_factorial
1780,architecture,22,main,M1,500,5,2,10,spherical,normal,balanced,0.1,0.05,1,gaussian,0.2,isolated,uniform,2,0.1,20,False,500,49,,,291,300,core,full_factorial
1781,architecture,23,main,M1,500,5,2,6,elliptical,normal,balanced,0.1,0.05,1,gaussian,0.2,isolated,uniform,2,0.1,20,False,500,49,,,1,10,core,full_factorial
1782,architecture,23,main,M1,500,5,2,6,elliptical,normal,balanced,0.1,0.05,1,gaussian,0.2,isolated,uniform,2,0.1,20,False,500,49,,,11,20,core,full_factorial
1783,architecture,23,main,M1,500,5,2,6,elliptical,normal,balanced,0.1,0.05,1,gaussian,0.2,isolated,uniform,2,0.1,20,False,500,49,,,21,30,core,full_factorial
1784,architecture,23,main,M1,500,5,2,6,elliptical,normal,balanced,0.1,0.05,1,gaussian,0.2,isolated,uniform,2,0.1,20,False,500,49,,,31,40,core,full_factorial
1785,architecture,23,main,M1,500,5,2,6,elliptical,normal,balanced,0.1,0.05,1,gaussian,0.2,isolated,uniform,2,0.1,20,False,500,49,,,41,50,core,full_factorial
1786,architecture,23,main,M1,500,5,2,6,elliptical,normal,balanced,0.1,0.05,1,gaussian,0.2,isolated,uniform,2,0.1,20,False,500,49,,,51,60,core,full_factorial
1787,architecture,23,main,M1,500,5,2,6,elliptical,normal,balanced,0.1,0.05,1,gaussian,0.2,isolated,uniform,2,0.1,20,False,500,49,,,61,70,core,full_factorial
1788,architecture,23,main,M1,500,5,2,6,elliptical,normal,balanced,0.1,0.05,1,gaussian,0.2,isolated,uniform,2,0.1,20,False,500,49,,,71,80,core,full_factorial
1789,architecture,23,main,M1,500,5,2,6,elliptical,normal,balanced,0.1,0.05,1,gaussian,0.2,isolated,uniform,2,0.1,20,False,500,49,,,81,90,core,full_factorial
1790,architecture,23,main,M1,500,5,2,6,elliptical,normal,balanced,0.1,0.05,1,gaussian,0.2,isolated,uniform,2,0.1,20,False,500,49,,,91,100,core,full_factorial
1791,architecture,23,main,M1,500,5,2,6,elliptical,normal,balanced,0.1,0.05,1,gaussian,0.2,isolated,uniform,2,0.1,20,False,500,49,,,101,110,core,full_factorial
1792,architecture,23,main,M1,500,5,2,6,elliptical,normal,balanced,0.1,0.05,1,gaussian,0.2,isolated,uniform,2,0.1,20,False,500,49,,,111,120,core,full_factorial
1793,architecture,23,main,M1,500,5,2,6,elliptical,normal,balanced,0.1,0.05,1,gaussian,0.2,isolated,uniform,2,0.1,20,False,500,49,,,121,130,core,full_factorial
1794,architecture,23,main,M1,500,5,2,6,elliptical,normal,balanced,0.1,0.05,1,gaussian,0.2,isolated,uniform,2,0.1,20,False,500,49,,,131,140,core,full_factorial
1795,architecture,23,main,M1,500,5,2,6,elliptical,normal,balanced,0.1,0.05,1,gaussian,0.2,isolated,uniform,2,0.1,20,False,500,49,,,141,150,core,full_factorial
1796,architecture,23,main,M1,500,5,2,6,elliptical,normal,balanced,0.1,0.05,1,gaussian,0.2,isolated,uniform,2,0.1,20,False,500,49,,,151,160,core,full_factorial
1797,architecture,23,main,M1,500,5,2,6,elliptical,normal,balanced,0.1,0.05,1,gaussian,0.2,isolated,uniform,2,0.1,20,False,500,49,,,161,170,core,full_factorial
1798,architecture,23,main,M1,500,5,2,6,elliptical,normal,balanced,0.1,0.05,1,gaussian,0.2,isolated,uniform,2,0.1,20,False,500,49,,,171,180,core,full_factorial
1799,architecture,23,main,M1,500,5,2,6,elliptical,normal,balanced,0.1,0.05,1,gaussian,0.2,isolated,uniform,2,0.1,20,False,500,49,,,181,190,core,full_factorial
1800,architecture,23,main,M1,500,5,2,6,elliptical,normal,balanced,0.1,0.05,1,gaussian,0.2,isolated,uniform,2,0.1,20,False,500,49,,,191,200,core,full_factorial
1801,architecture,23,main,M1,500,5,2,6,elliptical,normal,balanced,0.1,0.05,1,gaussian,0.2,isolated,uniform,2,0.1,20,False,500,49,,,201,210,core,full_factorial
1802,architecture,23,main,M1,500,5,2,6,elliptical,normal,balanced,0.1,0.05,1,gaussian,0.2,isolated,uniform,2,0.1,20,False,500,49,,,211,220,core,full_factorial
1803,architecture,23,main,M1,500,5,2,6,elliptical,normal,balanced,0.1,0.05,1,gaussian,0.2,isolated,uniform,2,0.1,20,False,500,49,,,221,230,core,full_factorial
1804,architecture,23,main,M1,500,5,2,6,elliptical,normal,balanced,0.1,0.05,1,gaussian,0.2,isolated,uniform,2,0.1,20,False,500,49,,,231,240,core,full_factorial
1805,architecture,23,main,M1,500,5,2,6,elliptical,normal,balanced,0.1,0.05,1,gaussian,0.2,isolated,uniform,2,0.1,20,False,500,49,,,241,250,core,full_factorial
1806,architecture,23,main,M1,500,5,2,6,elliptical,normal,balanced,0.1,0.05,1,gaussian,0.2,isolated,uniform,2,0.1,20,False,500,49,,,251,260,core,full_factorial
1807,architecture,23,main,M1,500,5,2,6,elliptical,normal,balanced,0.1,0.05,1,gaussian,0.2,isolated,uniform,2,0.1,20,False,500,49,,,261,270,core,full_factorial
1808,architecture,23,main,M1,500,5,2,6,elliptical,normal,balanced,0.1,0.05,1,gaussian,0.2,isolated,uniform,2,0.1,20,False,500,49,,,271,280,core,full_factorial
1809,architecture,23,main,M1,500,5,2,6,elliptical,normal,balanced,0.1,0.05,1,gaussian,0.2,isolated,uniform,2,0.1,20,False,500,49,,,281,290,core,full_factorial
1810,architecture,23,main,M1,500,5,2,6,elliptical,normal,balanced,0.1,0.05,1,gaussian,0.2,isolated,uniform,2,0.1,20,False,500,49,,,291,300,core,full_factorial
1811,architecture,24,main,M1,500,5,2,10,elliptical,normal,balanced,0.1,0.05,1,gaussian,0.2,isolated,uniform,2,0.1,20,False,500,49,,,1,10,core,full_factorial
1812,architecture,24,main,M1,500,5,2,10,elliptical,normal,balanced,0.1,0.05,1,gaussian,0.2,isolated,uniform,2,0.1,20,False,500,49,,,11,20,core,full_factorial
1813,architecture,24,main,M1,500,5,2,10,elliptical,normal,balanced,0.1,0.05,1,gaussian,0.2,isolated,uniform,2,0.1,20,False,500,49,,,21,30,core,full_factorial
1814,architecture,24,main,M1,500,5,2,10,elliptical,normal,balanced,0.1,0.05,1,gaussian,0.2,isolated,uniform,2,0.1,20,False,500,49,,,31,40,core,full_factorial
1815,architecture,24,main,M1,500,5,2,10,elliptical,normal,balanced,0.1,0.05,1,gaussian,0.2,isolated,uniform,2,0.1,20,False,500,49,,,41,50,core,full_factorial
1816,architecture,24,main,M1,500,5,2,10,elliptical,normal,balanced,0.1,0.05,1,gaussian,0.2,isolated,uniform,2,0.1,20,False,500,49,,,51,60,core,full_factorial
1817,architecture,24,main,M1,500,5,2,10,elliptical,normal,balanced,0.1,0.05,1,gaussian,0.2,isolated,uniform,2,0.1,20,False,500,49,,,61,70,core,full_factorial
1818,architecture,24,main,M1,500,5,2,10,elliptical,normal,balanced,0.1,0.05,1,gaussian,0.2,isolated,uniform,2,0.1,20,False,500,49,,,71,80,core,full_factorial
1819,architecture,24,main,M1,500,5,2,10,elliptical,normal,balanced,0.1,0.05,1,gaussian,0.2,isolated,uniform,2,0.1,20,False,500,49,,,81,90,core,full_factorial
1820,architecture,24,main,M1,500,5,2,10,elliptical,normal,balanced,0.1,0.05,1,gaussian,0.2,isolated,uniform,2,0.1,20,False,500,49,,,91,100,core,full_factorial
1821,architecture,24,main,M1,500,5,2,10,elliptical,normal,balanced,0.1,0.05,1,gaussian,0.2,isolated,uniform,2,0.1,20,False,500,49,,,101,110,core,full_factorial
1822,architecture,24,main,M1,500,5,2,10,elliptical,normal,balanced,0.1,0.05,1,gaussian,0.2,isolated,uniform,2,0.1,20,False,500,49,,,111,120,core,full_factorial
1823,architecture,24,main,M1,500,5,2,10,elliptical,normal,balanced,0.1,0.05,1,gaussian,0.2,isolated,uniform,2,0.1,20,False,500,49,,,121,130,core,full_factorial
1824,architecture,24,main,M1,500,5,2,10,elliptical,normal,balanced,0.1,0.05,1,gaussian,0.2,isolated,uniform,2,0.1,20,False,500,49,,,131,140,core,full_factorial
1825,architecture,24,main,M1,500,5,2,10,elliptical,normal,balanced,0.1,0.05,1,gaussian,0.2,isolated,uniform,2,0.1,20,False,500,49,,,141,150,core,full_factorial
1826,architecture,24,main,M1,500,5,2,10,elliptical,normal,balanced,0.1,0.05,1,gaussian,0.2,isolated,uniform,2,0.1,20,False,500,49,,,151,160,core,full_factorial
1827,architecture,24,main,M1,500,5,2,10,elliptical,normal,balanced,0.1,0.05,1,gaussian,0.2,isolated,uniform,2,0.1,20,False,500,49,,,161,170,core,full_factorial
1828,architecture,24,main,M1,500,5,2,10,elliptical,normal,balanced,0.1,0.05,1,gaussian,0.2,isolated,uniform,2,0.1,20,False,500,49,,,171,180,core,full_factorial
1829,architecture,24,main,M1,500,5,2,10,elliptical,normal,balanced,0.1,0.05,1,gaussian,0.2,isolated,uniform,2,0.1,20,False,500,49,,,181,190,core,full_factorial
1830,architecture,24,main,M1,500,5,2,10,elliptical,normal,balanced,0.1,0.05,1,gaussian,0.2,isolated,uniform,2,0.1,20,False,500,49,,,191,200,core,full_factorial
1831,architecture,24,main,M1,500,5,2,10,elliptical,normal,balanced,0.1,0.05,1,gaussian,0.2,isolated,uniform,2,0.1,20,False,500,49,,,201,210,core,full_factorial
1832,architecture,24,main,M1,500,5,2,10,elliptical,normal,balanced,0.1,0.05,1,gaussian,0.2,isolated,uniform,2,0.1,20,False,500,49,,,211,220,core,full_factorial
1833,architecture,24,main,M1,500,5,2,10,elliptical,normal,balanced,0.1,0.05,1,gaussian,0.2,isolated,uniform,2,0.1,20,False,500,49,,,221,230,core,full_factorial
1834,architecture,24,main,M1,500,5,2,10,elliptical,normal,balanced,0.1,0.05,1,gaussian,0.2,isolated,uniform,2,0.1,20,False,500,49,,,231,240,core,full_factorial
1835,architecture,24,main,M1,500,5,2,10,elliptical,normal,balanced,0.1,0.05,1,gaussian,0.2,isolated,uniform,2,0.1,20,False,500,49,,,241,250,core,full_factorial
1836,architecture,24,main,M1,500,5,2,10,elliptical,normal,balanced,0.1,0.05,1,gaussian,0.2,isolated,uniform,2,0.1,20,False,500,49,,,251,260,core,full_factorial
1837,architecture,24,main,M1,500,5,2,10,elliptical,normal,balanced,0.1,0.05,1,gaussian,0.2,isolated,uniform,2,0.1,20,False,500,49,,,261,270,core,full_factorial
1838,architecture,24,main,M1,500,5,2,10,elliptical,normal,balanced,0.1,0.05,1,gaussian,0.2,isolated,uniform,2,0.1,20,False,500,49,,,271,280,core,full_factorial
1839,architecture,24,main,M1,500,5,2,10,elliptical,normal,balanced,0.1,0.05,1,gaussian,0.2,isolated,uniform,2,0.1,20,False,500,49,,,281,290,core,full_factorial
1840,architecture,24,main,M1,500,5,2,10,elliptical,normal,balanced,0.1,0.05,1,gaussian,0.2,isolated,uniform,2,0.1,20,False,500,49,,,291,300,core,full_factorial
1841,architecture,25,main,M1,1000,2,2,6,spherical,normal,balanced,0.1,0.05,1,gaussian,0.2,isolated,uniform,2,0.1,20,False,500,49,,,1,10,core,full_factorial
1842,architecture,25,main,M1,1000,2,2,6,spherical,normal,balanced,0.1,0.05,1,gaussian,0.2,isolated,uniform,2,0.1,20,False,500,49,,,11,20,core,full_factorial
1843,architecture,25,main,M1,1000,2,2,6,spherical,normal,balanced,0.1,0.05,1,gaussian,0.2,isolated,uniform,2,0.1,20,False,500,49,,,21,30,core,full_factorial
1844,architecture,25,main,M1,1000,2,2,6,spherical,normal,balanced,0.1,0.05,1,gaussian,0.2,isolated,uniform,2,0.1,20,False,500,49,,,31,40,core,full_factorial
1845,architecture,25,main,M1,1000,2,2,6,spherical,normal,balanced,0.1,0.05,1,gaussian,0.2,isolated,uniform,2,0.1,20,False,500,49,,,41,50,core,full_factorial
1846,architecture,25,main,M1,1000,2,2,6,spherical,normal,balanced,0.1,0.05,1,gaussian,0.2,isolated,uniform,2,0.1,20,False,500,49,,,51,60,core,full_factorial
1847,architecture,25,main,M1,1000,2,2,6,spherical,normal,balanced,0.1,0.05,1,gaussian,0.2,isolated,uniform,2,0.1,20,False,500,49,,,61,70,core,full_factorial
1848,architecture,25,main,M1,1000,2,2,6,spherical,normal,balanced,0.1,0.05,1,gaussian,0.2,isolated,uniform,2,0.1,20,False,500,49,,,71,80,core,full_factorial
1849,architecture,25,main,M1,1000,2,2,6,spherical,normal,balanced,0.1,0.05,1,gaussian,0.2,isolated,uniform,2,0.1,20,False,500,49,,,81,90,core,full_factorial
1850,architecture,25,main,M1,1000,2,2,6,spherical,normal,balanced,0.1,0.05,1,gaussian,0.2,isolated,uniform,2,0.1,20,False,500,49,,,91,100,core,full_factorial
1851,architecture,25,main,M1,1000,2,2,6,spherical,normal,balanced,0.1,0.05,1,gaussian,0.2,isolated,uniform,2,0.1,20,False,500,49,,,101,110,core,full_factorial
1852,architecture,25,main,M1,1000,2,2,6,spherical,normal,balanced,0.1,0.05,1,gaussian,0.2,isolated,uniform,2,0.1,20,False,500,49,,,111,120,core,full_factorial
1853,architecture,25,main,M1,1000,2,2,6,spherical,normal,balanced,0.1,0.05,1,gaussian,0.2,isolated,uniform,2,0.1,20,False,500,49,,,121,130,core,full_factorial
1854,architecture,25,main,M1,1000,2,2,6,spherical,normal,balanced,0.1,0.05,1,gaussian,0.2,isolated,uniform,2,0.1,20,False,500,49,,,131,140,core,full_factorial
1855,architecture,25,main,M1,1000,2,2,6,spherical,normal,balanced,0.1,0.05,1,gaussian,0.2,isolated,uniform,2,0.1,20,False,500,49,,,141,150,core,full_factorial
1856,architecture,25,main,M1,1000,2,2,6,spherical,normal,balanced,0.1,0.05,1,gaussian,0.2,isolated,uniform,2,0.1,20,False,500,49,,,151,160,core,full_factorial
1857,architecture,25,main,M1,1000,2,2,6,spherical,normal,balanced,0.1,0.05,1,gaussian,0.2,isolated,uniform,2,0.1,20,False,500,49,,,161,170,core,full_factorial
1858,architecture,25,main,M1,1000,2,2,6,spherical,normal,balanced,0.1,0.05,1,gaussian,0.2,isolated,uniform,2,0.1,20,False,500,49,,,171,180,core,full_factorial
1859,architecture,25,main,M1,1000,2,2,6,spherical,normal,balanced,0.1,0.05,1,gaussian,0.2,isolated,uniform,2,0.1,20,False,500,49,,,181,190,core,full_factorial
1860,architecture,25,main,M1,1000,2,2,6,spherical,normal,balanced,0.1,0.05,1,gaussian,0.2,isolated,uniform,2,0.1,20,False,500,49,,,191,200,core,full_factorial
1861,architecture,25,main,M1,1000,2,2,6,spherical,normal,balanced,0.1,0.05,1,gaussian,0.2,isolated,uniform,2,0.1,20,False,500,49,,,201,210,core,full_factorial
1862,architecture,25,main,M1,1000,2,2,6,spherical,normal,balanced,0.1,0.05,1,gaussian,0.2,isolated,uniform,2,0.1,20,False,500,49,,,211,220,core,full_factorial
1863,architecture,25,main,M1,1000,2,2,6,spherical,normal,balanced,0.1,0.05,1,gaussian,0.2,isolated,uniform,2,0.1,20,False,500,49,,,221,230,core,full_factorial
1864,architecture,25,main,M1,1000,2,2,6,spherical,normal,balanced,0.1,0.05,1,gaussian,0.2,isolated,uniform,2,0.1,20,False,500,49,,,231,240,core,full_factorial
1865,architecture,25,main,M1,1000,2,2,6,spherical,normal,balanced,0.1,0.05,1,gaussian,0.2,isolated,uniform,2,0.1,20,False,500,49,,,241,250,core,full_factorial
1866,architecture,25,main,M1,1000,2,2,6,spherical,normal,balanced,0.1,0.05,1,gaussian,0.2,isolated,uniform,2,0.1,20,False,500,49,,,251,260,core,full_factorial
1867,architecture,25,main,M1,1000,2,2,6,spherical,normal,balanced,0.1,0.05,1,gaussian,0.2,isolated,uniform,2,0.1,20,False,500,49,,,261,270,core,full_factorial
1868,architecture,25,main,M1,1000,2,2,6,spherical,normal,balanced,0.1,0.05,1,gaussian,0.2,isolated,uniform,2,0.1,20,False,500,49,,,271,280,core,full_factorial
1869,architecture,25,main,M1,1000,2,2,6,spherical,normal,balanced,0.1,0.05,1,gaussian,0.2,isolated,uniform,2,0.1,20,False,500,49,,,281,290,core,full_factorial
1870,architecture,25,main,M1,1000,2,2,6,spherical,normal,balanced,0.1,0.05,1,gaussian,0.2,isolated,uniform,2,0.1,20,False,500,49,,,291,300,core,full_factorial
1871,architecture,26,main,M1,1000,2,2,10,spherical,normal,balanced,0.1,0.05,1,gaussian,0.2,isolated,uniform,2,0.1,20,False,500,49,,,1,10,core,full_factorial
1872,architecture,26,main,M1,1000,2,2,10,spherical,normal,balanced,0.1,0.05,1,gaussian,0.2,isolated,uniform,2,0.1,20,False,500,49,,,11,20,core,full_factorial
1873,architecture,26,main,M1,1000,2,2,10,spherical,normal,balanced,0.1,0.05,1,gaussian,0.2,isolated,uniform,2,0.1,20,False,500,49,,,21,30,core,full_factorial
1874,architecture,26,main,M1,1000,2,2,10,spherical,normal,balanced,0.1,0.05,1,gaussian,0.2,isolated,uniform,2,0.1,20,False,500,49,,,31,40,core,full_factorial
1875,architecture,26,main,M1,1000,2,2,10,spherical,normal,balanced,0.1,0.05,1,gaussian,0.2,isolated,uniform,2,0.1,20,False,500,49,,,41,50,core,full_factorial
1876,architecture,26,main,M1,1000,2,2,10,spherical,normal,balanced,0.1,0.05,1,gaussian,0.2,isolated,uniform,2,0.1,20,False,500,49,,,51,60,core,full_factorial
1877,architecture,26,main,M1,1000,2,2,10,spherical,normal,balanced,0.1,0.05,1,gaussian,0.2,isolated,uniform,2,0.1,20,False,500,49,,,61,70,core,full_factorial
1878,architecture,26,main,M1,1000,2,2,10,spherical,normal,balanced,0.1,0.05,1,gaussian,0.2,isolated,uniform,2,0.1,20,False,500,49,,,71,80,core,full_factorial
1879,architecture,26,main,M1,1000,2,2,10,spherical,normal,balanced,0.1,0.05,1,gaussian,0.2,isolated,uniform,2,0.1,20,False,500,49,,,81,90,core,full_factorial
1880,architecture,26,main,M1,1000,2,2,10,spherical,normal,balanced,0.1,0.05,1,gaussian,0.2,isolated,uniform,2,0.1,20,False,500,49,,,91,100,core,full_factorial
1881,architecture,26,main,M1,1000,2,2,10,spherical,normal,balanced,0.1,0.05,1,gaussian,0.2,isolated,uniform,2,0.1,20,False,500,49,,,101,110,core,full_factorial
1882,architecture,26,main,M1,1000,2,2,10,spherical,normal,balanced,0.1,0.05,1,gaussian,0.2,isolated,uniform,2,0.1,20,False,500,49,,,111,120,core,full_factorial
1883,architecture,26,main,M1,1000,2,2,10,spherical,normal,balanced,0.1,0.05,1,gaussian,0.2,isolated,uniform,2,0.1,20,False,500,49,,,121,130,core,full_factorial
1884,architecture,26,main,M1,1000,2,2,10,spherical,normal,balanced,0.1,0.05,1,gaussian,0.2,isolated,uniform,2,0.1,20,False,500,49,,,131,140,core,full_factorial
1885,architecture,26,main,M1,1000,2,2,10,spherical,normal,balanced,0.1,0.05,1,gaussian,0.2,isolated,uniform,2,0.1,20,False,500,49,,,141,150,core,full_factorial
1886,architecture,26,main,M1,1000,2,2,10,spherical,normal,balanced,0.1,0.05,1,gaussian,0.2,isolated,uniform,2,0.1,20,False,500,49,,,151,160,core,full_factorial
1887,architecture,26,main,M1,1000,2,2,10,spherical,normal,balanced,0.1,0.05,1,gaussian,0.2,isolated,uniform,2,0.1,20,False,500,49,,,161,170,core,full_factorial
1888,architecture,26,main,M1,1000,2,2,10,spherical,normal,balanced,0.1,0.05,1,gaussian,0.2,isolated,uniform,2,0.1,20,False,500,49,,,171,180,core,full_factorial
1889,architecture,26,main,M1,1000,2,2,10,spherical,normal,balanced,0.1,0.05,1,gaussian,0.2,isolated,uniform,2,0.1,20,False,500,49,,,181,190,core,full_factorial
1890,architecture,26,main,M1,1000,2,2,10,spherical,normal,balanced,0.1,0.05,1,gaussian,0.2,isolated,uniform,2,0.1,20,False,500,49,,,191,200,core,full_factorial
1891,architecture,26,main,M1,1000,2,2,10,spherical,normal,balanced,0.1,0.05,1,gaussian,0.2,isolated,uniform,2,0.1,20,False,500,49,,,201,210,core,full_factorial
1892,architecture,26,main,M1,1000,2,2,10,spherical,normal,balanced,0.1,0.05,1,gaussian,0.2,isolated,uniform,2,0.1,20,False,500,49,,,211,220,core,full_factorial
1893,architecture,26,main,M1,1000,2,2,10,spherical,normal,balanced,0.1,0.05,1,gaussian,0.2,isolated,uniform,2,0.1,20,False,500,49,,,221,230,core,full_factorial
1894,architecture,26,main,M1,1000,2,2,10,spherical,normal,balanced,0.1,0.05,1,gaussian,0.2,isolated,uniform,2,0.1,20,False,500,49,,,231,240,core,full_factorial
1895,architecture,26,main,M1,1000,2,2,10,spherical,normal,balanced,0.1,0.05,1,gaussian,0.2,isolated,uniform,2,0.1,20,False,500,49,,,241,250,core,full_factorial
1896,architecture,26,main,M1,1000,2,2,10,spherical,normal,balanced,0.1,0.05,1,gaussian,0.2,isolated,uniform,2,0.1,20,False,500,49,,,251,260,core,full_factorial
1897,architecture,26,main,M1,1000,2,2,10,spherical,normal,balanced,0.1,0.05,1,gaussian,0.2,isolated,uniform,2,0.1,20,False,500,49,,,261,270,core,full_factorial
1898,architecture,26,main,M1,1000,2,2,10,spherical,normal,balanced,0.1,0.05,1,gaussian,0.2,isolated,uniform,2,0.1,20,False,500,49,,,271,280,core,full_factorial
1899,architecture,26,main,M1,1000,2,2,10,spherical,normal,balanced,0.1,0.05,1,gaussian,0.2,isolated,uniform,2,0.1,20,False,500,49,,,281,290,core,full_factorial
1900,architecture,26,main,M1,1000,2,2,10,spherical,normal,balanced,0.1,0.05,1,gaussian,0.2,isolated,uniform,2,0.1,20,False,500,49,,,291,300,core,full_factorial
1901,architecture,27,main,M1,1000,2,2,6,elliptical,normal,balanced,0.1,0.05,1,gaussian,0.2,isolated,uniform,2,0.1,20,False,500,49,,,1,10,core,full_factorial
1902,architecture,27,main,M1,1000,2,2,6,elliptical,normal,balanced,0.1,0.05,1,gaussian,0.2,isolated,uniform,2,0.1,20,False,500,49,,,11,20,core,full_factorial
1903,architecture,27,main,M1,1000,2,2,6,elliptical,normal,balanced,0.1,0.05,1,gaussian,0.2,isolated,uniform,2,0.1,20,False,500,49,,,21,30,core,full_factorial
1904,architecture,27,main,M1,1000,2,2,6,elliptical,normal,balanced,0.1,0.05,1,gaussian,0.2,isolated,uniform,2,0.1,20,False,500,49,,,31,40,core,full_factorial
1905,architecture,27,main,M1,1000,2,2,6,elliptical,normal,balanced,0.1,0.05,1,gaussian,0.2,isolated,uniform,2,0.1,20,False,500,49,,,41,50,core,full_factorial
1906,architecture,27,main,M1,1000,2,2,6,elliptical,normal,balanced,0.1,0.05,1,gaussian,0.2,isolated,uniform,2,0.1,20,False,500,49,,,51,60,core,full_factorial
1907,architecture,27,main,M1,1000,2,2,6,elliptical,normal,balanced,0.1,0.05,1,gaussian,0.2,isolated,uniform,2,0.1,20,False,500,49,,,61,70,core,full_factorial
1908,architecture,27,main,M1,1000,2,2,6,elliptical,normal,balanced,0.1,0.05,1,gaussian,0.2,isolated,uniform,2,0.1,20,False,500,49,,,71,80,core,full_factorial
1909,architecture,27,main,M1,1000,2,2,6,elliptical,normal,balanced,0.1,0.05,1,gaussian,0.2,isolated,uniform,2,0.1,20,False,500,49,,,81,90,core,full_factorial
1910,architecture,27,main,M1,1000,2,2,6,elliptical,normal,balanced,0.1,0.05,1,gaussian,0.2,isolated,uniform,2,0.1,20,False,500,49,,,91,100,core,full_factorial
1911,architecture,27,main,M1,1000,2,2,6,elliptical,normal,balanced,0.1,0.05,1,gaussian,0.2,isolated,uniform,2,0.1,20,False,500,49,,,101,110,core,full_factorial
1912,architecture,27,main,M1,1000,2,2,6,elliptical,normal,balanced,0.1,0.05,1,gaussian,0.2,isolated,uniform,2,0.1,20,False,500,49,,,111,120,core,full_factorial
1913,architecture,27,main,M1,1000,2,2,6,elliptical,normal,balanced,0.1,0.05,1,gaussian,0.2,isolated,uniform,2,0.1,20,False,500,49,,,121,130,core,full_factorial
1914,architecture,27,main,M1,1000,2,2,6,elliptical,normal,balanced,0.1,0.05,1,gaussian,0.2,isolated,uniform,2,0.1,20,False,500,49,,,131,140,core,full_factorial
1915,architecture,27,main,M1,1000,2,2,6,elliptical,normal,balanced,0.1,0.05,1,gaussian,0.2,isolated,uniform,2,0.1,20,False,500,49,,,141,150,core,full_factorial
1916,architecture,27,main,M1,1000,2,2,6,elliptical,normal,balanced,0.1,0.05,1,gaussian,0.2,isolated,uniform,2,0.1,20,False,500,49,,,151,160,core,full_factorial
1917,architecture,27,main,M1,1000,2,2,6,elliptical,normal,balanced,0.1,0.05,1,gaussian,0.2,isolated,uniform,2,0.1,20,False,500,49,,,161,170,core,full_factorial
1918,architecture,27,main,M1,1000,2,2,6,elliptical,normal,balanced,0.1,0.05,1,gaussian,0.2,isolated,uniform,2,0.1,20,False,500,49,,,171,180,core,full_factorial
1919,architecture,27,main,M1,1000,2,2,6,elliptical,normal,balanced,0.1,0.05,1,gaussian,0.2,isolated,uniform,2,0.1,20,False,500,49,,,181,190,core,full_factorial
1920,architecture,27,main,M1,1000,2,2,6,elliptical,normal,balanced,0.1,0.05,1,gaussian,0.2,isolated,uniform,2,0.1,20,False,500,49,,,191,200,core,full_factorial
1921,architecture,27,main,M1,1000,2,2,6,elliptical,normal,balanced,0.1,0.05,1,gaussian,0.2,isolated,uniform,2,0.1,20,False,500,49,,,201,210,core,full_factorial
1922,architecture,27,main,M1,1000,2,2,6,elliptical,normal,balanced,0.1,0.05,1,gaussian,0.2,isolated,uniform,2,0.1,20,False,500,49,,,211,220,core,full_factorial
1923,architecture,27,main,M1,1000,2,2,6,elliptical,normal,balanced,0.1,0.05,1,gaussian,0.2,isolated,uniform,2,0.1,20,False,500,49,,,221,230,core,full_factorial
1924,architecture,27,main,M1,1000,2,2,6,elliptical,normal,balanced,0.1,0.05,1,gaussian,0.2,isolated,uniform,2,0.1,20,False,500,49,,,231,240,core,full_factorial
1925,architecture,27,main,M1,1000,2,2,6,elliptical,normal,balanced,0.1,0.05,1,gaussian,0.2,isolated,uniform,2,0.1,20,False,500,49,,,241,250,core,full_factorial
1926,architecture,27,main,M1,1000,2,2,6,elliptical,normal,balanced,0.1,0.05,1,gaussian,0.2,isolated,uniform,2,0.1,20,False,500,49,,,251,260,core,full_factorial
1927,architecture,27,main,M1,1000,2,2,6,elliptical,normal,balanced,0.1,0.05,1,gaussian,0.2,isolated,uniform,2,0.1,20,False,500,49,,,261,270,core,full_factorial
1928,architecture,27,main,M1,1000,2,2,6,elliptical,normal,balanced,0.1,0.05,1,gaussian,0.2,isolated,uniform,2,0.1,20,False,500,49,,,271,280,core,full_factorial
1929,architecture,27,main,M1,1000,2,2,6,elliptical,normal,balanced,0.1,0.05,1,gaussian,0.2,isolated,uniform,2,0.1,20,False,500,49,,,281,290,core,full_factorial
1930,architecture,27,main,M1,1000,2,2,6,elliptical,normal,balanced,0.1,0.05,1,gaussian,0.2,isolated,uniform,2,0.1,20,False,500,49,,,291,300,core,full_factorial
1931,architecture,28,main,M1,1000,2,2,10,elliptical,normal,balanced,0.1,0.05,1,gaussian,0.2,isolated,uniform,2,0.1,20,False,500,49,,,1,10,core,full_factorial
1932,architecture,28,main,M1,1000,2,2,10,elliptical,normal,balanced,0.1,0.05,1,gaussian,0.2,isolated,uniform,2,0.1,20,False,500,49,,,11,20,core,full_factorial
1933,architecture,28,main,M1,1000,2,2,10,elliptical,normal,balanced,0.1,0.05,1,gaussian,0.2,isolated,uniform,2,0.1,20,False,500,49,,,21,30,core,full_factorial
1934,architecture,28,main,M1,1000,2,2,10,elliptical,normal,balanced,0.1,0.05,1,gaussian,0.2,isolated,uniform,2,0.1,20,False,500,49,,,31,40,core,full_factorial
1935,architecture,28,main,M1,1000,2,2,10,elliptical,normal,balanced,0.1,0.05,1,gaussian,0.2,isolated,uniform,2,0.1,20,False,500,49,,,41,50,core,full_factorial
1936,architecture,28,main,M1,1000,2,2,10,elliptical,normal,balanced,0.1,0.05,1,gaussian,0.2,isolated,uniform,2,0.1,20,False,500,49,,,51,60,core,full_factorial
1937,architecture,28,main,M1,1000,2,2,10,elliptical,normal,balanced,0.1,0.05,1,gaussian,0.2,isolated,uniform,2,0.1,20,False,500,49,,,61,70,core,full_factorial
1938,architecture,28,main,M1,1000,2,2,10,elliptical,normal,balanced,0.1,0.05,1,gaussian,0.2,isolated,uniform,2,0.1,20,False,500,49,,,71,80,core,full_factorial
1939,architecture,28,main,M1,1000,2,2,10,elliptical,normal,balanced,0.1,0.05,1,gaussian,0.2,isolated,uniform,2,0.1,20,False,500,49,,,81,90,core,full_factorial
1940,architecture,28,main,M1,1000,2,2,10,elliptical,normal,balanced,0.1,0.05,1,gaussian,0.2,isolated,uniform,2,0.1,20,False,500,49,,,91,100,core,full_factorial
1941,architecture,28,main,M1,1000,2,2,10,elliptical,normal,balanced,0.1,0.05,1,gaussian,0.2,isolated,uniform,2,0.1,20,False,500,49,,,101,110,core,full_factorial
1942,architecture,28,main,M1,1000,2,2,10,elliptical,normal,balanced,0.1,0.05,1,gaussian,0.2,isolated,uniform,2,0.1,20,False,500,49,,,111,120,core,full_factorial
1943,architecture,28,main,M1,1000,2,2,10,elliptical,normal,balanced,0.1,0.05,1,gaussian,0.2,isolated,uniform,2,0.1,20,False,500,49,,,121,130,core,full_factorial
1944,architecture,28,main,M1,1000,2,2,10,elliptical,normal,balanced,0.1,0.05,1,gaussian,0.2,isolated,uniform,2,0.1,20,False,500,49,,,131,140,core,full_factorial
1945,architecture,28,main,M1,1000,2,2,10,elliptical,normal,balanced,0.1,0.05,1,gaussian,0.2,isolated,uniform,2,0.1,20,False,500,49,,,141,150,core,full_factorial
1946,architecture,28,main,M1,1000,2,2,10,elliptical,normal,balanced,0.1,0.05,1,gaussian,0.2,isolated,uniform,2,0.1,20,False,500,49,,,151,160,core,full_factorial
1947,architecture,28,main,M1,1000,2,2,10,elliptical,normal,balanced,0.1,0.05,1,gaussian,0.2,isolated,uniform,2,0.1,20,False,500,49,,,161,170,core,full_factorial
1948,architecture,28,main,M1,1000,2,2,10,elliptical,normal,balanced,0.1,0.05,1,gaussian,0.2,isolated,uniform,2,0.1,20,False,500,49,,,171,180,core,full_factorial
1949,architecture,28,main,M1,1000,2,2,10,elliptical,normal,balanced,0.1,0.05,1,gaussian,0.2,isolated,uniform,2,0.1,20,False,500,49,,,181,190,core,full_factorial
1950,architecture,28,main,M1,1000,2,2,10,elliptical,normal,balanced,0.1,0.05,1,gaussian,0.2,isolated,uniform,2,0.1,20,False,500,49,,,191,200,core,full_factorial
1951,architecture,28,main,M1,1000,2,2,10,elliptical,normal,balanced,0.1,0.05,1,gaussian,0.2,isolated,uniform,2,0.1,20,False,500,49,,,201,210,core,full_factorial
1952,architecture,28,main,M1,1000,2,2,10,elliptical,normal,balanced,0.1,0.05,1,gaussian,0.2,isolated,uniform,2,0.1,20,False,500,49,,,211,220,core,full_factorial
1953,architecture,28,main,M1,1000,2,2,10,elliptical,normal,balanced,0.1,0.05,1,gaussian,0.2,isolated,uniform,2,0.1,20,False,500,49,,,221,230,core,full_factorial
1954,architecture,28,main,M1,1000,2,2,10,elliptical,normal,balanced,0.1,0.05,1,gaussian,0.2,isolated,uniform,2,0.1,20,False,500,49,,,231,240,core,full_factorial
1955,architecture,28,main,M1,1000,2,2,10,elliptical,normal,balanced,0.1,0.05,1,gaussian,0.2,isolated,uniform,2,0.1,20,False,500,49,,,241,250,core,full_factorial
1956,architecture,28,main,M1,1000,2,2,10,elliptical,normal,balanced,0.1,0.05,1,gaussian,0.2,isolated,uniform,2,0.1,20,False,500,49,,,251,260,core,full_factorial
1957,architecture,28,main,M1,1000,2,2,10,elliptical,normal,balanced,0.1,0.05,1,gaussian,0.2,isolated,uniform,2,0.1,20,False,500,49,,,261,270,core,full_factorial
1958,architecture,28,main,M1,1000,2,2,10,elliptical,normal,balanced,0.1,0.05,1,gaussian,0.2,isolated,uniform,2,0.1,20,False,500,49,,,271,280,core,full_factorial
1959,architecture,28,main,M1,1000,2,2,10,elliptical,normal,balanced,0.1,0.05,1,gaussian,0.2,isolated,uniform,2,0.1,20,False,500,49,,,281,290,core,full_factorial
1960,architecture,28,main,M1,1000,2,2,10,elliptical,normal,balanced,0.1,0.05,1,gaussian,0.2,isolated,uniform,2,0.1,20,False,500,49,,,291,300,core,full_factorial
1961,architecture,29,main,M1,1000,5,2,6,spherical,normal,balanced,0.1,0.05,1,gaussian,0.2,isolated,uniform,2,0.1,20,False,500,49,,,1,10,core,full_factorial
1962,architecture,29,main,M1,1000,5,2,6,spherical,normal,balanced,0.1,0.05,1,gaussian,0.2,isolated,uniform,2,0.1,20,False,500,49,,,11,20,core,full_factorial
1963,architecture,29,main,M1,1000,5,2,6,spherical,normal,balanced,0.1,0.05,1,gaussian,0.2,isolated,uniform,2,0.1,20,False,500,49,,,21,30,core,full_factorial
1964,architecture,29,main,M1,1000,5,2,6,spherical,normal,balanced,0.1,0.05,1,gaussian,0.2,isolated,uniform,2,0.1,20,False,500,49,,,31,40,core,full_factorial
1965,architecture,29,main,M1,1000,5,2,6,spherical,normal,balanced,0.1,0.05,1,gaussian,0.2,isolated,uniform,2,0.1,20,False,500,49,,,41,50,core,full_factorial
1966,architecture,29,main,M1,1000,5,2,6,spherical,normal,balanced,0.1,0.05,1,gaussian,0.2,isolated,uniform,2,0.1,20,False,500,49,,,51,60,core,full_factorial
1967,architecture,29,main,M1,1000,5,2,6,spherical,normal,balanced,0.1,0.05,1,gaussian,0.2,isolated,uniform,2,0.1,20,False,500,49,,,61,70,core,full_factorial
1968,architecture,29,main,M1,1000,5,2,6,spherical,normal,balanced,0.1,0.05,1,gaussian,0.2,isolated,uniform,2,0.1,20,False,500,49,,,71,80,core,full_factorial
1969,architecture,29,main,M1,1000,5,2,6,spherical,normal,balanced,0.1,0.05,1,gaussian,0.2,isolated,uniform,2,0.1,20,False,500,49,,,81,90,core,full_factorial
1970,architecture,29,main,M1,1000,5,2,6,spherical,normal,balanced,0.1,0.05,1,gaussian,0.2,isolated,uniform,2,0.1,20,False,500,49,,,91,100,core,full_factorial
1971,architecture,29,main,M1,1000,5,2,6,spherical,normal,balanced,0.1,0.05,1,gaussian,0.2,isolated,uniform,2,0.1,20,False,500,49,,,101,110,core,full_factorial
1972,architecture,29,main,M1,1000,5,2,6,spherical,normal,balanced,0.1,0.05,1,gaussian,0.2,isolated,uniform,2,0.1,20,False,500,49,,,111,120,core,full_factorial
1973,architecture,29,main,M1,1000,5,2,6,spherical,normal,balanced,0.1,0.05,1,gaussian,0.2,isolated,uniform,2,0.1,20,False,500,49,,,121,130,core,full_factorial
1974,architecture,29,main,M1,1000,5,2,6,spherical,normal,balanced,0.1,0.05,1,gaussian,0.2,isolated,uniform,2,0.1,20,False,500,49,,,131,140,core,full_factorial
1975,architecture,29,main,M1,1000,5,2,6,spherical,normal,balanced,0.1,0.05,1,gaussian,0.2,isolated,uniform,2,0.1,20,False,500,49,,,141,150,core,full_factorial
1976,architecture,29,main,M1,1000,5,2,6,spherical,normal,balanced,0.1,0.05,1,gaussian,0.2,isolated,uniform,2,0.1,20,False,500,49,,,151,160,core,full_factorial
1977,architecture,29,main,M1,1000,5,2,6,spherical,normal,balanced,0.1,0.05,1,gaussian,0.2,isolated,uniform,2,0.1,20,False,500,49,,,161,170,core,full_factorial
1978,architecture,29,main,M1,1000,5,2,6,spherical,normal,balanced,0.1,0.05,1,gaussian,0.2,isolated,uniform,2,0.1,20,False,500,49,,,171,180,core,full_factorial
1979,architecture,29,main,M1,1000,5,2,6,spherical,normal,balanced,0.1,0.05,1,gaussian,0.2,isolated,uniform,2,0.1,20,False,500,49,,,181,190,core,full_factorial
1980,architecture,29,main,M1,1000,5,2,6,spherical,normal,balanced,0.1,0.05,1,gaussian,0.2,isolated,uniform,2,0.1,20,False,500,49,,,191,200,core,full_factorial
1981,architecture,29,main,M1,1000,5,2,6,spherical,normal,balanced,0.1,0.05,1,gaussian,0.2,isolated,uniform,2,0.1,20,False,500,49,,,201,210,core,full_factorial
1982,architecture,29,main,M1,1000,5,2,6,spherical,normal,balanced,0.1,0.05,1,gaussian,0.2,isolated,uniform,2,0.1,20,False,500,49,,,211,220,core,full_factorial
1983,architecture,29,main,M1,1000,5,2,6,spherical,normal,balanced,0.1,0.05,1,gaussian,0.2,isolated,uniform,2,0.1,20,False,500,49,,,221,230,core,full_factorial
1984,architecture,29,main,M1,1000,5,2,6,spherical,normal,balanced,0.1,0.05,1,gaussian,0.2,isolated,uniform,2,0.1,20,False,500,49,,,231,240,core,full_factorial
1985,architecture,29,main,M1,1000,5,2,6,spherical,normal,balanced,0.1,0.05,1,gaussian,0.2,isolated,uniform,2,0.1,20,False,500,49,,,241,250,core,full_factorial
1986,architecture,29,main,M1,1000,5,2,6,spherical,normal,balanced,0.1,0.05,1,gaussian,0.2,isolated,uniform,2,0.1,20,False,500,49,,,251,260,core,full_factorial
1987,architecture,29,main,M1,1000,5,2,6,spherical,normal,balanced,0.1,0.05,1,gaussian,0.2,isolated,uniform,2,0.1,20,False,500,49,,,261,270,core,full_factorial
1988,architecture,29,main,M1,1000,5,2,6,spherical,normal,balanced,0.1,0.05,1,gaussian,0.2,isolated,uniform,2,0.1,20,False,500,49,,,271,280,core,full_factorial
1989,architecture,29,main,M1,1000,5,2,6,spherical,normal,balanced,0.1,0.05,1,gaussian,0.2,isolated,uniform,2,0.1,20,False,500,49,,,281,290,core,full_factorial
1990,architecture,29,main,M1,1000,5,2,6,spherical,normal,balanced,0.1,0.05,1,gaussian,0.2,isolated,uniform,2,0.1,20,False,500,49,,,291,300,core,full_factorial
1991,architecture,30,main,M1,1000,5,2,10,spherical,normal,balanced,0.1,0.05,1,gaussian,0.2,isolated,uniform,2,0.1,20,False,500,49,,,1,10,core,full_factorial
1992,architecture,30,main,M1,1000,5,2,10,spherical,normal,balanced,0.1,0.05,1,gaussian,0.2,isolated,uniform,2,0.1,20,False,500,49,,,11,20,core,full_factorial
1993,architecture,30,main,M1,1000,5,2,10,spherical,normal,balanced,0.1,0.05,1,gaussian,0.2,isolated,uniform,2,0.1,20,False,500,49,,,21,30,core,full_factorial
1994,architecture,30,main,M1,1000,5,2,10,spherical,normal,balanced,0.1,0.05,1,gaussian,0.2,isolated,uniform,2,0.1,20,False,500,49,,,31,40,core,full_factorial
1995,architecture,30,main,M1,1000,5,2,10,spherical,normal,balanced,0.1,0.05,1,gaussian,0.2,isolated,uniform,2,0.1,20,False,500,49,,,41,50,core,full_factorial
1996,architecture,30,main,M1,1000,5,2,10,spherical,normal,balanced,0.1,0.05,1,gaussian,0.2,isolated,uniform,2,0.1,20,False,500,49,,,51,60,core,full_factorial
1997,architecture,30,main,M1,1000,5,2,10,spherical,normal,balanced,0.1,0.05,1,gaussian,0.2,isolated,uniform,2,0.1,20,False,500,49,,,61,70,core,full_factorial
1998,architecture,30,main,M1,1000,5,2,10,spherical,normal,balanced,0.1,0.05,1,gaussian,0.2,isolated,uniform,2,0.1,20,False,500,49,,,71,80,core,full_factorial
1999,architecture,30,main,M1,1000,5,2,10,spherical,normal,balanced,0.1,0.05,1,gaussian,0.2,isolated,uniform,2,0.1,20,False,500,49,,,81,90,core,full_factorial
2000,architecture,30,main,M1,1000,5,2,10,spherical,normal,balanced,0.1,0.05,1,gaussian,0.2,isolated,uniform,2,0.1,20,False,500,49,,,91,100,core,full_factorial
2001,architecture,30,main,M1,1000,5,2,10,spherical,normal,balanced,0.1,0.05,1,gaussian,0.2,isolated,uniform,2,0.1,20,False,500,49,,,101,110,core,full_factorial
2002,architecture,30,main,M1,1000,5,2,10,spherical,normal,balanced,0.1,0.05,1,gaussian,0.2,isolated,uniform,2,0.1,20,False,500,49,,,111,120,core,full_factorial
2003,architecture,30,main,M1,1000,5,2,10,spherical,normal,balanced,0.1,0.05,1,gaussian,0.2,isolated,uniform,2,0.1,20,False,500,49,,,121,130,core,full_factorial
2004,architecture,30,main,M1,1000,5,2,10,spherical,normal,balanced,0.1,0.05,1,gaussian,0.2,isolated,uniform,2,0.1,20,False,500,49,,,131,140,core,full_factorial
2005,architecture,30,main,M1,1000,5,2,10,spherical,normal,balanced,0.1,0.05,1,gaussian,0.2,isolated,uniform,2,0.1,20,False,500,49,,,141,150,core,full_factorial
2006,architecture,30,main,M1,1000,5,2,10,spherical,normal,balanced,0.1,0.05,1,gaussian,0.2,isolated,uniform,2,0.1,20,False,500,49,,,151,160,core,full_factorial
2007,architecture,30,main,M1,1000,5,2,10,spherical,normal,balanced,0.1,0.05,1,gaussian,0.2,isolated,uniform,2,0.1,20,False,500,49,,,161,170,core,full_factorial
2008,architecture,30,main,M1,1000,5,2,10,spherical,normal,balanced,0.1,0.05,1,gaussian,0.2,isolated,uniform,2,0.1,20,False,500,49,,,171,180,core,full_factorial
2009,architecture,30,main,M1,1000,5,2,10,spherical,normal,balanced,0.1,0.05,1,gaussian,0.2,isolated,uniform,2,0.1,20,False,500,49,,,181,190,core,full_factorial
2010,architecture,30,main,M1,1000,5,2,10,spherical,normal,balanced,0.1,0.05,1,gaussian,0.2,isolated,uniform,2,0.1,20,False,500,49,,,191,200,core,full_factorial
2011,architecture,30,main,M1,1000,5,2,10,spherical,normal,balanced,0.1,0.05,1,gaussian,0.2,isolated,uniform,2,0.1,20,False,500,49,,,201,210,core,full_factorial
2012,architecture,30,main,M1,1000,5,2,10,spherical,normal,balanced,0.1,0.05,1,gaussian,0.2,isolated,uniform,2,0.1,20,False,500,49,,,211,220,core,full_factorial
2013,architecture,30,main,M1,1000,5,2,10,spherical,normal,balanced,0.1,0.05,1,gaussian,0.2,isolated,uniform,2,0.1,20,False,500,49,,,221,230,core,full_factorial
2014,architecture,30,main,M1,1000,5,2,10,spherical,normal,balanced,0.1,0.05,1,gaussian,0.2,isolated,uniform,2,0.1,20,False,500,49,,,231,240,core,full_factorial
2015,architecture,30,main,M1,1000,5,2,10,spherical,normal,balanced,0.1,0.05,1,gaussian,0.2,isolated,uniform,2,0.1,20,False,500,49,,,241,250,core,full_factorial
2016,architecture,30,main,M1,1000,5,2,10,spherical,normal,balanced,0.1,0.05,1,gaussian,0.2,isolated,uniform,2,0.1,20,False,500,49,,,251,260,core,full_factorial
2017,architecture,30,main,M1,1000,5,2,10,spherical,normal,balanced,0.1,0.05,1,gaussian,0.2,isolated,uniform,2,0.1,20,False,500,49,,,261,270,core,full_factorial
2018,architecture,30,main,M1,1000,5,2,10,spherical,normal,balanced,0.1,0.05,1,gaussian,0.2,isolated,uniform,2,0.1,20,False,500,49,,,271,280,core,full_factorial
2019,architecture,30,main,M1,1000,5,2,10,spherical,normal,balanced,0.1,0.05,1,gaussian,0.2,isolated,uniform,2,0.1,20,False,500,49,,,281,290,core,full_factorial
2020,architecture,30,main,M1,1000,5,2,10,spherical,normal,balanced,0.1,0.05,1,gaussian,0.2,isolated,uniform,2,0.1,20,False,500,49,,,291,300,core,full_factorial
2021,architecture,31,main,M1,1000,5,2,6,elliptical,normal,balanced,0.1,0.05,1,gaussian,0.2,isolated,uniform,2,0.1,20,False,500,49,,,1,10,core,full_factorial
2022,architecture,31,main,M1,1000,5,2,6,elliptical,normal,balanced,0.1,0.05,1,gaussian,0.2,isolated,uniform,2,0.1,20,False,500,49,,,11,20,core,full_factorial
2023,architecture,31,main,M1,1000,5,2,6,elliptical,normal,balanced,0.1,0.05,1,gaussian,0.2,isolated,uniform,2,0.1,20,False,500,49,,,21,30,core,full_factorial
2024,architecture,31,main,M1,1000,5,2,6,elliptical,normal,balanced,0.1,0.05,1,gaussian,0.2,isolated,uniform,2,0.1,20,False,500,49,,,31,40,core,full_factorial
2025,architecture,31,main,M1,1000,5,2,6,elliptical,normal,balanced,0.1,0.05,1,gaussian,0.2,isolated,uniform,2,0.1,20,False,500,49,,,41,50,core,full_factorial
2026,architecture,31,main,M1,1000,5,2,6,elliptical,normal,balanced,0.1,0.05,1,gaussian,0.2,isolated,uniform,2,0.1,20,False,500,49,,,51,60,core,full_factorial
2027,architecture,31,main,M1,1000,5,2,6,elliptical,normal,balanced,0.1,0.05,1,gaussian,0.2,isolated,uniform,2,0.1,20,False,500,49,,,61,70,core,full_factorial
2028,architecture,31,main,M1,1000,5,2,6,elliptical,normal,balanced,0.1,0.05,1,gaussian,0.2,isolated,uniform,2,0.1,20,False,500,49,,,71,80,core,full_factorial
2029,architecture,31,main,M1,1000,5,2,6,elliptical,normal,balanced,0.1,0.05,1,gaussian,0.2,isolated,uniform,2,0.1,20,False,500,49,,,81,90,core,full_factorial
2030,architecture,31,main,M1,1000,5,2,6,elliptical,normal,balanced,0.1,0.05,1,gaussian,0.2,isolated,uniform,2,0.1,20,False,500,49,,,91,100,core,full_factorial
2031,architecture,31,main,M1,1000,5,2,6,elliptical,normal,balanced,0.1,0.05,1,gaussian,0.2,isolated,uniform,2,0.1,20,False,500,49,,,101,110,core,full_factorial
2032,architecture,31,main,M1,1000,5,2,6,elliptical,normal,balanced,0.1,0.05,1,gaussian,0.2,isolated,uniform,2,0.1,20,False,500,49,,,111,120,core,full_factorial
2033,architecture,31,main,M1,1000,5,2,6,elliptical,normal,balanced,0.1,0.05,1,gaussian,0.2,isolated,uniform,2,0.1,20,False,500,49,,,121,130,core,full_factorial
2034,architecture,31,main,M1,1000,5,2,6,elliptical,normal,balanced,0.1,0.05,1,gaussian,0.2,isolated,uniform,2,0.1,20,False,500,49,,,131,140,core,full_factorial
2035,architecture,31,main,M1,1000,5,2,6,elliptical,normal,balanced,0.1,0.05,1,gaussian,0.2,isolated,uniform,2,0.1,20,False,500,49,,,141,150,core,full_factorial
2036,architecture,31,main,M1,1000,5,2,6,elliptical,normal,balanced,0.1,0.05,1,gaussian,0.2,isolated,uniform,2,0.1,20,False,500,49,,,151,160,core,full_factorial
2037,architecture,31,main,M1,1000,5,2,6,elliptical,normal,balanced,0.1,0.05,1,gaussian,0.2,isolated,uniform,2,0.1,20,False,500,49,,,161,170,core,full_factorial
2038,architecture,31,main,M1,1000,5,2,6,elliptical,normal,balanced,0.1,0.05,1,gaussian,0.2,isolated,uniform,2,0.1,20,False,500,49,,,171,180,core,full_factorial
2039,architecture,31,main,M1,1000,5,2,6,elliptical,normal,balanced,0.1,0.05,1,gaussian,0.2,isolated,uniform,2,0.1,20,False,500,49,,,181,190,core,full_factorial
2040,architecture,31,main,M1,1000,5,2,6,elliptical,normal,balanced,0.1,0.05,1,gaussian,0.2,isolated,uniform,2,0.1,20,False,500,49,,,191,200,core,full_factorial
2041,architecture,31,main,M1,1000,5,2,6,elliptical,normal,balanced,0.1,0.05,1,gaussian,0.2,isolated,uniform,2,0.1,20,False,500,49,,,201,210,core,full_factorial
2042,architecture,31,main,M1,1000,5,2,6,elliptical,normal,balanced,0.1,0.05,1,gaussian,0.2,isolated,uniform,2,0.1,20,False,500,49,,,211,220,core,full_factorial
2043,architecture,31,main,M1,1000,5,2,6,elliptical,normal,balanced,0.1,0.05,1,gaussian,0.2,isolated,uniform,2,0.1,20,False,500,49,,,221,230,core,full_factorial
2044,architecture,31,main,M1,1000,5,2,6,elliptical,normal,balanced,0.1,0.05,1,gaussian,0.2,isolated,uniform,2,0.1,20,False,500,49,,,231,240,core,full_factorial
2045,architecture,31,main,M1,1000,5,2,6,elliptical,normal,balanced,0.1,0.05,1,gaussian,0.2,isolated,uniform,2,0.1,20,False,500,49,,,241,250,core,full_factorial
2046,architecture,31,main,M1,1000,5,2,6,elliptical,normal,balanced,0.1,0.05,1,gaussian,0.2,isolated,uniform,2,0.1,20,False,500,49,,,251,260,core,full_factorial
2047,architecture,31,main,M1,1000,5,2,6,elliptical,normal,balanced,0.1,0.05,1,gaussian,0.2,isolated,uniform,2,0.1,20,False,500,49,,,261,270,core,full_factorial
2048,architecture,31,main,M1,1000,5,2,6,elliptical,normal,balanced,0.1,0.05,1,gaussian,0.2,isolated,uniform,2,0.1,20,False,500,49,,,271,280,core,full_factorial
2049,architecture,31,main,M1,1000,5,2,6,elliptical,normal,balanced,0.1,0.05,1,gaussian,0.2,isolated,uniform,2,0.1,20,False,500,49,,,281,290,core,full_factorial
2050,architecture,31,main,M1,1000,5,2,6,elliptical,normal,balanced,0.1,0.05,1,gaussian,0.2,isolated,uniform,2,0.1,20,False,500,49,,,291,300,core,full_factorial
2051,architecture,32,main,M1,1000,5,2,10,elliptical,normal,balanced,0.1,0.05,1,gaussian,0.2,isolated,uniform,2,0.1,20,False,500,49,,,1,10,core,full_factorial
2052,architecture,32,main,M1,1000,5,2,10,elliptical,normal,balanced,0.1,0.05,1,gaussian,0.2,isolated,uniform,2,0.1,20,False,500,49,,,11,20,core,full_factorial
2053,architecture,32,main,M1,1000,5,2,10,elliptical,normal,balanced,0.1,0.05,1,gaussian,0.2,isolated,uniform,2,0.1,20,False,500,49,,,21,30,core,full_factorial
2054,architecture,32,main,M1,1000,5,2,10,elliptical,normal,balanced,0.1,0.05,1,gaussian,0.2,isolated,uniform,2,0.1,20,False,500,49,,,31,40,core,full_factorial
2055,architecture,32,main,M1,1000,5,2,10,elliptical,normal,balanced,0.1,0.05,1,gaussian,0.2,isolated,uniform,2,0.1,20,False,500,49,,,41,50,core,full_factorial
2056,architecture,32,main,M1,1000,5,2,10,elliptical,normal,balanced,0.1,0.05,1,gaussian,0.2,isolated,uniform,2,0.1,20,False,500,49,,,51,60,core,full_factorial
2057,architecture,32,main,M1,1000,5,2,10,elliptical,normal,balanced,0.1,0.05,1,gaussian,0.2,isolated,uniform,2,0.1,20,False,500,49,,,61,70,core,full_factorial
2058,architecture,32,main,M1,1000,5,2,10,elliptical,normal,balanced,0.1,0.05,1,gaussian,0.2,isolated,uniform,2,0.1,20,False,500,49,,,71,80,core,full_factorial
2059,architecture,32,main,M1,1000,5,2,10,elliptical,normal,balanced,0.1,0.05,1,gaussian,0.2,isolated,uniform,2,0.1,20,False,500,49,,,81,90,core,full_factorial
2060,architecture,32,main,M1,1000,5,2,10,elliptical,normal,balanced,0.1,0.05,1,gaussian,0.2,isolated,uniform,2,0.1,20,False,500,49,,,91,100,core,full_factorial
2061,architecture,32,main,M1,1000,5,2,10,elliptical,normal,balanced,0.1,0.05,1,gaussian,0.2,isolated,uniform,2,0.1,20,False,500,49,,,101,110,core,full_factorial
2062,architecture,32,main,M1,1000,5,2,10,elliptical,normal,balanced,0.1,0.05,1,gaussian,0.2,isolated,uniform,2,0.1,20,False,500,49,,,111,120,core,full_factorial
2063,architecture,32,main,M1,1000,5,2,10,elliptical,normal,balanced,0.1,0.05,1,gaussian,0.2,isolated,uniform,2,0.1,20,False,500,49,,,121,130,core,full_factorial
2064,architecture,32,main,M1,1000,5,2,10,elliptical,normal,balanced,0.1,0.05,1,gaussian,0.2,isolated,uniform,2,0.1,20,False,500,49,,,131,140,core,full_factorial
2065,architecture,32,main,M1,1000,5,2,10,elliptical,normal,balanced,0.1,0.05,1,gaussian,0.2,isolated,uniform,2,0.1,20,False,500,49,,,141,150,core,full_factorial
2066,architecture,32,main,M1,1000,5,2,10,elliptical,normal,balanced,0.1,0.05,1,gaussian,0.2,isolated,uniform,2,0.1,20,False,500,49,,,151,160,core,full_factorial
2067,architecture,32,main,M1,1000,5,2,10,elliptical,normal,balanced,0.1,0.05,1,gaussian,0.2,isolated,uniform,2,0.1,20,False,500,49,,,161,170,core,full_factorial
2068,architecture,32,main,M1,1000,5,2,10,elliptical,normal,balanced,0.1,0.05,1,gaussian,0.2,isolated,uniform,2,0.1,20,False,500,49,,,171,180,core,full_factorial
2069,architecture,32,main,M1,1000,5,2,10,elliptical,normal,balanced,0.1,0.05,1,gaussian,0.2,isolated,uniform,2,0.1,20,False,500,49,,,181,190,core,full_factorial
2070,architecture,32,main,M1,1000,5,2,10,elliptical,normal,balanced,0.1,0.05,1,gaussian,0.2,isolated,uniform,2,0.1,20,False,500,49,,,191,200,core,full_factorial
2071,architecture,32,main,M1,1000,5,2,10,elliptical,normal,balanced,0.1,0.05,1,gaussian,0.2,isolated,uniform,2,0.1,20,False,500,49,,,201,210,core,full_factorial
2072,architecture,32,main,M1,1000,5,2,10,elliptical,normal,balanced,0.1,0.05,1,gaussian,0.2,isolated,uniform,2,0.1,20,False,500,49,,,211,220,core,full_factorial
2073,architecture,32,main,M1,1000,5,2,10,elliptical,normal,balanced,0.1,0.05,1,gaussian,0.2,isolated,uniform,2,0.1,20,False,500,49,,,221,230,core,full_factorial
2074,architecture,32,main,M1,1000,5,2,10,elliptical,normal,balanced,0.1,0.05,1,gaussian,0.2,isolated,uniform,2,0.1,20,False,500,49,,,231,240,core,full_factorial
2075,architecture,32,main,M1,1000,5,2,10,elliptical,normal,balanced,0.1,0.05,1,gaussian,0.2,isolated,uniform,2,0.1,20,False,500,49,,,241,250,core,full_factorial
2076,architecture,32,main,M1,1000,5,2,10,elliptical,normal,balanced,0.1,0.05,1,gaussian,0.2,isolated,uniform,2,0.1,20,False,500,49,,,251,260,core,full_factorial
2077,architecture,32,main,M1,1000,5,2,10,elliptical,normal,balanced,0.1,0.05,1,gaussian,0.2,isolated,uniform,2,0.1,20,False,500,49,,,261,270,core,full_factorial
2078,architecture,32,main,M1,1000,5,2,10,elliptical,normal,balanced,0.1,0.05,1,gaussian,0.2,isolated,uniform,2,0.1,20,False,500,49,,,271,280,core,full_factorial
2079,architecture,32,main,M1,1000,5,2,10,elliptical,normal,balanced,0.1,0.05,1,gaussian,0.2,isolated,uniform,2,0.1,20,False,500,49,,,281,290,core,full_factorial
2080,architecture,32,main,M1,1000,5,2,10,elliptical,normal,balanced,0.1,0.05,1,gaussian,0.2,isolated,uniform,2,0.1,20,False,500,49,,,291,300,core,full_factorial
2081,architecture,33,main,M2,500,2,2,6,spherical,normal,balanced,0.1,0.025,1,gaussian,0.2,isolated,uniform,2,0.1,20,False,500,49,,,1,10,core,full_factorial
2082,architecture,33,main,M2,500,2,2,6,spherical,normal,balanced,0.1,0.025,1,gaussian,0.2,isolated,uniform,2,0.1,20,False,500,49,,,11,20,core,full_factorial
2083,architecture,33,main,M2,500,2,2,6,spherical,normal,balanced,0.1,0.025,1,gaussian,0.2,isolated,uniform,2,0.1,20,False,500,49,,,21,30,core,full_factorial
2084,architecture,33,main,M2,500,2,2,6,spherical,normal,balanced,0.1,0.025,1,gaussian,0.2,isolated,uniform,2,0.1,20,False,500,49,,,31,40,core,full_factorial
2085,architecture,33,main,M2,500,2,2,6,spherical,normal,balanced,0.1,0.025,1,gaussian,0.2,isolated,uniform,2,0.1,20,False,500,49,,,41,50,core,full_factorial
2086,architecture,33,main,M2,500,2,2,6,spherical,normal,balanced,0.1,0.025,1,gaussian,0.2,isolated,uniform,2,0.1,20,False,500,49,,,51,60,core,full_factorial
2087,architecture,33,main,M2,500,2,2,6,spherical,normal,balanced,0.1,0.025,1,gaussian,0.2,isolated,uniform,2,0.1,20,False,500,49,,,61,70,core,full_factorial
2088,architecture,33,main,M2,500,2,2,6,spherical,normal,balanced,0.1,0.025,1,gaussian,0.2,isolated,uniform,2,0.1,20,False,500,49,,,71,80,core,full_factorial
2089,architecture,33,main,M2,500,2,2,6,spherical,normal,balanced,0.1,0.025,1,gaussian,0.2,isolated,uniform,2,0.1,20,False,500,49,,,81,90,core,full_factorial
2090,architecture,33,main,M2,500,2,2,6,spherical,normal,balanced,0.1,0.025,1,gaussian,0.2,isolated,uniform,2,0.1,20,False,500,49,,,91,100,core,full_factorial
2091,architecture,33,main,M2,500,2,2,6,spherical,normal,balanced,0.1,0.025,1,gaussian,0.2,isolated,uniform,2,0.1,20,False,500,49,,,101,110,core,full_factorial
2092,architecture,33,main,M2,500,2,2,6,spherical,normal,balanced,0.1,0.025,1,gaussian,0.2,isolated,uniform,2,0.1,20,False,500,49,,,111,120,core,full_factorial
2093,architecture,33,main,M2,500,2,2,6,spherical,normal,balanced,0.1,0.025,1,gaussian,0.2,isolated,uniform,2,0.1,20,False,500,49,,,121,130,core,full_factorial
2094,architecture,33,main,M2,500,2,2,6,spherical,normal,balanced,0.1,0.025,1,gaussian,0.2,isolated,uniform,2,0.1,20,False,500,49,,,131,140,core,full_factorial
2095,architecture,33,main,M2,500,2,2,6,spherical,normal,balanced,0.1,0.025,1,gaussian,0.2,isolated,uniform,2,0.1,20,False,500,49,,,141,150,core,full_factorial
2096,architecture,33,main,M2,500,2,2,6,spherical,normal,balanced,0.1,0.025,1,gaussian,0.2,isolated,uniform,2,0.1,20,False,500,49,,,151,160,core,full_factorial
2097,architecture,33,main,M2,500,2,2,6,spherical,normal,balanced,0.1,0.025,1,gaussian,0.2,isolated,uniform,2,0.1,20,False,500,49,,,161,170,core,full_factorial
2098,architecture,33,main,M2,500,2,2,6,spherical,normal,balanced,0.1,0.025,1,gaussian,0.2,isolated,uniform,2,0.1,20,False,500,49,,,171,180,core,full_factorial
2099,architecture,33,main,M2,500,2,2,6,spherical,normal,balanced,0.1,0.025,1,gaussian,0.2,isolated,uniform,2,0.1,20,False,500,49,,,181,190,core,full_factorial
2100,architecture,33,main,M2,500,2,2,6,spherical,normal,balanced,0.1,0.025,1,gaussian,0.2,isolated,uniform,2,0.1,20,False,500,49,,,191,200,core,full_factorial
2101,architecture,33,main,M2,500,2,2,6,spherical,normal,balanced,0.1,0.025,1,gaussian,0.2,isolated,uniform,2,0.1,20,False,500,49,,,201,210,core,full_factorial
2102,architecture,33,main,M2,500,2,2,6,spherical,normal,balanced,0.1,0.025,1,gaussian,0.2,isolated,uniform,2,0.1,20,False,500,49,,,211,220,core,full_factorial
2103,architecture,33,main,M2,500,2,2,6,spherical,normal,balanced,0.1,0.025,1,gaussian,0.2,isolated,uniform,2,0.1,20,False,500,49,,,221,230,core,full_factorial
2104,architecture,33,main,M2,500,2,2,6,spherical,normal,balanced,0.1,0.025,1,gaussian,0.2,isolated,uniform,2,0.1,20,False,500,49,,,231,240,core,full_factorial
2105,architecture,33,main,M2,500,2,2,6,spherical,normal,balanced,0.1,0.025,1,gaussian,0.2,isolated,uniform,2,0.1,20,False,500,49,,,241,250,core,full_factorial
2106,architecture,33,main,M2,500,2,2,6,spherical,normal,balanced,0.1,0.025,1,gaussian,0.2,isolated,uniform,2,0.1,20,False,500,49,,,251,260,core,full_factorial
2107,architecture,33,main,M2,500,2,2,6,spherical,normal,balanced,0.1,0.025,1,gaussian,0.2,isolated,uniform,2,0.1,20,False,500,49,,,261,270,core,full_factorial
2108,architecture,33,main,M2,500,2,2,6,spherical,normal,balanced,0.1,0.025,1,gaussian,0.2,isolated,uniform,2,0.1,20,False,500,49,,,271,280,core,full_factorial
2109,architecture,33,main,M2,500,2,2,6,spherical,normal,balanced,0.1,0.025,1,gaussian,0.2,isolated,uniform,2,0.1,20,False,500,49,,,281,290,core,full_factorial
2110,architecture,33,main,M2,500,2,2,6,spherical,normal,balanced,0.1,0.025,1,gaussian,0.2,isolated,uniform,2,0.1,20,False,500,49,,,291,300,core,full_factorial
2111,architecture,34,main,M2,500,2,2,10,spherical,normal,balanced,0.1,0.025,1,gaussian,0.2,isolated,uniform,2,0.1,20,False,500,49,,,1,10,core,full_factorial
2112,architecture,34,main,M2,500,2,2,10,spherical,normal,balanced,0.1,0.025,1,gaussian,0.2,isolated,uniform,2,0.1,20,False,500,49,,,11,20,core,full_factorial
2113,architecture,34,main,M2,500,2,2,10,spherical,normal,balanced,0.1,0.025,1,gaussian,0.2,isolated,uniform,2,0.1,20,False,500,49,,,21,30,core,full_factorial
2114,architecture,34,main,M2,500,2,2,10,spherical,normal,balanced,0.1,0.025,1,gaussian,0.2,isolated,uniform,2,0.1,20,False,500,49,,,31,40,core,full_factorial
2115,architecture,34,main,M2,500,2,2,10,spherical,normal,balanced,0.1,0.025,1,gaussian,0.2,isolated,uniform,2,0.1,20,False,500,49,,,41,50,core,full_factorial
2116,architecture,34,main,M2,500,2,2,10,spherical,normal,balanced,0.1,0.025,1,gaussian,0.2,isolated,uniform,2,0.1,20,False,500,49,,,51,60,core,full_factorial
2117,architecture,34,main,M2,500,2,2,10,spherical,normal,balanced,0.1,0.025,1,gaussian,0.2,isolated,uniform,2,0.1,20,False,500,49,,,61,70,core,full_factorial
2118,architecture,34,main,M2,500,2,2,10,spherical,normal,balanced,0.1,0.025,1,gaussian,0.2,isolated,uniform,2,0.1,20,False,500,49,,,71,80,core,full_factorial
2119,architecture,34,main,M2,500,2,2,10,spherical,normal,balanced,0.1,0.025,1,gaussian,0.2,isolated,uniform,2,0.1,20,False,500,49,,,81,90,core,full_factorial
2120,architecture,34,main,M2,500,2,2,10,spherical,normal,balanced,0.1,0.025,1,gaussian,0.2,isolated,uniform,2,0.1,20,False,500,49,,,91,100,core,full_factorial
2121,architecture,34,main,M2,500,2,2,10,spherical,normal,balanced,0.1,0.025,1,gaussian,0.2,isolated,uniform,2,0.1,20,False,500,49,,,101,110,core,full_factorial
2122,architecture,34,main,M2,500,2,2,10,spherical,normal,balanced,0.1,0.025,1,gaussian,0.2,isolated,uniform,2,0.1,20,False,500,49,,,111,120,core,full_factorial
2123,architecture,34,main,M2,500,2,2,10,spherical,normal,balanced,0.1,0.025,1,gaussian,0.2,isolated,uniform,2,0.1,20,False,500,49,,,121,130,core,full_factorial
2124,architecture,34,main,M2,500,2,2,10,spherical,normal,balanced,0.1,0.025,1,gaussian,0.2,isolated,uniform,2,0.1,20,False,500,49,,,131,140,core,full_factorial
2125,architecture,34,main,M2,500,2,2,10,spherical,normal,balanced,0.1,0.025,1,gaussian,0.2,isolated,uniform,2,0.1,20,False,500,49,,,141,150,core,full_factorial
2126,architecture,34,main,M2,500,2,2,10,spherical,normal,balanced,0.1,0.025,1,gaussian,0.2,isolated,uniform,2,0.1,20,False,500,49,,,151,160,core,full_factorial
2127,architecture,34,main,M2,500,2,2,10,spherical,normal,balanced,0.1,0.025,1,gaussian,0.2,isolated,uniform,2,0.1,20,False,500,49,,,161,170,core,full_factorial
2128,architecture,34,main,M2,500,2,2,10,spherical,normal,balanced,0.1,0.025,1,gaussian,0.2,isolated,uniform,2,0.1,20,False,500,49,,,171,180,core,full_factorial
2129,architecture,34,main,M2,500,2,2,10,spherical,normal,balanced,0.1,0.025,1,gaussian,0.2,isolated,uniform,2,0.1,20,False,500,49,,,181,190,core,full_factorial
2130,architecture,34,main,M2,500,2,2,10,spherical,normal,balanced,0.1,0.025,1,gaussian,0.2,isolated,uniform,2,0.1,20,False,500,49,,,191,200,core,full_factorial
2131,architecture,34,main,M2,500,2,2,10,spherical,normal,balanced,0.1,0.025,1,gaussian,0.2,isolated,uniform,2,0.1,20,False,500,49,,,201,210,core,full_factorial
2132,architecture,34,main,M2,500,2,2,10,spherical,normal,balanced,0.1,0.025,1,gaussian,0.2,isolated,uniform,2,0.1,20,False,500,49,,,211,220,core,full_factorial
2133,architecture,34,main,M2,500,2,2,10,spherical,normal,balanced,0.1,0.025,1,gaussian,0.2,isolated,uniform,2,0.1,20,False,500,49,,,221,230,core,full_factorial
2134,architecture,34,main,M2,500,2,2,10,spherical,normal,balanced,0.1,0.025,1,gaussian,0.2,isolated,uniform,2,0.1,20,False,500,49,,,231,240,core,full_factorial
2135,architecture,34,main,M2,500,2,2,10,spherical,normal,balanced,0.1,0.025,1,gaussian,0.2,isolated,uniform,2,0.1,20,False,500,49,,,241,250,core,full_factorial
2136,architecture,34,main,M2,500,2,2,10,spherical,normal,balanced,0.1,0.025,1,gaussian,0.2,isolated,uniform,2,0.1,20,False,500,49,,,251,260,core,full_factorial
2137,architecture,34,main,M2,500,2,2,10,spherical,normal,balanced,0.1,0.025,1,gaussian,0.2,isolated,uniform,2,0.1,20,False,500,49,,,261,270,core,full_factorial
2138,architecture,34,main,M2,500,2,2,10,spherical,normal,balanced,0.1,0.025,1,gaussian,0.2,isolated,uniform,2,0.1,20,False,500,49,,,271,280,core,full_factorial
2139,architecture,34,main,M2,500,2,2,10,spherical,normal,balanced,0.1,0.025,1,gaussian,0.2,isolated,uniform,2,0.1,20,False,500,49,,,281,290,core,full_factorial
2140,architecture,34,main,M2,500,2,2,10,spherical,normal,balanced,0.1,0.025,1,gaussian,0.2,isolated,uniform,2,0.1,20,False,500,49,,,291,300,core,full_factorial
2141,architecture,35,main,M2,500,2,2,6,elliptical,normal,balanced,0.1,0.025,1,gaussian,0.2,isolated,uniform,2,0.1,20,False,500,49,,,1,10,core,full_factorial
2142,architecture,35,main,M2,500,2,2,6,elliptical,normal,balanced,0.1,0.025,1,gaussian,0.2,isolated,uniform,2,0.1,20,False,500,49,,,11,20,core,full_factorial
2143,architecture,35,main,M2,500,2,2,6,elliptical,normal,balanced,0.1,0.025,1,gaussian,0.2,isolated,uniform,2,0.1,20,False,500,49,,,21,30,core,full_factorial
2144,architecture,35,main,M2,500,2,2,6,elliptical,normal,balanced,0.1,0.025,1,gaussian,0.2,isolated,uniform,2,0.1,20,False,500,49,,,31,40,core,full_factorial
2145,architecture,35,main,M2,500,2,2,6,elliptical,normal,balanced,0.1,0.025,1,gaussian,0.2,isolated,uniform,2,0.1,20,False,500,49,,,41,50,core,full_factorial
2146,architecture,35,main,M2,500,2,2,6,elliptical,normal,balanced,0.1,0.025,1,gaussian,0.2,isolated,uniform,2,0.1,20,False,500,49,,,51,60,core,full_factorial
2147,architecture,35,main,M2,500,2,2,6,elliptical,normal,balanced,0.1,0.025,1,gaussian,0.2,isolated,uniform,2,0.1,20,False,500,49,,,61,70,core,full_factorial
2148,architecture,35,main,M2,500,2,2,6,elliptical,normal,balanced,0.1,0.025,1,gaussian,0.2,isolated,uniform,2,0.1,20,False,500,49,,,71,80,core,full_factorial
2149,architecture,35,main,M2,500,2,2,6,elliptical,normal,balanced,0.1,0.025,1,gaussian,0.2,isolated,uniform,2,0.1,20,False,500,49,,,81,90,core,full_factorial
2150,architecture,35,main,M2,500,2,2,6,elliptical,normal,balanced,0.1,0.025,1,gaussian,0.2,isolated,uniform,2,0.1,20,False,500,49,,,91,100,core,full_factorial
2151,architecture,35,main,M2,500,2,2,6,elliptical,normal,balanced,0.1,0.025,1,gaussian,0.2,isolated,uniform,2,0.1,20,False,500,49,,,101,110,core,full_factorial
2152,architecture,35,main,M2,500,2,2,6,elliptical,normal,balanced,0.1,0.025,1,gaussian,0.2,isolated,uniform,2,0.1,20,False,500,49,,,111,120,core,full_factorial
2153,architecture,35,main,M2,500,2,2,6,elliptical,normal,balanced,0.1,0.025,1,gaussian,0.2,isolated,uniform,2,0.1,20,False,500,49,,,121,130,core,full_factorial
2154,architecture,35,main,M2,500,2,2,6,elliptical,normal,balanced,0.1,0.025,1,gaussian,0.2,isolated,uniform,2,0.1,20,False,500,49,,,131,140,core,full_factorial
2155,architecture,35,main,M2,500,2,2,6,elliptical,normal,balanced,0.1,0.025,1,gaussian,0.2,isolated,uniform,2,0.1,20,False,500,49,,,141,150,core,full_factorial
2156,architecture,35,main,M2,500,2,2,6,elliptical,normal,balanced,0.1,0.025,1,gaussian,0.2,isolated,uniform,2,0.1,20,False,500,49,,,151,160,core,full_factorial
2157,architecture,35,main,M2,500,2,2,6,elliptical,normal,balanced,0.1,0.025,1,gaussian,0.2,isolated,uniform,2,0.1,20,False,500,49,,,161,170,core,full_factorial
2158,architecture,35,main,M2,500,2,2,6,elliptical,normal,balanced,0.1,0.025,1,gaussian,0.2,isolated,uniform,2,0.1,20,False,500,49,,,171,180,core,full_factorial
2159,architecture,35,main,M2,500,2,2,6,elliptical,normal,balanced,0.1,0.025,1,gaussian,0.2,isolated,uniform,2,0.1,20,False,500,49,,,181,190,core,full_factorial
2160,architecture,35,main,M2,500,2,2,6,elliptical,normal,balanced,0.1,0.025,1,gaussian,0.2,isolated,uniform,2,0.1,20,False,500,49,,,191,200,core,full_factorial
2161,architecture,35,main,M2,500,2,2,6,elliptical,normal,balanced,0.1,0.025,1,gaussian,0.2,isolated,uniform,2,0.1,20,False,500,49,,,201,210,core,full_factorial
2162,architecture,35,main,M2,500,2,2,6,elliptical,normal,balanced,0.1,0.025,1,gaussian,0.2,isolated,uniform,2,0.1,20,False,500,49,,,211,220,core,full_factorial
2163,architecture,35,main,M2,500,2,2,6,elliptical,normal,balanced,0.1,0.025,1,gaussian,0.2,isolated,uniform,2,0.1,20,False,500,49,,,221,230,core,full_factorial
2164,architecture,35,main,M2,500,2,2,6,elliptical,normal,balanced,0.1,0.025,1,gaussian,0.2,isolated,uniform,2,0.1,20,False,500,49,,,231,240,core,full_factorial
2165,architecture,35,main,M2,500,2,2,6,elliptical,normal,balanced,0.1,0.025,1,gaussian,0.2,isolated,uniform,2,0.1,20,False,500,49,,,241,250,core,full_factorial
2166,architecture,35,main,M2,500,2,2,6,elliptical,normal,balanced,0.1,0.025,1,gaussian,0.2,isolated,uniform,2,0.1,20,False,500,49,,,251,260,core,full_factorial
2167,architecture,35,main,M2,500,2,2,6,elliptical,normal,balanced,0.1,0.025,1,gaussian,0.2,isolated,uniform,2,0.1,20,False,500,49,,,261,270,core,full_factorial
2168,architecture,35,main,M2,500,2,2,6,elliptical,normal,balanced,0.1,0.025,1,gaussian,0.2,isolated,uniform,2,0.1,20,False,500,49,,,271,280,core,full_factorial
2169,architecture,35,main,M2,500,2,2,6,elliptical,normal,balanced,0.1,0.025,1,gaussian,0.2,isolated,uniform,2,0.1,20,False,500,49,,,281,290,core,full_factorial
2170,architecture,35,main,M2,500,2,2,6,elliptical,normal,balanced,0.1,0.025,1,gaussian,0.2,isolated,uniform,2,0.1,20,False,500,49,,,291,300,core,full_factorial
2171,architecture,36,main,M2,500,2,2,10,elliptical,normal,balanced,0.1,0.025,1,gaussian,0.2,isolated,uniform,2,0.1,20,False,500,49,,,1,10,core,full_factorial
2172,architecture,36,main,M2,500,2,2,10,elliptical,normal,balanced,0.1,0.025,1,gaussian,0.2,isolated,uniform,2,0.1,20,False,500,49,,,11,20,core,full_factorial
2173,architecture,36,main,M2,500,2,2,10,elliptical,normal,balanced,0.1,0.025,1,gaussian,0.2,isolated,uniform,2,0.1,20,False,500,49,,,21,30,core,full_factorial
2174,architecture,36,main,M2,500,2,2,10,elliptical,normal,balanced,0.1,0.025,1,gaussian,0.2,isolated,uniform,2,0.1,20,False,500,49,,,31,40,core,full_factorial
2175,architecture,36,main,M2,500,2,2,10,elliptical,normal,balanced,0.1,0.025,1,gaussian,0.2,isolated,uniform,2,0.1,20,False,500,49,,,41,50,core,full_factorial
2176,architecture,36,main,M2,500,2,2,10,elliptical,normal,balanced,0.1,0.025,1,gaussian,0.2,isolated,uniform,2,0.1,20,False,500,49,,,51,60,core,full_factorial
2177,architecture,36,main,M2,500,2,2,10,elliptical,normal,balanced,0.1,0.025,1,gaussian,0.2,isolated,uniform,2,0.1,20,False,500,49,,,61,70,core,full_factorial
2178,architecture,36,main,M2,500,2,2,10,elliptical,normal,balanced,0.1,0.025,1,gaussian,0.2,isolated,uniform,2,0.1,20,False,500,49,,,71,80,core,full_factorial
2179,architecture,36,main,M2,500,2,2,10,elliptical,normal,balanced,0.1,0.025,1,gaussian,0.2,isolated,uniform,2,0.1,20,False,500,49,,,81,90,core,full_factorial
2180,architecture,36,main,M2,500,2,2,10,elliptical,normal,balanced,0.1,0.025,1,gaussian,0.2,isolated,uniform,2,0.1,20,False,500,49,,,91,100,core,full_factorial
2181,architecture,36,main,M2,500,2,2,10,elliptical,normal,balanced,0.1,0.025,1,gaussian,0.2,isolated,uniform,2,0.1,20,False,500,49,,,101,110,core,full_factorial
2182,architecture,36,main,M2,500,2,2,10,elliptical,normal,balanced,0.1,0.025,1,gaussian,0.2,isolated,uniform,2,0.1,20,False,500,49,,,111,120,core,full_factorial
2183,architecture,36,main,M2,500,2,2,10,elliptical,normal,balanced,0.1,0.025,1,gaussian,0.2,isolated,uniform,2,0.1,20,False,500,49,,,121,130,core,full_factorial
2184,architecture,36,main,M2,500,2,2,10,elliptical,normal,balanced,0.1,0.025,1,gaussian,0.2,isolated,uniform,2,0.1,20,False,500,49,,,131,140,core,full_factorial
2185,architecture,36,main,M2,500,2,2,10,elliptical,normal,balanced,0.1,0.025,1,gaussian,0.2,isolated,uniform,2,0.1,20,False,500,49,,,141,150,core,full_factorial
2186,architecture,36,main,M2,500,2,2,10,elliptical,normal,balanced,0.1,0.025,1,gaussian,0.2,isolated,uniform,2,0.1,20,False,500,49,,,151,160,core,full_factorial
2187,architecture,36,main,M2,500,2,2,10,elliptical,normal,balanced,0.1,0.025,1,gaussian,0.2,isolated,uniform,2,0.1,20,False,500,49,,,161,170,core,full_factorial
2188,architecture,36,main,M2,500,2,2,10,elliptical,normal,balanced,0.1,0.025,1,gaussian,0.2,isolated,uniform,2,0.1,20,False,500,49,,,171,180,core,full_factorial
2189,architecture,36,main,M2,500,2,2,10,elliptical,normal,balanced,0.1,0.025,1,gaussian,0.2,isolated,uniform,2,0.1,20,False,500,49,,,181,190,core,full_factorial
2190,architecture,36,main,M2,500,2,2,10,elliptical,normal,balanced,0.1,0.025,1,gaussian,0.2,isolated,uniform,2,0.1,20,False,500,49,,,191,200,core,full_factorial
2191,architecture,36,main,M2,500,2,2,10,elliptical,normal,balanced,0.1,0.025,1,gaussian,0.2,isolated,uniform,2,0.1,20,False,500,49,,,201,210,core,full_factorial
2192,architecture,36,main,M2,500,2,2,10,elliptical,normal,balanced,0.1,0.025,1,gaussian,0.2,isolated,uniform,2,0.1,20,False,500,49,,,211,220,core,full_factorial
2193,architecture,36,main,M2,500,2,2,10,elliptical,normal,balanced,0.1,0.025,1,gaussian,0.2,isolated,uniform,2,0.1,20,False,500,49,,,221,230,core,full_factorial
2194,architecture,36,main,M2,500,2,2,10,elliptical,normal,balanced,0.1,0.025,1,gaussian,0.2,isolated,uniform,2,0.1,20,False,500,49,,,231,240,core,full_factorial
2195,architecture,36,main,M2,500,2,2,10,elliptical,normal,balanced,0.1,0.025,1,gaussian,0.2,isolated,uniform,2,0.1,20,False,500,49,,,241,250,core,full_factorial
2196,architecture,36,main,M2,500,2,2,10,elliptical,normal,balanced,0.1,0.025,1,gaussian,0.2,isolated,uniform,2,0.1,20,False,500,49,,,251,260,core,full_factorial
2197,architecture,36,main,M2,500,2,2,10,elliptical,normal,balanced,0.1,0.025,1,gaussian,0.2,isolated,uniform,2,0.1,20,False,500,49,,,261,270,core,full_factorial
2198,architecture,36,main,M2,500,2,2,10,elliptical,normal,balanced,0.1,0.025,1,gaussian,0.2,isolated,uniform,2,0.1,20,False,500,49,,,271,280,core,full_factorial
2199,architecture,36,main,M2,500,2,2,10,elliptical,normal,balanced,0.1,0.025,1,gaussian,0.2,isolated,uniform,2,0.1,20,False,500,49,,,281,290,core,full_factorial
2200,architecture,36,main,M2,500,2,2,10,elliptical,normal,balanced,0.1,0.025,1,gaussian,0.2,isolated,uniform,2,0.1,20,False,500,49,,,291,300,core,full_factorial
2201,architecture,37,main,M2,500,5,2,6,spherical,normal,balanced,0.1,0.025,1,gaussian,0.2,isolated,uniform,2,0.1,20,False,500,49,,,1,10,core,full_factorial
2202,architecture,37,main,M2,500,5,2,6,spherical,normal,balanced,0.1,0.025,1,gaussian,0.2,isolated,uniform,2,0.1,20,False,500,49,,,11,20,core,full_factorial
2203,architecture,37,main,M2,500,5,2,6,spherical,normal,balanced,0.1,0.025,1,gaussian,0.2,isolated,uniform,2,0.1,20,False,500,49,,,21,30,core,full_factorial
2204,architecture,37,main,M2,500,5,2,6,spherical,normal,balanced,0.1,0.025,1,gaussian,0.2,isolated,uniform,2,0.1,20,False,500,49,,,31,40,core,full_factorial
2205,architecture,37,main,M2,500,5,2,6,spherical,normal,balanced,0.1,0.025,1,gaussian,0.2,isolated,uniform,2,0.1,20,False,500,49,,,41,50,core,full_factorial
2206,architecture,37,main,M2,500,5,2,6,spherical,normal,balanced,0.1,0.025,1,gaussian,0.2,isolated,uniform,2,0.1,20,False,500,49,,,51,60,core,full_factorial
2207,architecture,37,main,M2,500,5,2,6,spherical,normal,balanced,0.1,0.025,1,gaussian,0.2,isolated,uniform,2,0.1,20,False,500,49,,,61,70,core,full_factorial
2208,architecture,37,main,M2,500,5,2,6,spherical,normal,balanced,0.1,0.025,1,gaussian,0.2,isolated,uniform,2,0.1,20,False,500,49,,,71,80,core,full_factorial
2209,architecture,37,main,M2,500,5,2,6,spherical,normal,balanced,0.1,0.025,1,gaussian,0.2,isolated,uniform,2,0.1,20,False,500,49,,,81,90,core,full_factorial
2210,architecture,37,main,M2,500,5,2,6,spherical,normal,balanced,0.1,0.025,1,gaussian,0.2,isolated,uniform,2,0.1,20,False,500,49,,,91,100,core,full_factorial
2211,architecture,37,main,M2,500,5,2,6,spherical,normal,balanced,0.1,0.025,1,gaussian,0.2,isolated,uniform,2,0.1,20,False,500,49,,,101,110,core,full_factorial
2212,architecture,37,main,M2,500,5,2,6,spherical,normal,balanced,0.1,0.025,1,gaussian,0.2,isolated,uniform,2,0.1,20,False,500,49,,,111,120,core,full_factorial
2213,architecture,37,main,M2,500,5,2,6,spherical,normal,balanced,0.1,0.025,1,gaussian,0.2,isolated,uniform,2,0.1,20,False,500,49,,,121,130,core,full_factorial
2214,architecture,37,main,M2,500,5,2,6,spherical,normal,balanced,0.1,0.025,1,gaussian,0.2,isolated,uniform,2,0.1,20,False,500,49,,,131,140,core,full_factorial
2215,architecture,37,main,M2,500,5,2,6,spherical,normal,balanced,0.1,0.025,1,gaussian,0.2,isolated,uniform,2,0.1,20,False,500,49,,,141,150,core,full_factorial
2216,architecture,37,main,M2,500,5,2,6,spherical,normal,balanced,0.1,0.025,1,gaussian,0.2,isolated,uniform,2,0.1,20,False,500,49,,,151,160,core,full_factorial
2217,architecture,37,main,M2,500,5,2,6,spherical,normal,balanced,0.1,0.025,1,gaussian,0.2,isolated,uniform,2,0.1,20,False,500,49,,,161,170,core,full_factorial
2218,architecture,37,main,M2,500,5,2,6,spherical,normal,balanced,0.1,0.025,1,gaussian,0.2,isolated,uniform,2,0.1,20,False,500,49,,,171,180,core,full_factorial
2219,architecture,37,main,M2,500,5,2,6,spherical,normal,balanced,0.1,0.025,1,gaussian,0.2,isolated,uniform,2,0.1,20,False,500,49,,,181,190,core,full_factorial
2220,architecture,37,main,M2,500,5,2,6,spherical,normal,balanced,0.1,0.025,1,gaussian,0.2,isolated,uniform,2,0.1,20,False,500,49,,,191,200,core,full_factorial
2221,architecture,37,main,M2,500,5,2,6,spherical,normal,balanced,0.1,0.025,1,gaussian,0.2,isolated,uniform,2,0.1,20,False,500,49,,,201,210,core,full_factorial
2222,architecture,37,main,M2,500,5,2,6,spherical,normal,balanced,0.1,0.025,1,gaussian,0.2,isolated,uniform,2,0.1,20,False,500,49,,,211,220,core,full_factorial
2223,architecture,37,main,M2,500,5,2,6,spherical,normal,balanced,0.1,0.025,1,gaussian,0.2,isolated,uniform,2,0.1,20,False,500,49,,,221,230,core,full_factorial
2224,architecture,37,main,M2,500,5,2,6,spherical,normal,balanced,0.1,0.025,1,gaussian,0.2,isolated,uniform,2,0.1,20,False,500,49,,,231,240,core,full_factorial
2225,architecture,37,main,M2,500,5,2,6,spherical,normal,balanced,0.1,0.025,1,gaussian,0.2,isolated,uniform,2,0.1,20,False,500,49,,,241,250,core,full_factorial
2226,architecture,37,main,M2,500,5,2,6,spherical,normal,balanced,0.1,0.025,1,gaussian,0.2,isolated,uniform,2,0.1,20,False,500,49,,,251,260,core,full_factorial
2227,architecture,37,main,M2,500,5,2,6,spherical,normal,balanced,0.1,0.025,1,gaussian,0.2,isolated,uniform,2,0.1,20,False,500,49,,,261,270,core,full_factorial
2228,architecture,37,main,M2,500,5,2,6,spherical,normal,balanced,0.1,0.025,1,gaussian,0.2,isolated,uniform,2,0.1,20,False,500,49,,,271,280,core,full_factorial
2229,architecture,37,main,M2,500,5,2,6,spherical,normal,balanced,0.1,0.025,1,gaussian,0.2,isolated,uniform,2,0.1,20,False,500,49,,,281,290,core,full_factorial
2230,architecture,37,main,M2,500,5,2,6,spherical,normal,balanced,0.1,0.025,1,gaussian,0.2,isolated,uniform,2,0.1,20,False,500,49,,,291,300,core,full_factorial
2231,architecture,38,main,M2,500,5,2,10,spherical,normal,balanced,0.1,0.025,1,gaussian,0.2,isolated,uniform,2,0.1,20,False,500,49,,,1,10,core,full_factorial
2232,architecture,38,main,M2,500,5,2,10,spherical,normal,balanced,0.1,0.025,1,gaussian,0.2,isolated,uniform,2,0.1,20,False,500,49,,,11,20,core,full_factorial
2233,architecture,38,main,M2,500,5,2,10,spherical,normal,balanced,0.1,0.025,1,gaussian,0.2,isolated,uniform,2,0.1,20,False,500,49,,,21,30,core,full_factorial
2234,architecture,38,main,M2,500,5,2,10,spherical,normal,balanced,0.1,0.025,1,gaussian,0.2,isolated,uniform,2,0.1,20,False,500,49,,,31,40,core,full_factorial
2235,architecture,38,main,M2,500,5,2,10,spherical,normal,balanced,0.1,0.025,1,gaussian,0.2,isolated,uniform,2,0.1,20,False,500,49,,,41,50,core,full_factorial
2236,architecture,38,main,M2,500,5,2,10,spherical,normal,balanced,0.1,0.025,1,gaussian,0.2,isolated,uniform,2,0.1,20,False,500,49,,,51,60,core,full_factorial
2237,architecture,38,main,M2,500,5,2,10,spherical,normal,balanced,0.1,0.025,1,gaussian,0.2,isolated,uniform,2,0.1,20,False,500,49,,,61,70,core,full_factorial
2238,architecture,38,main,M2,500,5,2,10,spherical,normal,balanced,0.1,0.025,1,gaussian,0.2,isolated,uniform,2,0.1,20,False,500,49,,,71,80,core,full_factorial
2239,architecture,38,main,M2,500,5,2,10,spherical,normal,balanced,0.1,0.025,1,gaussian,0.2,isolated,uniform,2,0.1,20,False,500,49,,,81,90,core,full_factorial
2240,architecture,38,main,M2,500,5,2,10,spherical,normal,balanced,0.1,0.025,1,gaussian,0.2,isolated,uniform,2,0.1,20,False,500,49,,,91,100,core,full_factorial
2241,architecture,38,main,M2,500,5,2,10,spherical,normal,balanced,0.1,0.025,1,gaussian,0.2,isolated,uniform,2,0.1,20,False,500,49,,,101,110,core,full_factorial
2242,architecture,38,main,M2,500,5,2,10,spherical,normal,balanced,0.1,0.025,1,gaussian,0.2,isolated,uniform,2,0.1,20,False,500,49,,,111,120,core,full_factorial
2243,architecture,38,main,M2,500,5,2,10,spherical,normal,balanced,0.1,0.025,1,gaussian,0.2,isolated,uniform,2,0.1,20,False,500,49,,,121,130,core,full_factorial
2244,architecture,38,main,M2,500,5,2,10,spherical,normal,balanced,0.1,0.025,1,gaussian,0.2,isolated,uniform,2,0.1,20,False,500,49,,,131,140,core,full_factorial
2245,architecture,38,main,M2,500,5,2,10,spherical,normal,balanced,0.1,0.025,1,gaussian,0.2,isolated,uniform,2,0.1,20,False,500,49,,,141,150,core,full_factorial
2246,architecture,38,main,M2,500,5,2,10,spherical,normal,balanced,0.1,0.025,1,gaussian,0.2,isolated,uniform,2,0.1,20,False,500,49,,,151,160,core,full_factorial
2247,architecture,38,main,M2,500,5,2,10,spherical,normal,balanced,0.1,0.025,1,gaussian,0.2,isolated,uniform,2,0.1,20,False,500,49,,,161,170,core,full_factorial
2248,architecture,38,main,M2,500,5,2,10,spherical,normal,balanced,0.1,0.025,1,gaussian,0.2,isolated,uniform,2,0.1,20,False,500,49,,,171,180,core,full_factorial
2249,architecture,38,main,M2,500,5,2,10,spherical,normal,balanced,0.1,0.025,1,gaussian,0.2,isolated,uniform,2,0.1,20,False,500,49,,,181,190,core,full_factorial
2250,architecture,38,main,M2,500,5,2,10,spherical,normal,balanced,0.1,0.025,1,gaussian,0.2,isolated,uniform,2,0.1,20,False,500,49,,,191,200,core,full_factorial
2251,architecture,38,main,M2,500,5,2,10,spherical,normal,balanced,0.1,0.025,1,gaussian,0.2,isolated,uniform,2,0.1,20,False,500,49,,,201,210,core,full_factorial
2252,architecture,38,main,M2,500,5,2,10,spherical,normal,balanced,0.1,0.025,1,gaussian,0.2,isolated,uniform,2,0.1,20,False,500,49,,,211,220,core,full_factorial
2253,architecture,38,main,M2,500,5,2,10,spherical,normal,balanced,0.1,0.025,1,gaussian,0.2,isolated,uniform,2,0.1,20,False,500,49,,,221,230,core,full_factorial
2254,architecture,38,main,M2,500,5,2,10,spherical,normal,balanced,0.1,0.025,1,gaussian,0.2,isolated,uniform,2,0.1,20,False,500,49,,,231,240,core,full_factorial
2255,architecture,38,main,M2,500,5,2,10,spherical,normal,balanced,0.1,0.025,1,gaussian,0.2,isolated,uniform,2,0.1,20,False,500,49,,,241,250,core,full_factorial
2256,architecture,38,main,M2,500,5,2,10,spherical,normal,balanced,0.1,0.025,1,gaussian,0.2,isolated,uniform,2,0.1,20,False,500,49,,,251,260,core,full_factorial
2257,architecture,38,main,M2,500,5,2,10,spherical,normal,balanced,0.1,0.025,1,gaussian,0.2,isolated,uniform,2,0.1,20,False,500,49,,,261,270,core,full_factorial
2258,architecture,38,main,M2,500,5,2,10,spherical,normal,balanced,0.1,0.025,1,gaussian,0.2,isolated,uniform,2,0.1,20,False,500,49,,,271,280,core,full_factorial
2259,architecture,38,main,M2,500,5,2,10,spherical,normal,balanced,0.1,0.025,1,gaussian,0.2,isolated,uniform,2,0.1,20,False,500,49,,,281,290,core,full_factorial
2260,architecture,38,main,M2,500,5,2,10,spherical,normal,balanced,0.1,0.025,1,gaussian,0.2,isolated,uniform,2,0.1,20,False,500,49,,,291,300,core,full_factorial
2261,architecture,39,main,M2,500,5,2,6,elliptical,normal,balanced,0.1,0.025,1,gaussian,0.2,isolated,uniform,2,0.1,20,False,500,49,,,1,10,core,full_factorial
2262,architecture,39,main,M2,500,5,2,6,elliptical,normal,balanced,0.1,0.025,1,gaussian,0.2,isolated,uniform,2,0.1,20,False,500,49,,,11,20,core,full_factorial
2263,architecture,39,main,M2,500,5,2,6,elliptical,normal,balanced,0.1,0.025,1,gaussian,0.2,isolated,uniform,2,0.1,20,False,500,49,,,21,30,core,full_factorial
2264,architecture,39,main,M2,500,5,2,6,elliptical,normal,balanced,0.1,0.025,1,gaussian,0.2,isolated,uniform,2,0.1,20,False,500,49,,,31,40,core,full_factorial
2265,architecture,39,main,M2,500,5,2,6,elliptical,normal,balanced,0.1,0.025,1,gaussian,0.2,isolated,uniform,2,0.1,20,False,500,49,,,41,50,core,full_factorial
2266,architecture,39,main,M2,500,5,2,6,elliptical,normal,balanced,0.1,0.025,1,gaussian,0.2,isolated,uniform,2,0.1,20,False,500,49,,,51,60,core,full_factorial
2267,architecture,39,main,M2,500,5,2,6,elliptical,normal,balanced,0.1,0.025,1,gaussian,0.2,isolated,uniform,2,0.1,20,False,500,49,,,61,70,core,full_factorial
2268,architecture,39,main,M2,500,5,2,6,elliptical,normal,balanced,0.1,0.025,1,gaussian,0.2,isolated,uniform,2,0.1,20,False,500,49,,,71,80,core,full_factorial
2269,architecture,39,main,M2,500,5,2,6,elliptical,normal,balanced,0.1,0.025,1,gaussian,0.2,isolated,uniform,2,0.1,20,False,500,49,,,81,90,core,full_factorial
2270,architecture,39,main,M2,500,5,2,6,elliptical,normal,balanced,0.1,0.025,1,gaussian,0.2,isolated,uniform,2,0.1,20,False,500,49,,,91,100,core,full_factorial
2271,architecture,39,main,M2,500,5,2,6,elliptical,normal,balanced,0.1,0.025,1,gaussian,0.2,isolated,uniform,2,0.1,20,False,500,49,,,101,110,core,full_factorial
2272,architecture,39,main,M2,500,5,2,6,elliptical,normal,balanced,0.1,0.025,1,gaussian,0.2,isolated,uniform,2,0.1,20,False,500,49,,,111,120,core,full_factorial
2273,architecture,39,main,M2,500,5,2,6,elliptical,normal,balanced,0.1,0.025,1,gaussian,0.2,isolated,uniform,2,0.1,20,False,500,49,,,121,130,core,full_factorial
2274,architecture,39,main,M2,500,5,2,6,elliptical,normal,balanced,0.1,0.025,1,gaussian,0.2,isolated,uniform,2,0.1,20,False,500,49,,,131,140,core,full_factorial
2275,architecture,39,main,M2,500,5,2,6,elliptical,normal,balanced,0.1,0.025,1,gaussian,0.2,isolated,uniform,2,0.1,20,False,500,49,,,141,150,core,full_factorial
2276,architecture,39,main,M2,500,5,2,6,elliptical,normal,balanced,0.1,0.025,1,gaussian,0.2,isolated,uniform,2,0.1,20,False,500,49,,,151,160,core,full_factorial
2277,architecture,39,main,M2,500,5,2,6,elliptical,normal,balanced,0.1,0.025,1,gaussian,0.2,isolated,uniform,2,0.1,20,False,500,49,,,161,170,core,full_factorial
2278,architecture,39,main,M2,500,5,2,6,elliptical,normal,balanced,0.1,0.025,1,gaussian,0.2,isolated,uniform,2,0.1,20,False,500,49,,,171,180,core,full_factorial
2279,architecture,39,main,M2,500,5,2,6,elliptical,normal,balanced,0.1,0.025,1,gaussian,0.2,isolated,uniform,2,0.1,20,False,500,49,,,181,190,core,full_factorial
2280,architecture,39,main,M2,500,5,2,6,elliptical,normal,balanced,0.1,0.025,1,gaussian,0.2,isolated,uniform,2,0.1,20,False,500,49,,,191,200,core,full_factorial
2281,architecture,39,main,M2,500,5,2,6,elliptical,normal,balanced,0.1,0.025,1,gaussian,0.2,isolated,uniform,2,0.1,20,False,500,49,,,201,210,core,full_factorial
2282,architecture,39,main,M2,500,5,2,6,elliptical,normal,balanced,0.1,0.025,1,gaussian,0.2,isolated,uniform,2,0.1,20,False,500,49,,,211,220,core,full_factorial
2283,architecture,39,main,M2,500,5,2,6,elliptical,normal,balanced,0.1,0.025,1,gaussian,0.2,isolated,uniform,2,0.1,20,False,500,49,,,221,230,core,full_factorial
2284,architecture,39,main,M2,500,5,2,6,elliptical,normal,balanced,0.1,0.025,1,gaussian,0.2,isolated,uniform,2,0.1,20,False,500,49,,,231,240,core,full_factorial
2285,architecture,39,main,M2,500,5,2,6,elliptical,normal,balanced,0.1,0.025,1,gaussian,0.2,isolated,uniform,2,0.1,20,False,500,49,,,241,250,core,full_factorial
2286,architecture,39,main,M2,500,5,2,6,elliptical,normal,balanced,0.1,0.025,1,gaussian,0.2,isolated,uniform,2,0.1,20,False,500,49,,,251,260,core,full_factorial
2287,architecture,39,main,M2,500,5,2,6,elliptical,normal,balanced,0.1,0.025,1,gaussian,0.2,isolated,uniform,2,0.1,20,False,500,49,,,261,270,core,full_factorial
2288,architecture,39,main,M2,500,5,2,6,elliptical,normal,balanced,0.1,0.025,1,gaussian,0.2,isolated,uniform,2,0.1,20,False,500,49,,,271,280,core,full_factorial
2289,architecture,39,main,M2,500,5,2,6,elliptical,normal,balanced,0.1,0.025,1,gaussian,0.2,isolated,uniform,2,0.1,20,False,500,49,,,281,290,core,full_factorial
2290,architecture,39,main,M2,500,5,2,6,elliptical,normal,balanced,0.1,0.025,1,gaussian,0.2,isolated,uniform,2,0.1,20,False,500,49,,,291,300,core,full_factorial
2291,architecture,40,main,M2,500,5,2,10,elliptical,normal,balanced,0.1,0.025,1,gaussian,0.2,isolated,uniform,2,0.1,20,False,500,49,,,1,10,core,full_factorial
2292,architecture,40,main,M2,500,5,2,10,elliptical,normal,balanced,0.1,0.025,1,gaussian,0.2,isolated,uniform,2,0.1,20,False,500,49,,,11,20,core,full_factorial
2293,architecture,40,main,M2,500,5,2,10,elliptical,normal,balanced,0.1,0.025,1,gaussian,0.2,isolated,uniform,2,0.1,20,False,500,49,,,21,30,core,full_factorial
2294,architecture,40,main,M2,500,5,2,10,elliptical,normal,balanced,0.1,0.025,1,gaussian,0.2,isolated,uniform,2,0.1,20,False,500,49,,,31,40,core,full_factorial
2295,architecture,40,main,M2,500,5,2,10,elliptical,normal,balanced,0.1,0.025,1,gaussian,0.2,isolated,uniform,2,0.1,20,False,500,49,,,41,50,core,full_factorial
2296,architecture,40,main,M2,500,5,2,10,elliptical,normal,balanced,0.1,0.025,1,gaussian,0.2,isolated,uniform,2,0.1,20,False,500,49,,,51,60,core,full_factorial
2297,architecture,40,main,M2,500,5,2,10,elliptical,normal,balanced,0.1,0.025,1,gaussian,0.2,isolated,uniform,2,0.1,20,False,500,49,,,61,70,core,full_factorial
2298,architecture,40,main,M2,500,5,2,10,elliptical,normal,balanced,0.1,0.025,1,gaussian,0.2,isolated,uniform,2,0.1,20,False,500,49,,,71,80,core,full_factorial
2299,architecture,40,main,M2,500,5,2,10,elliptical,normal,balanced,0.1,0.025,1,gaussian,0.2,isolated,uniform,2,0.1,20,False,500,49,,,81,90,core,full_factorial
2300,architecture,40,main,M2,500,5,2,10,elliptical,normal,balanced,0.1,0.025,1,gaussian,0.2,isolated,uniform,2,0.1,20,False,500,49,,,91,100,core,full_factorial
2301,architecture,40,main,M2,500,5,2,10,elliptical,normal,balanced,0.1,0.025,1,gaussian,0.2,isolated,uniform,2,0.1,20,False,500,49,,,101,110,core,full_factorial
2302,architecture,40,main,M2,500,5,2,10,elliptical,normal,balanced,0.1,0.025,1,gaussian,0.2,isolated,uniform,2,0.1,20,False,500,49,,,111,120,core,full_factorial
2303,architecture,40,main,M2,500,5,2,10,elliptical,normal,balanced,0.1,0.025,1,gaussian,0.2,isolated,uniform,2,0.1,20,False,500,49,,,121,130,core,full_factorial
2304,architecture,40,main,M2,500,5,2,10,elliptical,normal,balanced,0.1,0.025,1,gaussian,0.2,isolated,uniform,2,0.1,20,False,500,49,,,131,140,core,full_factorial
2305,architecture,40,main,M2,500,5,2,10,elliptical,normal,balanced,0.1,0.025,1,gaussian,0.2,isolated,uniform,2,0.1,20,False,500,49,,,141,150,core,full_factorial
2306,architecture,40,main,M2,500,5,2,10,elliptical,normal,balanced,0.1,0.025,1,gaussian,0.2,isolated,uniform,2,0.1,20,False,500,49,,,151,160,core,full_factorial
2307,architecture,40,main,M2,500,5,2,10,elliptical,normal,balanced,0.1,0.025,1,gaussian,0.2,isolated,uniform,2,0.1,20,False,500,49,,,161,170,core,full_factorial
2308,architecture,40,main,M2,500,5,2,10,elliptical,normal,balanced,0.1,0.025,1,gaussian,0.2,isolated,uniform,2,0.1,20,False,500,49,,,171,180,core,full_factorial
2309,architecture,40,main,M2,500,5,2,10,elliptical,normal,balanced,0.1,0.025,1,gaussian,0.2,isolated,uniform,2,0.1,20,False,500,49,,,181,190,core,full_factorial
2310,architecture,40,main,M2,500,5,2,10,elliptical,normal,balanced,0.1,0.025,1,gaussian,0.2,isolated,uniform,2,0.1,20,False,500,49,,,191,200,core,full_factorial
2311,architecture,40,main,M2,500,5,2,10,elliptical,normal,balanced,0.1,0.025,1,gaussian,0.2,isolated,uniform,2,0.1,20,False,500,49,,,201,210,core,full_factorial
2312,architecture,40,main,M2,500,5,2,10,elliptical,normal,balanced,0.1,0.025,1,gaussian,0.2,isolated,uniform,2,0.1,20,False,500,49,,,211,220,core,full_factorial
2313,architecture,40,main,M2,500,5,2,10,elliptical,normal,balanced,0.1,0.025,1,gaussian,0.2,isolated,uniform,2,0.1,20,False,500,49,,,221,230,core,full_factorial
2314,architecture,40,main,M2,500,5,2,10,elliptical,normal,balanced,0.1,0.025,1,gaussian,0.2,isolated,uniform,2,0.1,20,False,500,49,,,231,240,core,full_factorial
2315,architecture,40,main,M2,500,5,2,10,elliptical,normal,balanced,0.1,0.025,1,gaussian,0.2,isolated,uniform,2,0.1,20,False,500,49,,,241,250,core,full_factorial
2316,architecture,40,main,M2,500,5,2,10,elliptical,normal,balanced,0.1,0.025,1,gaussian,0.2,isolated,uniform,2,0.1,20,False,500,49,,,251,260,core,full_factorial
2317,architecture,40,main,M2,500,5,2,10,elliptical,normal,balanced,0.1,0.025,1,gaussian,0.2,isolated,uniform,2,0.1,20,False,500,49,,,261,270,core,full_factorial
2318,architecture,40,main,M2,500,5,2,10,elliptical,normal,balanced,0.1,0.025,1,gaussian,0.2,isolated,uniform,2,0.1,20,False,500,49,,,271,280,core,full_factorial
2319,architecture,40,main,M2,500,5,2,10,elliptical,normal,balanced,0.1,0.025,1,gaussian,0.2,isolated,uniform,2,0.1,20,False,500,49,,,281,290,core,full_factorial
2320,architecture,40,main,M2,500,5,2,10,elliptical,normal,balanced,0.1,0.025,1,gaussian,0.2,isolated,uniform,2,0.1,20,False,500,49,,,291,300,core,full_factorial
2321,architecture,41,main,M2,1000,2,2,6,spherical,normal,balanced,0.1,0.025,1,gaussian,0.2,isolated,uniform,2,0.1,20,False,500,49,,,1,10,core,full_factorial
2322,architecture,41,main,M2,1000,2,2,6,spherical,normal,balanced,0.1,0.025,1,gaussian,0.2,isolated,uniform,2,0.1,20,False,500,49,,,11,20,core,full_factorial
2323,architecture,41,main,M2,1000,2,2,6,spherical,normal,balanced,0.1,0.025,1,gaussian,0.2,isolated,uniform,2,0.1,20,False,500,49,,,21,30,core,full_factorial
2324,architecture,41,main,M2,1000,2,2,6,spherical,normal,balanced,0.1,0.025,1,gaussian,0.2,isolated,uniform,2,0.1,20,False,500,49,,,31,40,core,full_factorial
2325,architecture,41,main,M2,1000,2,2,6,spherical,normal,balanced,0.1,0.025,1,gaussian,0.2,isolated,uniform,2,0.1,20,False,500,49,,,41,50,core,full_factorial
2326,architecture,41,main,M2,1000,2,2,6,spherical,normal,balanced,0.1,0.025,1,gaussian,0.2,isolated,uniform,2,0.1,20,False,500,49,,,51,60,core,full_factorial
2327,architecture,41,main,M2,1000,2,2,6,spherical,normal,balanced,0.1,0.025,1,gaussian,0.2,isolated,uniform,2,0.1,20,False,500,49,,,61,70,core,full_factorial
2328,architecture,41,main,M2,1000,2,2,6,spherical,normal,balanced,0.1,0.025,1,gaussian,0.2,isolated,uniform,2,0.1,20,False,500,49,,,71,80,core,full_factorial
2329,architecture,41,main,M2,1000,2,2,6,spherical,normal,balanced,0.1,0.025,1,gaussian,0.2,isolated,uniform,2,0.1,20,False,500,49,,,81,90,core,full_factorial
2330,architecture,41,main,M2,1000,2,2,6,spherical,normal,balanced,0.1,0.025,1,gaussian,0.2,isolated,uniform,2,0.1,20,False,500,49,,,91,100,core,full_factorial
2331,architecture,41,main,M2,1000,2,2,6,spherical,normal,balanced,0.1,0.025,1,gaussian,0.2,isolated,uniform,2,0.1,20,False,500,49,,,101,110,core,full_factorial
2332,architecture,41,main,M2,1000,2,2,6,spherical,normal,balanced,0.1,0.025,1,gaussian,0.2,isolated,uniform,2,0.1,20,False,500,49,,,111,120,core,full_factorial
2333,architecture,41,main,M2,1000,2,2,6,spherical,normal,balanced,0.1,0.025,1,gaussian,0.2,isolated,uniform,2,0.1,20,False,500,49,,,121,130,core,full_factorial
2334,architecture,41,main,M2,1000,2,2,6,spherical,normal,balanced,0.1,0.025,1,gaussian,0.2,isolated,uniform,2,0.1,20,False,500,49,,,131,140,core,full_factorial
2335,architecture,41,main,M2,1000,2,2,6,spherical,normal,balanced,0.1,0.025,1,gaussian,0.2,isolated,uniform,2,0.1,20,False,500,49,,,141,150,core,full_factorial
2336,architecture,41,main,M2,1000,2,2,6,spherical,normal,balanced,0.1,0.025,1,gaussian,0.2,isolated,uniform,2,0.1,20,False,500,49,,,151,160,core,full_factorial
2337,architecture,41,main,M2,1000,2,2,6,spherical,normal,balanced,0.1,0.025,1,gaussian,0.2,isolated,uniform,2,0.1,20,False,500,49,,,161,170,core,full_factorial
2338,architecture,41,main,M2,1000,2,2,6,spherical,normal,balanced,0.1,0.025,1,gaussian,0.2,isolated,uniform,2,0.1,20,False,500,49,,,171,180,core,full_factorial
2339,architecture,41,main,M2,1000,2,2,6,spherical,normal,balanced,0.1,0.025,1,gaussian,0.2,isolated,uniform,2,0.1,20,False,500,49,,,181,190,core,full_factorial
2340,architecture,41,main,M2,1000,2,2,6,spherical,normal,balanced,0.1,0.025,1,gaussian,0.2,isolated,uniform,2,0.1,20,False,500,49,,,191,200,core,full_factorial
2341,architecture,41,main,M2,1000,2,2,6,spherical,normal,balanced,0.1,0.025,1,gaussian,0.2,isolated,uniform,2,0.1,20,False,500,49,,,201,210,core,full_factorial
2342,architecture,41,main,M2,1000,2,2,6,spherical,normal,balanced,0.1,0.025,1,gaussian,0.2,isolated,uniform,2,0.1,20,False,500,49,,,211,220,core,full_factorial
2343,architecture,41,main,M2,1000,2,2,6,spherical,normal,balanced,0.1,0.025,1,gaussian,0.2,isolated,uniform,2,0.1,20,False,500,49,,,221,230,core,full_factorial
2344,architecture,41,main,M2,1000,2,2,6,spherical,normal,balanced,0.1,0.025,1,gaussian,0.2,isolated,uniform,2,0.1,20,False,500,49,,,231,240,core,full_factorial
2345,architecture,41,main,M2,1000,2,2,6,spherical,normal,balanced,0.1,0.025,1,gaussian,0.2,isolated,uniform,2,0.1,20,False,500,49,,,241,250,core,full_factorial
2346,architecture,41,main,M2,1000,2,2,6,spherical,normal,balanced,0.1,0.025,1,gaussian,0.2,isolated,uniform,2,0.1,20,False,500,49,,,251,260,core,full_factorial
2347,architecture,41,main,M2,1000,2,2,6,spherical,normal,balanced,0.1,0.025,1,gaussian,0.2,isolated,uniform,2,0.1,20,False,500,49,,,261,270,core,full_factorial
2348,architecture,41,main,M2,1000,2,2,6,spherical,normal,balanced,0.1,0.025,1,gaussian,0.2,isolated,uniform,2,0.1,20,False,500,49,,,271,280,core,full_factorial
2349,architecture,41,main,M2,1000,2,2,6,spherical,normal,balanced,0.1,0.025,1,gaussian,0.2,isolated,uniform,2,0.1,20,False,500,49,,,281,290,core,full_factorial
2350,architecture,41,main,M2,1000,2,2,6,spherical,normal,balanced,0.1,0.025,1,gaussian,0.2,isolated,uniform,2,0.1,20,False,500,49,,,291,300,core,full_factorial
2351,architecture,42,main,M2,1000,2,2,10,spherical,normal,balanced,0.1,0.025,1,gaussian,0.2,isolated,uniform,2,0.1,20,False,500,49,,,1,10,core,full_factorial
2352,architecture,42,main,M2,1000,2,2,10,spherical,normal,balanced,0.1,0.025,1,gaussian,0.2,isolated,uniform,2,0.1,20,False,500,49,,,11,20,core,full_factorial
2353,architecture,42,main,M2,1000,2,2,10,spherical,normal,balanced,0.1,0.025,1,gaussian,0.2,isolated,uniform,2,0.1,20,False,500,49,,,21,30,core,full_factorial
2354,architecture,42,main,M2,1000,2,2,10,spherical,normal,balanced,0.1,0.025,1,gaussian,0.2,isolated,uniform,2,0.1,20,False,500,49,,,31,40,core,full_factorial
2355,architecture,42,main,M2,1000,2,2,10,spherical,normal,balanced,0.1,0.025,1,gaussian,0.2,isolated,uniform,2,0.1,20,False,500,49,,,41,50,core,full_factorial
2356,architecture,42,main,M2,1000,2,2,10,spherical,normal,balanced,0.1,0.025,1,gaussian,0.2,isolated,uniform,2,0.1,20,False,500,49,,,51,60,core,full_factorial
2357,architecture,42,main,M2,1000,2,2,10,spherical,normal,balanced,0.1,0.025,1,gaussian,0.2,isolated,uniform,2,0.1,20,False,500,49,,,61,70,core,full_factorial
2358,architecture,42,main,M2,1000,2,2,10,spherical,normal,balanced,0.1,0.025,1,gaussian,0.2,isolated,uniform,2,0.1,20,False,500,49,,,71,80,core,full_factorial
2359,architecture,42,main,M2,1000,2,2,10,spherical,normal,balanced,0.1,0.025,1,gaussian,0.2,isolated,uniform,2,0.1,20,False,500,49,,,81,90,core,full_factorial
2360,architecture,42,main,M2,1000,2,2,10,spherical,normal,balanced,0.1,0.025,1,gaussian,0.2,isolated,uniform,2,0.1,20,False,500,49,,,91,100,core,full_factorial
2361,architecture,42,main,M2,1000,2,2,10,spherical,normal,balanced,0.1,0.025,1,gaussian,0.2,isolated,uniform,2,0.1,20,False,500,49,,,101,110,core,full_factorial
2362,architecture,42,main,M2,1000,2,2,10,spherical,normal,balanced,0.1,0.025,1,gaussian,0.2,isolated,uniform,2,0.1,20,False,500,49,,,111,120,core,full_factorial
2363,architecture,42,main,M2,1000,2,2,10,spherical,normal,balanced,0.1,0.025,1,gaussian,0.2,isolated,uniform,2,0.1,20,False,500,49,,,121,130,core,full_factorial
2364,architecture,42,main,M2,1000,2,2,10,spherical,normal,balanced,0.1,0.025,1,gaussian,0.2,isolated,uniform,2,0.1,20,False,500,49,,,131,140,core,full_factorial
2365,architecture,42,main,M2,1000,2,2,10,spherical,normal,balanced,0.1,0.025,1,gaussian,0.2,isolated,uniform,2,0.1,20,False,500,49,,,141,150,core,full_factorial
2366,architecture,42,main,M2,1000,2,2,10,spherical,normal,balanced,0.1,0.025,1,gaussian,0.2,isolated,uniform,2,0.1,20,False,500,49,,,151,160,core,full_factorial
2367,architecture,42,main,M2,1000,2,2,10,spherical,normal,balanced,0.1,0.025,1,gaussian,0.2,isolated,uniform,2,0.1,20,False,500,49,,,161,170,core,full_factorial
2368,architecture,42,main,M2,1000,2,2,10,spherical,normal,balanced,0.1,0.025,1,gaussian,0.2,isolated,uniform,2,0.1,20,False,500,49,,,171,180,core,full_factorial
2369,architecture,42,main,M2,1000,2,2,10,spherical,normal,balanced,0.1,0.025,1,gaussian,0.2,isolated,uniform,2,0.1,20,False,500,49,,,181,190,core,full_factorial
2370,architecture,42,main,M2,1000,2,2,10,spherical,normal,balanced,0.1,0.025,1,gaussian,0.2,isolated,uniform,2,0.1,20,False,500,49,,,191,200,core,full_factorial
2371,architecture,42,main,M2,1000,2,2,10,spherical,normal,balanced,0.1,0.025,1,gaussian,0.2,isolated,uniform,2,0.1,20,False,500,49,,,201,210,core,full_factorial
2372,architecture,42,main,M2,1000,2,2,10,spherical,normal,balanced,0.1,0.025,1,gaussian,0.2,isolated,uniform,2,0.1,20,False,500,49,,,211,220,core,full_factorial
2373,architecture,42,main,M2,1000,2,2,10,spherical,normal,balanced,0.1,0.025,1,gaussian,0.2,isolated,uniform,2,0.1,20,False,500,49,,,221,230,core,full_factorial
2374,architecture,42,main,M2,1000,2,2,10,spherical,normal,balanced,0.1,0.025,1,gaussian,0.2,isolated,uniform,2,0.1,20,False,500,49,,,231,240,core,full_factorial
2375,architecture,42,main,M2,1000,2,2,10,spherical,normal,balanced,0.1,0.025,1,gaussian,0.2,isolated,uniform,2,0.1,20,False,500,49,,,241,250,core,full_factorial
2376,architecture,42,main,M2,1000,2,2,10,spherical,normal,balanced,0.1,0.025,1,gaussian,0.2,isolated,uniform,2,0.1,20,False,500,49,,,251,260,core,full_factorial
2377,architecture,42,main,M2,1000,2,2,10,spherical,normal,balanced,0.1,0.025,1,gaussian,0.2,isolated,uniform,2,0.1,20,False,500,49,,,261,270,core,full_factorial
2378,architecture,42,main,M2,1000,2,2,10,spherical,normal,balanced,0.1,0.025,1,gaussian,0.2,isolated,uniform,2,0.1,20,False,500,49,,,271,280,core,full_factorial
2379,architecture,42,main,M2,1000,2,2,10,spherical,normal,balanced,0.1,0.025,1,gaussian,0.2,isolated,uniform,2,0.1,20,False,500,49,,,281,290,core,full_factorial
2380,architecture,42,main,M2,1000,2,2,10,spherical,normal,balanced,0.1,0.025,1,gaussian,0.2,isolated,uniform,2,0.1,20,False,500,49,,,291,300,core,full_factorial
2381,architecture,43,main,M2,1000,2,2,6,elliptical,normal,balanced,0.1,0.025,1,gaussian,0.2,isolated,uniform,2,0.1,20,False,500,49,,,1,10,core,full_factorial
2382,architecture,43,main,M2,1000,2,2,6,elliptical,normal,balanced,0.1,0.025,1,gaussian,0.2,isolated,uniform,2,0.1,20,False,500,49,,,11,20,core,full_factorial
2383,architecture,43,main,M2,1000,2,2,6,elliptical,normal,balanced,0.1,0.025,1,gaussian,0.2,isolated,uniform,2,0.1,20,False,500,49,,,21,30,core,full_factorial
2384,architecture,43,main,M2,1000,2,2,6,elliptical,normal,balanced,0.1,0.025,1,gaussian,0.2,isolated,uniform,2,0.1,20,False,500,49,,,31,40,core,full_factorial
2385,architecture,43,main,M2,1000,2,2,6,elliptical,normal,balanced,0.1,0.025,1,gaussian,0.2,isolated,uniform,2,0.1,20,False,500,49,,,41,50,core,full_factorial
2386,architecture,43,main,M2,1000,2,2,6,elliptical,normal,balanced,0.1,0.025,1,gaussian,0.2,isolated,uniform,2,0.1,20,False,500,49,,,51,60,core,full_factorial
2387,architecture,43,main,M2,1000,2,2,6,elliptical,normal,balanced,0.1,0.025,1,gaussian,0.2,isolated,uniform,2,0.1,20,False,500,49,,,61,70,core,full_factorial
2388,architecture,43,main,M2,1000,2,2,6,elliptical,normal,balanced,0.1,0.025,1,gaussian,0.2,isolated,uniform,2,0.1,20,False,500,49,,,71,80,core,full_factorial
2389,architecture,43,main,M2,1000,2,2,6,elliptical,normal,balanced,0.1,0.025,1,gaussian,0.2,isolated,uniform,2,0.1,20,False,500,49,,,81,90,core,full_factorial
2390,architecture,43,main,M2,1000,2,2,6,elliptical,normal,balanced,0.1,0.025,1,gaussian,0.2,isolated,uniform,2,0.1,20,False,500,49,,,91,100,core,full_factorial
2391,architecture,43,main,M2,1000,2,2,6,elliptical,normal,balanced,0.1,0.025,1,gaussian,0.2,isolated,uniform,2,0.1,20,False,500,49,,,101,110,core,full_factorial
2392,architecture,43,main,M2,1000,2,2,6,elliptical,normal,balanced,0.1,0.025,1,gaussian,0.2,isolated,uniform,2,0.1,20,False,500,49,,,111,120,core,full_factorial
2393,architecture,43,main,M2,1000,2,2,6,elliptical,normal,balanced,0.1,0.025,1,gaussian,0.2,isolated,uniform,2,0.1,20,False,500,49,,,121,130,core,full_factorial
2394,architecture,43,main,M2,1000,2,2,6,elliptical,normal,balanced,0.1,0.025,1,gaussian,0.2,isolated,uniform,2,0.1,20,False,500,49,,,131,140,core,full_factorial
2395,architecture,43,main,M2,1000,2,2,6,elliptical,normal,balanced,0.1,0.025,1,gaussian,0.2,isolated,uniform,2,0.1,20,False,500,49,,,141,150,core,full_factorial
2396,architecture,43,main,M2,1000,2,2,6,elliptical,normal,balanced,0.1,0.025,1,gaussian,0.2,isolated,uniform,2,0.1,20,False,500,49,,,151,160,core,full_factorial
2397,architecture,43,main,M2,1000,2,2,6,elliptical,normal,balanced,0.1,0.025,1,gaussian,0.2,isolated,uniform,2,0.1,20,False,500,49,,,161,170,core,full_factorial
2398,architecture,43,main,M2,1000,2,2,6,elliptical,normal,balanced,0.1,0.025,1,gaussian,0.2,isolated,uniform,2,0.1,20,False,500,49,,,171,180,core,full_factorial
2399,architecture,43,main,M2,1000,2,2,6,elliptical,normal,balanced,0.1,0.025,1,gaussian,0.2,isolated,uniform,2,0.1,20,False,500,49,,,181,190,core,full_factorial
2400,architecture,43,main,M2,1000,2,2,6,elliptical,normal,balanced,0.1,0.025,1,gaussian,0.2,isolated,uniform,2,0.1,20,False,500,49,,,191,200,core,full_factorial
2401,architecture,43,main,M2,1000,2,2,6,elliptical,normal,balanced,0.1,0.025,1,gaussian,0.2,isolated,uniform,2,0.1,20,False,500,49,,,201,210,core,full_factorial
2402,architecture,43,main,M2,1000,2,2,6,elliptical,normal,balanced,0.1,0.025,1,gaussian,0.2,isolated,uniform,2,0.1,20,False,500,49,,,211,220,core,full_factorial
2403,architecture,43,main,M2,1000,2,2,6,elliptical,normal,balanced,0.1,0.025,1,gaussian,0.2,isolated,uniform,2,0.1,20,False,500,49,,,221,230,core,full_factorial
2404,architecture,43,main,M2,1000,2,2,6,elliptical,normal,balanced,0.1,0.025,1,gaussian,0.2,isolated,uniform,2,0.1,20,False,500,49,,,231,240,core,full_factorial
2405,architecture,43,main,M2,1000,2,2,6,elliptical,normal,balanced,0.1,0.025,1,gaussian,0.2,isolated,uniform,2,0.1,20,False,500,49,,,241,250,core,full_factorial
2406,architecture,43,main,M2,1000,2,2,6,elliptical,normal,balanced,0.1,0.025,1,gaussian,0.2,isolated,uniform,2,0.1,20,False,500,49,,,251,260,core,full_factorial
2407,architecture,43,main,M2,1000,2,2,6,elliptical,normal,balanced,0.1,0.025,1,gaussian,0.2,isolated,uniform,2,0.1,20,False,500,49,,,261,270,core,full_factorial
2408,architecture,43,main,M2,1000,2,2,6,elliptical,normal,balanced,0.1,0.025,1,gaussian,0.2,isolated,uniform,2,0.1,20,False,500,49,,,271,280,core,full_factorial
2409,architecture,43,main,M2,1000,2,2,6,elliptical,normal,balanced,0.1,0.025,1,gaussian,0.2,isolated,uniform,2,0.1,20,False,500,49,,,281,290,core,full_factorial
2410,architecture,43,main,M2,1000,2,2,6,elliptical,normal,balanced,0.1,0.025,1,gaussian,0.2,isolated,uniform,2,0.1,20,False,500,49,,,291,300,core,full_factorial
2411,architecture,44,main,M2,1000,2,2,10,elliptical,normal,balanced,0.1,0.025,1,gaussian,0.2,isolated,uniform,2,0.1,20,False,500,49,,,1,10,core,full_factorial
2412,architecture,44,main,M2,1000,2,2,10,elliptical,normal,balanced,0.1,0.025,1,gaussian,0.2,isolated,uniform,2,0.1,20,False,500,49,,,11,20,core,full_factorial
2413,architecture,44,main,M2,1000,2,2,10,elliptical,normal,balanced,0.1,0.025,1,gaussian,0.2,isolated,uniform,2,0.1,20,False,500,49,,,21,30,core,full_factorial
2414,architecture,44,main,M2,1000,2,2,10,elliptical,normal,balanced,0.1,0.025,1,gaussian,0.2,isolated,uniform,2,0.1,20,False,500,49,,,31,40,core,full_factorial
2415,architecture,44,main,M2,1000,2,2,10,elliptical,normal,balanced,0.1,0.025,1,gaussian,0.2,isolated,uniform,2,0.1,20,False,500,49,,,41,50,core,full_factorial
2416,architecture,44,main,M2,1000,2,2,10,elliptical,normal,balanced,0.1,0.025,1,gaussian,0.2,isolated,uniform,2,0.1,20,False,500,49,,,51,60,core,full_factorial
2417,architecture,44,main,M2,1000,2,2,10,elliptical,normal,balanced,0.1,0.025,1,gaussian,0.2,isolated,uniform,2,0.1,20,False,500,49,,,61,70,core,full_factorial
2418,architecture,44,main,M2,1000,2,2,10,elliptical,normal,balanced,0.1,0.025,1,gaussian,0.2,isolated,uniform,2,0.1,20,False,500,49,,,71,80,core,full_factorial
2419,architecture,44,main,M2,1000,2,2,10,elliptical,normal,balanced,0.1,0.025,1,gaussian,0.2,isolated,uniform,2,0.1,20,False,500,49,,,81,90,core,full_factorial
2420,architecture,44,main,M2,1000,2,2,10,elliptical,normal,balanced,0.1,0.025,1,gaussian,0.2,isolated,uniform,2,0.1,20,False,500,49,,,91,100,core,full_factorial
2421,architecture,44,main,M2,1000,2,2,10,elliptical,normal,balanced,0.1,0.025,1,gaussian,0.2,isolated,uniform,2,0.1,20,False,500,49,,,101,110,core,full_factorial
2422,architecture,44,main,M2,1000,2,2,10,elliptical,normal,balanced,0.1,0.025,1,gaussian,0.2,isolated,uniform,2,0.1,20,False,500,49,,,111,120,core,full_factorial
2423,architecture,44,main,M2,1000,2,2,10,elliptical,normal,balanced,0.1,0.025,1,gaussian,0.2,isolated,uniform,2,0.1,20,False,500,49,,,121,130,core,full_factorial
2424,architecture,44,main,M2,1000,2,2,10,elliptical,normal,balanced,0.1,0.025,1,gaussian,0.2,isolated,uniform,2,0.1,20,False,500,49,,,131,140,core,full_factorial
2425,architecture,44,main,M2,1000,2,2,10,elliptical,normal,balanced,0.1,0.025,1,gaussian,0.2,isolated,uniform,2,0.1,20,False,500,49,,,141,150,core,full_factorial
2426,architecture,44,main,M2,1000,2,2,10,elliptical,normal,balanced,0.1,0.025,1,gaussian,0.2,isolated,uniform,2,0.1,20,False,500,49,,,151,160,core,full_factorial
2427,architecture,44,main,M2,1000,2,2,10,elliptical,normal,balanced,0.1,0.025,1,gaussian,0.2,isolated,uniform,2,0.1,20,False,500,49,,,161,170,core,full_factorial
2428,architecture,44,main,M2,1000,2,2,10,elliptical,normal,balanced,0.1,0.025,1,gaussian,0.2,isolated,uniform,2,0.1,20,False,500,49,,,171,180,core,full_factorial
2429,architecture,44,main,M2,1000,2,2,10,elliptical,normal,balanced,0.1,0.025,1,gaussian,0.2,isolated,uniform,2,0.1,20,False,500,49,,,181,190,core,full_factorial
2430,architecture,44,main,M2,1000,2,2,10,elliptical,normal,balanced,0.1,0.025,1,gaussian,0.2,isolated,uniform,2,0.1,20,False,500,49,,,191,200,core,full_factorial
2431,architecture,44,main,M2,1000,2,2,10,elliptical,normal,balanced,0.1,0.025,1,gaussian,0.2,isolated,uniform,2,0.1,20,False,500,49,,,201,210,core,full_factorial
2432,architecture,44,main,M2,1000,2,2,10,elliptical,normal,balanced,0.1,0.025,1,gaussian,0.2,isolated,uniform,2,0.1,20,False,500,49,,,211,220,core,full_factorial
2433,architecture,44,main,M2,1000,2,2,10,elliptical,normal,balanced,0.1,0.025,1,gaussian,0.2,isolated,uniform,2,0.1,20,False,500,49,,,221,230,core,full_factorial
2434,architecture,44,main,M2,1000,2,2,10,elliptical,normal,balanced,0.1,0.025,1,gaussian,0.2,isolated,uniform,2,0.1,20,False,500,49,,,231,240,core,full_factorial
2435,architecture,44,main,M2,1000,2,2,10,elliptical,normal,balanced,0.1,0.025,1,gaussian,0.2,isolated,uniform,2,0.1,20,False,500,49,,,241,250,core,full_factorial
2436,architecture,44,main,M2,1000,2,2,10,elliptical,normal,balanced,0.1,0.025,1,gaussian,0.2,isolated,uniform,2,0.1,20,False,500,49,,,251,260,core,full_factorial
2437,architecture,44,main,M2,1000,2,2,10,elliptical,normal,balanced,0.1,0.025,1,gaussian,0.2,isolated,uniform,2,0.1,20,False,500,49,,,261,270,core,full_factorial
2438,architecture,44,main,M2,1000,2,2,10,elliptical,normal,balanced,0.1,0.025,1,gaussian,0.2,isolated,uniform,2,0.1,20,False,500,49,,,271,280,core,full_factorial
2439,architecture,44,main,M2,1000,2,2,10,elliptical,normal,balanced,0.1,0.025,1,gaussian,0.2,isolated,uniform,2,0.1,20,False,500,49,,,281,290,core,full_factorial
2440,architecture,44,main,M2,1000,2,2,10,elliptical,normal,balanced,0.1,0.025,1,gaussian,0.2,isolated,uniform,2,0.1,20,False,500,49,,,291,300,core,full_factorial
2441,architecture,45,main,M2,1000,5,2,6,spherical,normal,balanced,0.1,0.025,1,gaussian,0.2,isolated,uniform,2,0.1,20,False,500,49,,,1,10,core,full_factorial
2442,architecture,45,main,M2,1000,5,2,6,spherical,normal,balanced,0.1,0.025,1,gaussian,0.2,isolated,uniform,2,0.1,20,False,500,49,,,11,20,core,full_factorial
2443,architecture,45,main,M2,1000,5,2,6,spherical,normal,balanced,0.1,0.025,1,gaussian,0.2,isolated,uniform,2,0.1,20,False,500,49,,,21,30,core,full_factorial
2444,architecture,45,main,M2,1000,5,2,6,spherical,normal,balanced,0.1,0.025,1,gaussian,0.2,isolated,uniform,2,0.1,20,False,500,49,,,31,40,core,full_factorial
2445,architecture,45,main,M2,1000,5,2,6,spherical,normal,balanced,0.1,0.025,1,gaussian,0.2,isolated,uniform,2,0.1,20,False,500,49,,,41,50,core,full_factorial
2446,architecture,45,main,M2,1000,5,2,6,spherical,normal,balanced,0.1,0.025,1,gaussian,0.2,isolated,uniform,2,0.1,20,False,500,49,,,51,60,core,full_factorial
2447,architecture,45,main,M2,1000,5,2,6,spherical,normal,balanced,0.1,0.025,1,gaussian,0.2,isolated,uniform,2,0.1,20,False,500,49,,,61,70,core,full_factorial
2448,architecture,45,main,M2,1000,5,2,6,spherical,normal,balanced,0.1,0.025,1,gaussian,0.2,isolated,uniform,2,0.1,20,False,500,49,,,71,80,core,full_factorial
2449,architecture,45,main,M2,1000,5,2,6,spherical,normal,balanced,0.1,0.025,1,gaussian,0.2,isolated,uniform,2,0.1,20,False,500,49,,,81,90,core,full_factorial
2450,architecture,45,main,M2,1000,5,2,6,spherical,normal,balanced,0.1,0.025,1,gaussian,0.2,isolated,uniform,2,0.1,20,False,500,49,,,91,100,core,full_factorial
2451,architecture,45,main,M2,1000,5,2,6,spherical,normal,balanced,0.1,0.025,1,gaussian,0.2,isolated,uniform,2,0.1,20,False,500,49,,,101,110,core,full_factorial
2452,architecture,45,main,M2,1000,5,2,6,spherical,normal,balanced,0.1,0.025,1,gaussian,0.2,isolated,uniform,2,0.1,20,False,500,49,,,111,120,core,full_factorial
2453,architecture,45,main,M2,1000,5,2,6,spherical,normal,balanced,0.1,0.025,1,gaussian,0.2,isolated,uniform,2,0.1,20,False,500,49,,,121,130,core,full_factorial
2454,architecture,45,main,M2,1000,5,2,6,spherical,normal,balanced,0.1,0.025,1,gaussian,0.2,isolated,uniform,2,0.1,20,False,500,49,,,131,140,core,full_factorial
2455,architecture,45,main,M2,1000,5,2,6,spherical,normal,balanced,0.1,0.025,1,gaussian,0.2,isolated,uniform,2,0.1,20,False,500,49,,,141,150,core,full_factorial
2456,architecture,45,main,M2,1000,5,2,6,spherical,normal,balanced,0.1,0.025,1,gaussian,0.2,isolated,uniform,2,0.1,20,False,500,49,,,151,160,core,full_factorial
2457,architecture,45,main,M2,1000,5,2,6,spherical,normal,balanced,0.1,0.025,1,gaussian,0.2,isolated,uniform,2,0.1,20,False,500,49,,,161,170,core,full_factorial
2458,architecture,45,main,M2,1000,5,2,6,spherical,normal,balanced,0.1,0.025,1,gaussian,0.2,isolated,uniform,2,0.1,20,False,500,49,,,171,180,core,full_factorial
2459,architecture,45,main,M2,1000,5,2,6,spherical,normal,balanced,0.1,0.025,1,gaussian,0.2,isolated,uniform,2,0.1,20,False,500,49,,,181,190,core,full_factorial
2460,architecture,45,main,M2,1000,5,2,6,spherical,normal,balanced,0.1,0.025,1,gaussian,0.2,isolated,uniform,2,0.1,20,False,500,49,,,191,200,core,full_factorial
2461,architecture,45,main,M2,1000,5,2,6,spherical,normal,balanced,0.1,0.025,1,gaussian,0.2,isolated,uniform,2,0.1,20,False,500,49,,,201,210,core,full_factorial
2462,architecture,45,main,M2,1000,5,2,6,spherical,normal,balanced,0.1,0.025,1,gaussian,0.2,isolated,uniform,2,0.1,20,False,500,49,,,211,220,core,full_factorial
2463,architecture,45,main,M2,1000,5,2,6,spherical,normal,balanced,0.1,0.025,1,gaussian,0.2,isolated,uniform,2,0.1,20,False,500,49,,,221,230,core,full_factorial
2464,architecture,45,main,M2,1000,5,2,6,spherical,normal,balanced,0.1,0.025,1,gaussian,0.2,isolated,uniform,2,0.1,20,False,500,49,,,231,240,core,full_factorial
2465,architecture,45,main,M2,1000,5,2,6,spherical,normal,balanced,0.1,0.025,1,gaussian,0.2,isolated,uniform,2,0.1,20,False,500,49,,,241,250,core,full_factorial
2466,architecture,45,main,M2,1000,5,2,6,spherical,normal,balanced,0.1,0.025,1,gaussian,0.2,isolated,uniform,2,0.1,20,False,500,49,,,251,260,core,full_factorial
2467,architecture,45,main,M2,1000,5,2,6,spherical,normal,balanced,0.1,0.025,1,gaussian,0.2,isolated,uniform,2,0.1,20,False,500,49,,,261,270,core,full_factorial
2468,architecture,45,main,M2,1000,5,2,6,spherical,normal,balanced,0.1,0.025,1,gaussian,0.2,isolated,uniform,2,0.1,20,False,500,49,,,271,280,core,full_factorial
2469,architecture,45,main,M2,1000,5,2,6,spherical,normal,balanced,0.1,0.025,1,gaussian,0.2,isolated,uniform,2,0.1,20,False,500,49,,,281,290,core,full_factorial
2470,architecture,45,main,M2,1000,5,2,6,spherical,normal,balanced,0.1,0.025,1,gaussian,0.2,isolated,uniform,2,0.1,20,False,500,49,,,291,300,core,full_factorial
2471,architecture,46,main,M2,1000,5,2,10,spherical,normal,balanced,0.1,0.025,1,gaussian,0.2,isolated,uniform,2,0.1,20,False,500,49,,,1,10,core,full_factorial
2472,architecture,46,main,M2,1000,5,2,10,spherical,normal,balanced,0.1,0.025,1,gaussian,0.2,isolated,uniform,2,0.1,20,False,500,49,,,11,20,core,full_factorial
2473,architecture,46,main,M2,1000,5,2,10,spherical,normal,balanced,0.1,0.025,1,gaussian,0.2,isolated,uniform,2,0.1,20,False,500,49,,,21,30,core,full_factorial
2474,architecture,46,main,M2,1000,5,2,10,spherical,normal,balanced,0.1,0.025,1,gaussian,0.2,isolated,uniform,2,0.1,20,False,500,49,,,31,40,core,full_factorial
2475,architecture,46,main,M2,1000,5,2,10,spherical,normal,balanced,0.1,0.025,1,gaussian,0.2,isolated,uniform,2,0.1,20,False,500,49,,,41,50,core,full_factorial
2476,architecture,46,main,M2,1000,5,2,10,spherical,normal,balanced,0.1,0.025,1,gaussian,0.2,isolated,uniform,2,0.1,20,False,500,49,,,51,60,core,full_factorial
2477,architecture,46,main,M2,1000,5,2,10,spherical,normal,balanced,0.1,0.025,1,gaussian,0.2,isolated,uniform,2,0.1,20,False,500,49,,,61,70,core,full_factorial
2478,architecture,46,main,M2,1000,5,2,10,spherical,normal,balanced,0.1,0.025,1,gaussian,0.2,isolated,uniform,2,0.1,20,False,500,49,,,71,80,core,full_factorial
2479,architecture,46,main,M2,1000,5,2,10,spherical,normal,balanced,0.1,0.025,1,gaussian,0.2,isolated,uniform,2,0.1,20,False,500,49,,,81,90,core,full_factorial
2480,architecture,46,main,M2,1000,5,2,10,spherical,normal,balanced,0.1,0.025,1,gaussian,0.2,isolated,uniform,2,0.1,20,False,500,49,,,91,100,core,full_factorial
2481,architecture,46,main,M2,1000,5,2,10,spherical,normal,balanced,0.1,0.025,1,gaussian,0.2,isolated,uniform,2,0.1,20,False,500,49,,,101,110,core,full_factorial
2482,architecture,46,main,M2,1000,5,2,10,spherical,normal,balanced,0.1,0.025,1,gaussian,0.2,isolated,uniform,2,0.1,20,False,500,49,,,111,120,core,full_factorial
2483,architecture,46,main,M2,1000,5,2,10,spherical,normal,balanced,0.1,0.025,1,gaussian,0.2,isolated,uniform,2,0.1,20,False,500,49,,,121,130,core,full_factorial
2484,architecture,46,main,M2,1000,5,2,10,spherical,normal,balanced,0.1,0.025,1,gaussian,0.2,isolated,uniform,2,0.1,20,False,500,49,,,131,140,core,full_factorial
2485,architecture,46,main,M2,1000,5,2,10,spherical,normal,balanced,0.1,0.025,1,gaussian,0.2,isolated,uniform,2,0.1,20,False,500,49,,,141,150,core,full_factorial
2486,architecture,46,main,M2,1000,5,2,10,spherical,normal,balanced,0.1,0.025,1,gaussian,0.2,isolated,uniform,2,0.1,20,False,500,49,,,151,160,core,full_factorial
2487,architecture,46,main,M2,1000,5,2,10,spherical,normal,balanced,0.1,0.025,1,gaussian,0.2,isolated,uniform,2,0.1,20,False,500,49,,,161,170,core,full_factorial
2488,architecture,46,main,M2,1000,5,2,10,spherical,normal,balanced,0.1,0.025,1,gaussian,0.2,isolated,uniform,2,0.1,20,False,500,49,,,171,180,core,full_factorial
2489,architecture,46,main,M2,1000,5,2,10,spherical,normal,balanced,0.1,0.025,1,gaussian,0.2,isolated,uniform,2,0.1,20,False,500,49,,,181,190,core,full_factorial
2490,architecture,46,main,M2,1000,5,2,10,spherical,normal,balanced,0.1,0.025,1,gaussian,0.2,isolated,uniform,2,0.1,20,False,500,49,,,191,200,core,full_factorial
2491,architecture,46,main,M2,1000,5,2,10,spherical,normal,balanced,0.1,0.025,1,gaussian,0.2,isolated,uniform,2,0.1,20,False,500,49,,,201,210,core,full_factorial
2492,architecture,46,main,M2,1000,5,2,10,spherical,normal,balanced,0.1,0.025,1,gaussian,0.2,isolated,uniform,2,0.1,20,False,500,49,,,211,220,core,full_factorial
2493,architecture,46,main,M2,1000,5,2,10,spherical,normal,balanced,0.1,0.025,1,gaussian,0.2,isolated,uniform,2,0.1,20,False,500,49,,,221,230,core,full_factorial
2494,architecture,46,main,M2,1000,5,2,10,spherical,normal,balanced,0.1,0.025,1,gaussian,0.2,isolated,uniform,2,0.1,20,False,500,49,,,231,240,core,full_factorial
2495,architecture,46,main,M2,1000,5,2,10,spherical,normal,balanced,0.1,0.025,1,gaussian,0.2,isolated,uniform,2,0.1,20,False,500,49,,,241,250,core,full_factorial
2496,architecture,46,main,M2,1000,5,2,10,spherical,normal,balanced,0.1,0.025,1,gaussian,0.2,isolated,uniform,2,0.1,20,False,500,49,,,251,260,core,full_factorial
2497,architecture,46,main,M2,1000,5,2,10,spherical,normal,balanced,0.1,0.025,1,gaussian,0.2,isolated,uniform,2,0.1,20,False,500,49,,,261,270,core,full_factorial
2498,architecture,46,main,M2,1000,5,2,10,spherical,normal,balanced,0.1,0.025,1,gaussian,0.2,isolated,uniform,2,0.1,20,False,500,49,,,271,280,core,full_factorial
2499,architecture,46,main,M2,1000,5,2,10,spherical,normal,balanced,0.1,0.025,1,gaussian,0.2,isolated,uniform,2,0.1,20,False,500,49,,,281,290,core,full_factorial
2500,architecture,46,main,M2,1000,5,2,10,spherical,normal,balanced,0.1,0.025,1,gaussian,0.2,isolated,uniform,2,0.1,20,False,500,49,,,291,300,core,full_factorial
2501,architecture,47,main,M2,1000,5,2,6,elliptical,normal,balanced,0.1,0.025,1,gaussian,0.2,isolated,uniform,2,0.1,20,False,500,49,,,1,10,core,full_factorial
2502,architecture,47,main,M2,1000,5,2,6,elliptical,normal,balanced,0.1,0.025,1,gaussian,0.2,isolated,uniform,2,0.1,20,False,500,49,,,11,20,core,full_factorial
2503,architecture,47,main,M2,1000,5,2,6,elliptical,normal,balanced,0.1,0.025,1,gaussian,0.2,isolated,uniform,2,0.1,20,False,500,49,,,21,30,core,full_factorial
2504,architecture,47,main,M2,1000,5,2,6,elliptical,normal,balanced,0.1,0.025,1,gaussian,0.2,isolated,uniform,2,0.1,20,False,500,49,,,31,40,core,full_factorial
2505,architecture,47,main,M2,1000,5,2,6,elliptical,normal,balanced,0.1,0.025,1,gaussian,0.2,isolated,uniform,2,0.1,20,False,500,49,,,41,50,core,full_factorial
2506,architecture,47,main,M2,1000,5,2,6,elliptical,normal,balanced,0.1,0.025,1,gaussian,0.2,isolated,uniform,2,0.1,20,False,500,49,,,51,60,core,full_factorial
2507,architecture,47,main,M2,1000,5,2,6,elliptical,normal,balanced,0.1,0.025,1,gaussian,0.2,isolated,uniform,2,0.1,20,False,500,49,,,61,70,core,full_factorial
2508,architecture,47,main,M2,1000,5,2,6,elliptical,normal,balanced,0.1,0.025,1,gaussian,0.2,isolated,uniform,2,0.1,20,False,500,49,,,71,80,core,full_factorial
2509,architecture,47,main,M2,1000,5,2,6,elliptical,normal,balanced,0.1,0.025,1,gaussian,0.2,isolated,uniform,2,0.1,20,False,500,49,,,81,90,core,full_factorial
2510,architecture,47,main,M2,1000,5,2,6,elliptical,normal,balanced,0.1,0.025,1,gaussian,0.2,isolated,uniform,2,0.1,20,False,500,49,,,91,100,core,full_factorial
2511,architecture,47,main,M2,1000,5,2,6,elliptical,normal,balanced,0.1,0.025,1,gaussian,0.2,isolated,uniform,2,0.1,20,False,500,49,,,101,110,core,full_factorial
2512,architecture,47,main,M2,1000,5,2,6,elliptical,normal,balanced,0.1,0.025,1,gaussian,0.2,isolated,uniform,2,0.1,20,False,500,49,,,111,120,core,full_factorial
2513,architecture,47,main,M2,1000,5,2,6,elliptical,normal,balanced,0.1,0.025,1,gaussian,0.2,isolated,uniform,2,0.1,20,False,500,49,,,121,130,core,full_factorial
2514,architecture,47,main,M2,1000,5,2,6,elliptical,normal,balanced,0.1,0.025,1,gaussian,0.2,isolated,uniform,2,0.1,20,False,500,49,,,131,140,core,full_factorial
2515,architecture,47,main,M2,1000,5,2,6,elliptical,normal,balanced,0.1,0.025,1,gaussian,0.2,isolated,uniform,2,0.1,20,False,500,49,,,141,150,core,full_factorial
2516,architecture,47,main,M2,1000,5,2,6,elliptical,normal,balanced,0.1,0.025,1,gaussian,0.2,isolated,uniform,2,0.1,20,False,500,49,,,151,160,core,full_factorial
2517,architecture,47,main,M2,1000,5,2,6,elliptical,normal,balanced,0.1,0.025,1,gaussian,0.2,isolated,uniform,2,0.1,20,False,500,49,,,161,170,core,full_factorial
2518,architecture,47,main,M2,1000,5,2,6,elliptical,normal,balanced,0.1,0.025,1,gaussian,0.2,isolated,uniform,2,0.1,20,False,500,49,,,171,180,core,full_factorial
2519,architecture,47,main,M2,1000,5,2,6,elliptical,normal,balanced,0.1,0.025,1,gaussian,0.2,isolated,uniform,2,0.1,20,False,500,49,,,181,190,core,full_factorial
2520,architecture,47,main,M2,1000,5,2,6,elliptical,normal,balanced,0.1,0.025,1,gaussian,0.2,isolated,uniform,2,0.1,20,False,500,49,,,191,200,core,full_factorial
2521,architecture,47,main,M2,1000,5,2,6,elliptical,normal,balanced,0.1,0.025,1,gaussian,0.2,isolated,uniform,2,0.1,20,False,500,49,,,201,210,core,full_factorial
2522,architecture,47,main,M2,1000,5,2,6,elliptical,normal,balanced,0.1,0.025,1,gaussian,0.2,isolated,uniform,2,0.1,20,False,500,49,,,211,220,core,full_factorial
2523,architecture,47,main,M2,1000,5,2,6,elliptical,normal,balanced,0.1,0.025,1,gaussian,0.2,isolated,uniform,2,0.1,20,False,500,49,,,221,230,core,full_factorial
2524,architecture,47,main,M2,1000,5,2,6,elliptical,normal,balanced,0.1,0.025,1,gaussian,0.2,isolated,uniform,2,0.1,20,False,500,49,,,231,240,core,full_factorial
2525,architecture,47,main,M2,1000,5,2,6,elliptical,normal,balanced,0.1,0.025,1,gaussian,0.2,isolated,uniform,2,0.1,20,False,500,49,,,241,250,core,full_factorial
2526,architecture,47,main,M2,1000,5,2,6,elliptical,normal,balanced,0.1,0.025,1,gaussian,0.2,isolated,uniform,2,0.1,20,False,500,49,,,251,260,core,full_factorial
2527,architecture,47,main,M2,1000,5,2,6,elliptical,normal,balanced,0.1,0.025,1,gaussian,0.2,isolated,uniform,2,0.1,20,False,500,49,,,261,270,core,full_factorial
2528,architecture,47,main,M2,1000,5,2,6,elliptical,normal,balanced,0.1,0.025,1,gaussian,0.2,isolated,uniform,2,0.1,20,False,500,49,,,271,280,core,full_factorial
2529,architecture,47,main,M2,1000,5,2,6,elliptical,normal,balanced,0.1,0.025,1,gaussian,0.2,isolated,uniform,2,0.1,20,False,500,49,,,281,290,core,full_factorial
2530,architecture,47,main,M2,1000,5,2,6,elliptical,normal,balanced,0.1,0.025,1,gaussian,0.2,isolated,uniform,2,0.1,20,False,500,49,,,291,300,core,full_factorial
2531,architecture,48,main,M2,1000,5,2,10,elliptical,normal,balanced,0.1,0.025,1,gaussian,0.2,isolated,uniform,2,0.1,20,False,500,49,,,1,10,core,full_factorial
2532,architecture,48,main,M2,1000,5,2,10,elliptical,normal,balanced,0.1,0.025,1,gaussian,0.2,isolated,uniform,2,0.1,20,False,500,49,,,11,20,core,full_factorial
2533,architecture,48,main,M2,1000,5,2,10,elliptical,normal,balanced,0.1,0.025,1,gaussian,0.2,isolated,uniform,2,0.1,20,False,500,49,,,21,30,core,full_factorial
2534,architecture,48,main,M2,1000,5,2,10,elliptical,normal,balanced,0.1,0.025,1,gaussian,0.2,isolated,uniform,2,0.1,20,False,500,49,,,31,40,core,full_factorial
2535,architecture,48,main,M2,1000,5,2,10,elliptical,normal,balanced,0.1,0.025,1,gaussian,0.2,isolated,uniform,2,0.1,20,False,500,49,,,41,50,core,full_factorial
2536,architecture,48,main,M2,1000,5,2,10,elliptical,normal,balanced,0.1,0.025,1,gaussian,0.2,isolated,uniform,2,0.1,20,False,500,49,,,51,60,core,full_factorial
2537,architecture,48,main,M2,1000,5,2,10,elliptical,normal,balanced,0.1,0.025,1,gaussian,0.2,isolated,uniform,2,0.1,20,False,500,49,,,61,70,core,full_factorial
2538,architecture,48,main,M2,1000,5,2,10,elliptical,normal,balanced,0.1,0.025,1,gaussian,0.2,isolated,uniform,2,0.1,20,False,500,49,,,71,80,core,full_factorial
2539,architecture,48,main,M2,1000,5,2,10,elliptical,normal,balanced,0.1,0.025,1,gaussian,0.2,isolated,uniform,2,0.1,20,False,500,49,,,81,90,core,full_factorial
2540,architecture,48,main,M2,1000,5,2,10,elliptical,normal,balanced,0.1,0.025,1,gaussian,0.2,isolated,uniform,2,0.1,20,False,500,49,,,91,100,core,full_factorial
2541,architecture,48,main,M2,1000,5,2,10,elliptical,normal,balanced,0.1,0.025,1,gaussian,0.2,isolated,uniform,2,0.1,20,False,500,49,,,101,110,core,full_factorial
2542,architecture,48,main,M2,1000,5,2,10,elliptical,normal,balanced,0.1,0.025,1,gaussian,0.2,isolated,uniform,2,0.1,20,False,500,49,,,111,120,core,full_factorial
2543,architecture,48,main,M2,1000,5,2,10,elliptical,normal,balanced,0.1,0.025,1,gaussian,0.2,isolated,uniform,2,0.1,20,False,500,49,,,121,130,core,full_factorial
2544,architecture,48,main,M2,1000,5,2,10,elliptical,normal,balanced,0.1,0.025,1,gaussian,0.2,isolated,uniform,2,0.1,20,False,500,49,,,131,140,core,full_factorial
2545,architecture,48,main,M2,1000,5,2,10,elliptical,normal,balanced,0.1,0.025,1,gaussian,0.2,isolated,uniform,2,0.1,20,False,500,49,,,141,150,core,full_factorial
2546,architecture,48,main,M2,1000,5,2,10,elliptical,normal,balanced,0.1,0.025,1,gaussian,0.2,isolated,uniform,2,0.1,20,False,500,49,,,151,160,core,full_factorial
2547,architecture,48,main,M2,1000,5,2,10,elliptical,normal,balanced,0.1,0.025,1,gaussian,0.2,isolated,uniform,2,0.1,20,False,500,49,,,161,170,core,full_factorial
2548,architecture,48,main,M2,1000,5,2,10,elliptical,normal,balanced,0.1,0.025,1,gaussian,0.2,isolated,uniform,2,0.1,20,False,500,49,,,171,180,core,full_factorial
2549,architecture,48,main,M2,1000,5,2,10,elliptical,normal,balanced,0.1,0.025,1,gaussian,0.2,isolated,uniform,2,0.1,20,False,500,49,,,181,190,core,full_factorial
2550,architecture,48,main,M2,1000,5,2,10,elliptical,normal,balanced,0.1,0.025,1,gaussian,0.2,isolated,uniform,2,0.1,20,False,500,49,,,191,200,core,full_factorial
2551,architecture,48,main,M2,1000,5,2,10,elliptical,normal,balanced,0.1,0.025,1,gaussian,0.2,isolated,uniform,2,0.1,20,False,500,49,,,201,210,core,full_factorial
2552,architecture,48,main,M2,1000,5,2,10,elliptical,normal,balanced,0.1,0.025,1,gaussian,0.2,isolated,uniform,2,0.1,20,False,500,49,,,211,220,core,full_factorial
2553,architecture,48,main,M2,1000,5,2,10,elliptical,normal,balanced,0.1,0.025,1,gaussian,0.2,isolated,uniform,2,0.1,20,False,500,49,,,221,230,core,full_factorial
2554,architecture,48,main,M2,1000,5,2,10,elliptical,normal,balanced,0.1,0.025,1,gaussian,0.2,isolated,uniform,2,0.1,20,False,500,49,,,231,240,core,full_factorial
2555,architecture,48,main,M2,1000,5,2,10,elliptical,normal,balanced,0.1,0.025,1,gaussian,0.2,isolated,uniform,2,0.1,20,False,500,49,,,241,250,core,full_factorial
2556,architecture,48,main,M2,1000,5,2,10,elliptical,normal,balanced,0.1,0.025,1,gaussian,0.2,isolated,uniform,2,0.1,20,False,500,49,,,251,260,core,full_factorial
2557,architecture,48,main,M2,1000,5,2,10,elliptical,normal,balanced,0.1,0.025,1,gaussian,0.2,isolated,uniform,2,0.1,20,False,500,49,,,261,270,core,full_factorial
2558,architecture,48,main,M2,1000,5,2,10,elliptical,normal,balanced,0.1,0.025,1,gaussian,0.2,isolated,uniform,2,0.1,20,False,500,49,,,271,280,core,full_factorial
2559,architecture,48,main,M2,1000,5,2,10,elliptical,normal,balanced,0.1,0.025,1,gaussian,0.2,isolated,uniform,2,0.1,20,False,500,49,,,281,290,core,full_factorial
2560,architecture,48,main,M2,1000,5,2,10,elliptical,normal,balanced,0.1,0.025,1,gaussian,0.2,isolated,uniform,2,0.1,20,False,500,49,,,291,300,core,full_factorial
2561,architecture,49,main,M3,500,2,2,6,spherical,normal,balanced,0.1,0.05,1,gaussian,0.55,isolated,uniform,2,0.1,20,False,500,49,,,1,10,core,full_factorial
2562,architecture,49,main,M3,500,2,2,6,spherical,normal,balanced,0.1,0.05,1,gaussian,0.55,isolated,uniform,2,0.1,20,False,500,49,,,11,20,core,full_factorial
2563,architecture,49,main,M3,500,2,2,6,spherical,normal,balanced,0.1,0.05,1,gaussian,0.55,isolated,uniform,2,0.1,20,False,500,49,,,21,30,core,full_factorial
2564,architecture,49,main,M3,500,2,2,6,spherical,normal,balanced,0.1,0.05,1,gaussian,0.55,isolated,uniform,2,0.1,20,False,500,49,,,31,40,core,full_factorial
2565,architecture,49,main,M3,500,2,2,6,spherical,normal,balanced,0.1,0.05,1,gaussian,0.55,isolated,uniform,2,0.1,20,False,500,49,,,41,50,core,full_factorial
2566,architecture,49,main,M3,500,2,2,6,spherical,normal,balanced,0.1,0.05,1,gaussian,0.55,isolated,uniform,2,0.1,20,False,500,49,,,51,60,core,full_factorial
2567,architecture,49,main,M3,500,2,2,6,spherical,normal,balanced,0.1,0.05,1,gaussian,0.55,isolated,uniform,2,0.1,20,False,500,49,,,61,70,core,full_factorial
2568,architecture,49,main,M3,500,2,2,6,spherical,normal,balanced,0.1,0.05,1,gaussian,0.55,isolated,uniform,2,0.1,20,False,500,49,,,71,80,core,full_factorial
2569,architecture,49,main,M3,500,2,2,6,spherical,normal,balanced,0.1,0.05,1,gaussian,0.55,isolated,uniform,2,0.1,20,False,500,49,,,81,90,core,full_factorial
2570,architecture,49,main,M3,500,2,2,6,spherical,normal,balanced,0.1,0.05,1,gaussian,0.55,isolated,uniform,2,0.1,20,False,500,49,,,91,100,core,full_factorial
2571,architecture,49,main,M3,500,2,2,6,spherical,normal,balanced,0.1,0.05,1,gaussian,0.55,isolated,uniform,2,0.1,20,False,500,49,,,101,110,core,full_factorial
2572,architecture,49,main,M3,500,2,2,6,spherical,normal,balanced,0.1,0.05,1,gaussian,0.55,isolated,uniform,2,0.1,20,False,500,49,,,111,120,core,full_factorial
2573,architecture,49,main,M3,500,2,2,6,spherical,normal,balanced,0.1,0.05,1,gaussian,0.55,isolated,uniform,2,0.1,20,False,500,49,,,121,130,core,full_factorial
2574,architecture,49,main,M3,500,2,2,6,spherical,normal,balanced,0.1,0.05,1,gaussian,0.55,isolated,uniform,2,0.1,20,False,500,49,,,131,140,core,full_factorial
2575,architecture,49,main,M3,500,2,2,6,spherical,normal,balanced,0.1,0.05,1,gaussian,0.55,isolated,uniform,2,0.1,20,False,500,49,,,141,150,core,full_factorial
2576,architecture,49,main,M3,500,2,2,6,spherical,normal,balanced,0.1,0.05,1,gaussian,0.55,isolated,uniform,2,0.1,20,False,500,49,,,151,160,core,full_factorial
2577,architecture,49,main,M3,500,2,2,6,spherical,normal,balanced,0.1,0.05,1,gaussian,0.55,isolated,uniform,2,0.1,20,False,500,49,,,161,170,core,full_factorial
2578,architecture,49,main,M3,500,2,2,6,spherical,normal,balanced,0.1,0.05,1,gaussian,0.55,isolated,uniform,2,0.1,20,False,500,49,,,171,180,core,full_factorial
2579,architecture,49,main,M3,500,2,2,6,spherical,normal,balanced,0.1,0.05,1,gaussian,0.55,isolated,uniform,2,0.1,20,False,500,49,,,181,190,core,full_factorial
2580,architecture,49,main,M3,500,2,2,6,spherical,normal,balanced,0.1,0.05,1,gaussian,0.55,isolated,uniform,2,0.1,20,False,500,49,,,191,200,core,full_factorial
2581,architecture,49,main,M3,500,2,2,6,spherical,normal,balanced,0.1,0.05,1,gaussian,0.55,isolated,uniform,2,0.1,20,False,500,49,,,201,210,core,full_factorial
2582,architecture,49,main,M3,500,2,2,6,spherical,normal,balanced,0.1,0.05,1,gaussian,0.55,isolated,uniform,2,0.1,20,False,500,49,,,211,220,core,full_factorial
2583,architecture,49,main,M3,500,2,2,6,spherical,normal,balanced,0.1,0.05,1,gaussian,0.55,isolated,uniform,2,0.1,20,False,500,49,,,221,230,core,full_factorial
2584,architecture,49,main,M3,500,2,2,6,spherical,normal,balanced,0.1,0.05,1,gaussian,0.55,isolated,uniform,2,0.1,20,False,500,49,,,231,240,core,full_factorial
2585,architecture,49,main,M3,500,2,2,6,spherical,normal,balanced,0.1,0.05,1,gaussian,0.55,isolated,uniform,2,0.1,20,False,500,49,,,241,250,core,full_factorial
2586,architecture,49,main,M3,500,2,2,6,spherical,normal,balanced,0.1,0.05,1,gaussian,0.55,isolated,uniform,2,0.1,20,False,500,49,,,251,260,core,full_factorial
2587,architecture,49,main,M3,500,2,2,6,spherical,normal,balanced,0.1,0.05,1,gaussian,0.55,isolated,uniform,2,0.1,20,False,500,49,,,261,270,core,full_factorial
2588,architecture,49,main,M3,500,2,2,6,spherical,normal,balanced,0.1,0.05,1,gaussian,0.55,isolated,uniform,2,0.1,20,False,500,49,,,271,280,core,full_factorial
2589,architecture,49,main,M3,500,2,2,6,spherical,normal,balanced,0.1,0.05,1,gaussian,0.55,isolated,uniform,2,0.1,20,False,500,49,,,281,290,core,full_factorial
2590,architecture,49,main,M3,500,2,2,6,spherical,normal,balanced,0.1,0.05,1,gaussian,0.55,isolated,uniform,2,0.1,20,False,500,49,,,291,300,core,full_factorial
2591,architecture,50,main,M3,500,2,2,10,spherical,normal,balanced,0.1,0.05,1,gaussian,0.55,isolated,uniform,2,0.1,20,False,500,49,,,1,10,core,full_factorial
2592,architecture,50,main,M3,500,2,2,10,spherical,normal,balanced,0.1,0.05,1,gaussian,0.55,isolated,uniform,2,0.1,20,False,500,49,,,11,20,core,full_factorial
2593,architecture,50,main,M3,500,2,2,10,spherical,normal,balanced,0.1,0.05,1,gaussian,0.55,isolated,uniform,2,0.1,20,False,500,49,,,21,30,core,full_factorial
2594,architecture,50,main,M3,500,2,2,10,spherical,normal,balanced,0.1,0.05,1,gaussian,0.55,isolated,uniform,2,0.1,20,False,500,49,,,31,40,core,full_factorial
2595,architecture,50,main,M3,500,2,2,10,spherical,normal,balanced,0.1,0.05,1,gaussian,0.55,isolated,uniform,2,0.1,20,False,500,49,,,41,50,core,full_factorial
2596,architecture,50,main,M3,500,2,2,10,spherical,normal,balanced,0.1,0.05,1,gaussian,0.55,isolated,uniform,2,0.1,20,False,500,49,,,51,60,core,full_factorial
2597,architecture,50,main,M3,500,2,2,10,spherical,normal,balanced,0.1,0.05,1,gaussian,0.55,isolated,uniform,2,0.1,20,False,500,49,,,61,70,core,full_factorial
2598,architecture,50,main,M3,500,2,2,10,spherical,normal,balanced,0.1,0.05,1,gaussian,0.55,isolated,uniform,2,0.1,20,False,500,49,,,71,80,core,full_factorial
2599,architecture,50,main,M3,500,2,2,10,spherical,normal,balanced,0.1,0.05,1,gaussian,0.55,isolated,uniform,2,0.1,20,False,500,49,,,81,90,core,full_factorial
2600,architecture,50,main,M3,500,2,2,10,spherical,normal,balanced,0.1,0.05,1,gaussian,0.55,isolated,uniform,2,0.1,20,False,500,49,,,91,100,core,full_factorial
2601,architecture,50,main,M3,500,2,2,10,spherical,normal,balanced,0.1,0.05,1,gaussian,0.55,isolated,uniform,2,0.1,20,False,500,49,,,101,110,core,full_factorial
2602,architecture,50,main,M3,500,2,2,10,spherical,normal,balanced,0.1,0.05,1,gaussian,0.55,isolated,uniform,2,0.1,20,False,500,49,,,111,120,core,full_factorial
2603,architecture,50,main,M3,500,2,2,10,spherical,normal,balanced,0.1,0.05,1,gaussian,0.55,isolated,uniform,2,0.1,20,False,500,49,,,121,130,core,full_factorial
2604,architecture,50,main,M3,500,2,2,10,spherical,normal,balanced,0.1,0.05,1,gaussian,0.55,isolated,uniform,2,0.1,20,False,500,49,,,131,140,core,full_factorial
2605,architecture,50,main,M3,500,2,2,10,spherical,normal,balanced,0.1,0.05,1,gaussian,0.55,isolated,uniform,2,0.1,20,False,500,49,,,141,150,core,full_factorial
2606,architecture,50,main,M3,500,2,2,10,spherical,normal,balanced,0.1,0.05,1,gaussian,0.55,isolated,uniform,2,0.1,20,False,500,49,,,151,160,core,full_factorial
2607,architecture,50,main,M3,500,2,2,10,spherical,normal,balanced,0.1,0.05,1,gaussian,0.55,isolated,uniform,2,0.1,20,False,500,49,,,161,170,core,full_factorial
2608,architecture,50,main,M3,500,2,2,10,spherical,normal,balanced,0.1,0.05,1,gaussian,0.55,isolated,uniform,2,0.1,20,False,500,49,,,171,180,core,full_factorial
2609,architecture,50,main,M3,500,2,2,10,spherical,normal,balanced,0.1,0.05,1,gaussian,0.55,isolated,uniform,2,0.1,20,False,500,49,,,181,190,core,full_factorial
2610,architecture,50,main,M3,500,2,2,10,spherical,normal,balanced,0.1,0.05,1,gaussian,0.55,isolated,uniform,2,0.1,20,False,500,49,,,191,200,core,full_factorial
2611,architecture,50,main,M3,500,2,2,10,spherical,normal,balanced,0.1,0.05,1,gaussian,0.55,isolated,uniform,2,0.1,20,False,500,49,,,201,210,core,full_factorial
2612,architecture,50,main,M3,500,2,2,10,spherical,normal,balanced,0.1,0.05,1,gaussian,0.55,isolated,uniform,2,0.1,20,False,500,49,,,211,220,core,full_factorial
2613,architecture,50,main,M3,500,2,2,10,spherical,normal,balanced,0.1,0.05,1,gaussian,0.55,isolated,uniform,2,0.1,20,False,500,49,,,221,230,core,full_factorial
2614,architecture,50,main,M3,500,2,2,10,spherical,normal,balanced,0.1,0.05,1,gaussian,0.55,isolated,uniform,2,0.1,20,False,500,49,,,231,240,core,full_factorial
2615,architecture,50,main,M3,500,2,2,10,spherical,normal,balanced,0.1,0.05,1,gaussian,0.55,isolated,uniform,2,0.1,20,False,500,49,,,241,250,core,full_factorial
2616,architecture,50,main,M3,500,2,2,10,spherical,normal,balanced,0.1,0.05,1,gaussian,0.55,isolated,uniform,2,0.1,20,False,500,49,,,251,260,core,full_factorial
2617,architecture,50,main,M3,500,2,2,10,spherical,normal,balanced,0.1,0.05,1,gaussian,0.55,isolated,uniform,2,0.1,20,False,500,49,,,261,270,core,full_factorial
2618,architecture,50,main,M3,500,2,2,10,spherical,normal,balanced,0.1,0.05,1,gaussian,0.55,isolated,uniform,2,0.1,20,False,500,49,,,271,280,core,full_factorial
2619,architecture,50,main,M3,500,2,2,10,spherical,normal,balanced,0.1,0.05,1,gaussian,0.55,isolated,uniform,2,0.1,20,False,500,49,,,281,290,core,full_factorial
2620,architecture,50,main,M3,500,2,2,10,spherical,normal,balanced,0.1,0.05,1,gaussian,0.55,isolated,uniform,2,0.1,20,False,500,49,,,291,300,core,full_factorial
2621,architecture,51,main,M3,500,2,2,6,elliptical,normal,balanced,0.1,0.05,1,gaussian,0.55,isolated,uniform,2,0.1,20,False,500,49,,,1,10,core,full_factorial
2622,architecture,51,main,M3,500,2,2,6,elliptical,normal,balanced,0.1,0.05,1,gaussian,0.55,isolated,uniform,2,0.1,20,False,500,49,,,11,20,core,full_factorial
2623,architecture,51,main,M3,500,2,2,6,elliptical,normal,balanced,0.1,0.05,1,gaussian,0.55,isolated,uniform,2,0.1,20,False,500,49,,,21,30,core,full_factorial
2624,architecture,51,main,M3,500,2,2,6,elliptical,normal,balanced,0.1,0.05,1,gaussian,0.55,isolated,uniform,2,0.1,20,False,500,49,,,31,40,core,full_factorial
2625,architecture,51,main,M3,500,2,2,6,elliptical,normal,balanced,0.1,0.05,1,gaussian,0.55,isolated,uniform,2,0.1,20,False,500,49,,,41,50,core,full_factorial
2626,architecture,51,main,M3,500,2,2,6,elliptical,normal,balanced,0.1,0.05,1,gaussian,0.55,isolated,uniform,2,0.1,20,False,500,49,,,51,60,core,full_factorial
2627,architecture,51,main,M3,500,2,2,6,elliptical,normal,balanced,0.1,0.05,1,gaussian,0.55,isolated,uniform,2,0.1,20,False,500,49,,,61,70,core,full_factorial
2628,architecture,51,main,M3,500,2,2,6,elliptical,normal,balanced,0.1,0.05,1,gaussian,0.55,isolated,uniform,2,0.1,20,False,500,49,,,71,80,core,full_factorial
2629,architecture,51,main,M3,500,2,2,6,elliptical,normal,balanced,0.1,0.05,1,gaussian,0.55,isolated,uniform,2,0.1,20,False,500,49,,,81,90,core,full_factorial
2630,architecture,51,main,M3,500,2,2,6,elliptical,normal,balanced,0.1,0.05,1,gaussian,0.55,isolated,uniform,2,0.1,20,False,500,49,,,91,100,core,full_factorial
2631,architecture,51,main,M3,500,2,2,6,elliptical,normal,balanced,0.1,0.05,1,gaussian,0.55,isolated,uniform,2,0.1,20,False,500,49,,,101,110,core,full_factorial
2632,architecture,51,main,M3,500,2,2,6,elliptical,normal,balanced,0.1,0.05,1,gaussian,0.55,isolated,uniform,2,0.1,20,False,500,49,,,111,120,core,full_factorial
2633,architecture,51,main,M3,500,2,2,6,elliptical,normal,balanced,0.1,0.05,1,gaussian,0.55,isolated,uniform,2,0.1,20,False,500,49,,,121,130,core,full_factorial
2634,architecture,51,main,M3,500,2,2,6,elliptical,normal,balanced,0.1,0.05,1,gaussian,0.55,isolated,uniform,2,0.1,20,False,500,49,,,131,140,core,full_factorial
2635,architecture,51,main,M3,500,2,2,6,elliptical,normal,balanced,0.1,0.05,1,gaussian,0.55,isolated,uniform,2,0.1,20,False,500,49,,,141,150,core,full_factorial
2636,architecture,51,main,M3,500,2,2,6,elliptical,normal,balanced,0.1,0.05,1,gaussian,0.55,isolated,uniform,2,0.1,20,False,500,49,,,151,160,core,full_factorial
2637,architecture,51,main,M3,500,2,2,6,elliptical,normal,balanced,0.1,0.05,1,gaussian,0.55,isolated,uniform,2,0.1,20,False,500,49,,,161,170,core,full_factorial
2638,architecture,51,main,M3,500,2,2,6,elliptical,normal,balanced,0.1,0.05,1,gaussian,0.55,isolated,uniform,2,0.1,20,False,500,49,,,171,180,core,full_factorial
2639,architecture,51,main,M3,500,2,2,6,elliptical,normal,balanced,0.1,0.05,1,gaussian,0.55,isolated,uniform,2,0.1,20,False,500,49,,,181,190,core,full_factorial
2640,architecture,51,main,M3,500,2,2,6,elliptical,normal,balanced,0.1,0.05,1,gaussian,0.55,isolated,uniform,2,0.1,20,False,500,49,,,191,200,core,full_factorial
2641,architecture,51,main,M3,500,2,2,6,elliptical,normal,balanced,0.1,0.05,1,gaussian,0.55,isolated,uniform,2,0.1,20,False,500,49,,,201,210,core,full_factorial
2642,architecture,51,main,M3,500,2,2,6,elliptical,normal,balanced,0.1,0.05,1,gaussian,0.55,isolated,uniform,2,0.1,20,False,500,49,,,211,220,core,full_factorial
2643,architecture,51,main,M3,500,2,2,6,elliptical,normal,balanced,0.1,0.05,1,gaussian,0.55,isolated,uniform,2,0.1,20,False,500,49,,,221,230,core,full_factorial
2644,architecture,51,main,M3,500,2,2,6,elliptical,normal,balanced,0.1,0.05,1,gaussian,0.55,isolated,uniform,2,0.1,20,False,500,49,,,231,240,core,full_factorial
2645,architecture,51,main,M3,500,2,2,6,elliptical,normal,balanced,0.1,0.05,1,gaussian,0.55,isolated,uniform,2,0.1,20,False,500,49,,,241,250,core,full_factorial
2646,architecture,51,main,M3,500,2,2,6,elliptical,normal,balanced,0.1,0.05,1,gaussian,0.55,isolated,uniform,2,0.1,20,False,500,49,,,251,260,core,full_factorial
2647,architecture,51,main,M3,500,2,2,6,elliptical,normal,balanced,0.1,0.05,1,gaussian,0.55,isolated,uniform,2,0.1,20,False,500,49,,,261,270,core,full_factorial
2648,architecture,51,main,M3,500,2,2,6,elliptical,normal,balanced,0.1,0.05,1,gaussian,0.55,isolated,uniform,2,0.1,20,False,500,49,,,271,280,core,full_factorial
2649,architecture,51,main,M3,500,2,2,6,elliptical,normal,balanced,0.1,0.05,1,gaussian,0.55,isolated,uniform,2,0.1,20,False,500,49,,,281,290,core,full_factorial
2650,architecture,51,main,M3,500,2,2,6,elliptical,normal,balanced,0.1,0.05,1,gaussian,0.55,isolated,uniform,2,0.1,20,False,500,49,,,291,300,core,full_factorial
2651,architecture,52,main,M3,500,2,2,10,elliptical,normal,balanced,0.1,0.05,1,gaussian,0.55,isolated,uniform,2,0.1,20,False,500,49,,,1,10,core,full_factorial
2652,architecture,52,main,M3,500,2,2,10,elliptical,normal,balanced,0.1,0.05,1,gaussian,0.55,isolated,uniform,2,0.1,20,False,500,49,,,11,20,core,full_factorial
2653,architecture,52,main,M3,500,2,2,10,elliptical,normal,balanced,0.1,0.05,1,gaussian,0.55,isolated,uniform,2,0.1,20,False,500,49,,,21,30,core,full_factorial
2654,architecture,52,main,M3,500,2,2,10,elliptical,normal,balanced,0.1,0.05,1,gaussian,0.55,isolated,uniform,2,0.1,20,False,500,49,,,31,40,core,full_factorial
2655,architecture,52,main,M3,500,2,2,10,elliptical,normal,balanced,0.1,0.05,1,gaussian,0.55,isolated,uniform,2,0.1,20,False,500,49,,,41,50,core,full_factorial
2656,architecture,52,main,M3,500,2,2,10,elliptical,normal,balanced,0.1,0.05,1,gaussian,0.55,isolated,uniform,2,0.1,20,False,500,49,,,51,60,core,full_factorial
2657,architecture,52,main,M3,500,2,2,10,elliptical,normal,balanced,0.1,0.05,1,gaussian,0.55,isolated,uniform,2,0.1,20,False,500,49,,,61,70,core,full_factorial
2658,architecture,52,main,M3,500,2,2,10,elliptical,normal,balanced,0.1,0.05,1,gaussian,0.55,isolated,uniform,2,0.1,20,False,500,49,,,71,80,core,full_factorial
2659,architecture,52,main,M3,500,2,2,10,elliptical,normal,balanced,0.1,0.05,1,gaussian,0.55,isolated,uniform,2,0.1,20,False,500,49,,,81,90,core,full_factorial
2660,architecture,52,main,M3,500,2,2,10,elliptical,normal,balanced,0.1,0.05,1,gaussian,0.55,isolated,uniform,2,0.1,20,False,500,49,,,91,100,core,full_factorial
2661,architecture,52,main,M3,500,2,2,10,elliptical,normal,balanced,0.1,0.05,1,gaussian,0.55,isolated,uniform,2,0.1,20,False,500,49,,,101,110,core,full_factorial
2662,architecture,52,main,M3,500,2,2,10,elliptical,normal,balanced,0.1,0.05,1,gaussian,0.55,isolated,uniform,2,0.1,20,False,500,49,,,111,120,core,full_factorial
2663,architecture,52,main,M3,500,2,2,10,elliptical,normal,balanced,0.1,0.05,1,gaussian,0.55,isolated,uniform,2,0.1,20,False,500,49,,,121,130,core,full_factorial
2664,architecture,52,main,M3,500,2,2,10,elliptical,normal,balanced,0.1,0.05,1,gaussian,0.55,isolated,uniform,2,0.1,20,False,500,49,,,131,140,core,full_factorial
2665,architecture,52,main,M3,500,2,2,10,elliptical,normal,balanced,0.1,0.05,1,gaussian,0.55,isolated,uniform,2,0.1,20,False,500,49,,,141,150,core,full_factorial
2666,architecture,52,main,M3,500,2,2,10,elliptical,normal,balanced,0.1,0.05,1,gaussian,0.55,isolated,uniform,2,0.1,20,False,500,49,,,151,160,core,full_factorial
2667,architecture,52,main,M3,500,2,2,10,elliptical,normal,balanced,0.1,0.05,1,gaussian,0.55,isolated,uniform,2,0.1,20,False,500,49,,,161,170,core,full_factorial
2668,architecture,52,main,M3,500,2,2,10,elliptical,normal,balanced,0.1,0.05,1,gaussian,0.55,isolated,uniform,2,0.1,20,False,500,49,,,171,180,core,full_factorial
2669,architecture,52,main,M3,500,2,2,10,elliptical,normal,balanced,0.1,0.05,1,gaussian,0.55,isolated,uniform,2,0.1,20,False,500,49,,,181,190,core,full_factorial
2670,architecture,52,main,M3,500,2,2,10,elliptical,normal,balanced,0.1,0.05,1,gaussian,0.55,isolated,uniform,2,0.1,20,False,500,49,,,191,200,core,full_factorial
2671,architecture,52,main,M3,500,2,2,10,elliptical,normal,balanced,0.1,0.05,1,gaussian,0.55,isolated,uniform,2,0.1,20,False,500,49,,,201,210,core,full_factorial
2672,architecture,52,main,M3,500,2,2,10,elliptical,normal,balanced,0.1,0.05,1,gaussian,0.55,isolated,uniform,2,0.1,20,False,500,49,,,211,220,core,full_factorial
2673,architecture,52,main,M3,500,2,2,10,elliptical,normal,balanced,0.1,0.05,1,gaussian,0.55,isolated,uniform,2,0.1,20,False,500,49,,,221,230,core,full_factorial
2674,architecture,52,main,M3,500,2,2,10,elliptical,normal,balanced,0.1,0.05,1,gaussian,0.55,isolated,uniform,2,0.1,20,False,500,49,,,231,240,core,full_factorial
2675,architecture,52,main,M3,500,2,2,10,elliptical,normal,balanced,0.1,0.05,1,gaussian,0.55,isolated,uniform,2,0.1,20,False,500,49,,,241,250,core,full_factorial
2676,architecture,52,main,M3,500,2,2,10,elliptical,normal,balanced,0.1,0.05,1,gaussian,0.55,isolated,uniform,2,0.1,20,False,500,49,,,251,260,core,full_factorial
2677,architecture,52,main,M3,500,2,2,10,elliptical,normal,balanced,0.1,0.05,1,gaussian,0.55,isolated,uniform,2,0.1,20,False,500,49,,,261,270,core,full_factorial
2678,architecture,52,main,M3,500,2,2,10,elliptical,normal,balanced,0.1,0.05,1,gaussian,0.55,isolated,uniform,2,0.1,20,False,500,49,,,271,280,core,full_factorial
2679,architecture,52,main,M3,500,2,2,10,elliptical,normal,balanced,0.1,0.05,1,gaussian,0.55,isolated,uniform,2,0.1,20,False,500,49,,,281,290,core,full_factorial
2680,architecture,52,main,M3,500,2,2,10,elliptical,normal,balanced,0.1,0.05,1,gaussian,0.55,isolated,uniform,2,0.1,20,False,500,49,,,291,300,core,full_factorial
2681,architecture,53,main,M3,500,5,2,6,spherical,normal,balanced,0.1,0.05,1,gaussian,0.55,isolated,uniform,2,0.1,20,False,500,49,,,1,10,core,full_factorial
2682,architecture,53,main,M3,500,5,2,6,spherical,normal,balanced,0.1,0.05,1,gaussian,0.55,isolated,uniform,2,0.1,20,False,500,49,,,11,20,core,full_factorial
2683,architecture,53,main,M3,500,5,2,6,spherical,normal,balanced,0.1,0.05,1,gaussian,0.55,isolated,uniform,2,0.1,20,False,500,49,,,21,30,core,full_factorial
2684,architecture,53,main,M3,500,5,2,6,spherical,normal,balanced,0.1,0.05,1,gaussian,0.55,isolated,uniform,2,0.1,20,False,500,49,,,31,40,core,full_factorial
2685,architecture,53,main,M3,500,5,2,6,spherical,normal,balanced,0.1,0.05,1,gaussian,0.55,isolated,uniform,2,0.1,20,False,500,49,,,41,50,core,full_factorial
2686,architecture,53,main,M3,500,5,2,6,spherical,normal,balanced,0.1,0.05,1,gaussian,0.55,isolated,uniform,2,0.1,20,False,500,49,,,51,60,core,full_factorial
2687,architecture,53,main,M3,500,5,2,6,spherical,normal,balanced,0.1,0.05,1,gaussian,0.55,isolated,uniform,2,0.1,20,False,500,49,,,61,70,core,full_factorial
2688,architecture,53,main,M3,500,5,2,6,spherical,normal,balanced,0.1,0.05,1,gaussian,0.55,isolated,uniform,2,0.1,20,False,500,49,,,71,80,core,full_factorial
2689,architecture,53,main,M3,500,5,2,6,spherical,normal,balanced,0.1,0.05,1,gaussian,0.55,isolated,uniform,2,0.1,20,False,500,49,,,81,90,core,full_factorial
2690,architecture,53,main,M3,500,5,2,6,spherical,normal,balanced,0.1,0.05,1,gaussian,0.55,isolated,uniform,2,0.1,20,False,500,49,,,91,100,core,full_factorial
2691,architecture,53,main,M3,500,5,2,6,spherical,normal,balanced,0.1,0.05,1,gaussian,0.55,isolated,uniform,2,0.1,20,False,500,49,,,101,110,core,full_factorial
2692,architecture,53,main,M3,500,5,2,6,spherical,normal,balanced,0.1,0.05,1,gaussian,0.55,isolated,uniform,2,0.1,20,False,500,49,,,111,120,core,full_factorial
2693,architecture,53,main,M3,500,5,2,6,spherical,normal,balanced,0.1,0.05,1,gaussian,0.55,isolated,uniform,2,0.1,20,False,500,49,,,121,130,core,full_factorial
2694,architecture,53,main,M3,500,5,2,6,spherical,normal,balanced,0.1,0.05,1,gaussian,0.55,isolated,uniform,2,0.1,20,False,500,49,,,131,140,core,full_factorial
2695,architecture,53,main,M3,500,5,2,6,spherical,normal,balanced,0.1,0.05,1,gaussian,0.55,isolated,uniform,2,0.1,20,False,500,49,,,141,150,core,full_factorial
2696,architecture,53,main,M3,500,5,2,6,spherical,normal,balanced,0.1,0.05,1,gaussian,0.55,isolated,uniform,2,0.1,20,False,500,49,,,151,160,core,full_factorial
2697,architecture,53,main,M3,500,5,2,6,spherical,normal,balanced,0.1,0.05,1,gaussian,0.55,isolated,uniform,2,0.1,20,False,500,49,,,161,170,core,full_factorial
2698,architecture,53,main,M3,500,5,2,6,spherical,normal,balanced,0.1,0.05,1,gaussian,0.55,isolated,uniform,2,0.1,20,False,500,49,,,171,180,core,full_factorial
2699,architecture,53,main,M3,500,5,2,6,spherical,normal,balanced,0.1,0.05,1,gaussian,0.55,isolated,uniform,2,0.1,20,False,500,49,,,181,190,core,full_factorial
2700,architecture,53,main,M3,500,5,2,6,spherical,normal,balanced,0.1,0.05,1,gaussian,0.55,isolated,uniform,2,0.1,20,False,500,49,,,191,200,core,full_factorial
2701,architecture,53,main,M3,500,5,2,6,spherical,normal,balanced,0.1,0.05,1,gaussian,0.55,isolated,uniform,2,0.1,20,False,500,49,,,201,210,core,full_factorial
2702,architecture,53,main,M3,500,5,2,6,spherical,normal,balanced,0.1,0.05,1,gaussian,0.55,isolated,uniform,2,0.1,20,False,500,49,,,211,220,core,full_factorial
2703,architecture,53,main,M3,500,5,2,6,spherical,normal,balanced,0.1,0.05,1,gaussian,0.55,isolated,uniform,2,0.1,20,False,500,49,,,221,230,core,full_factorial
2704,architecture,53,main,M3,500,5,2,6,spherical,normal,balanced,0.1,0.05,1,gaussian,0.55,isolated,uniform,2,0.1,20,False,500,49,,,231,240,core,full_factorial
2705,architecture,53,main,M3,500,5,2,6,spherical,normal,balanced,0.1,0.05,1,gaussian,0.55,isolated,uniform,2,0.1,20,False,500,49,,,241,250,core,full_factorial
2706,architecture,53,main,M3,500,5,2,6,spherical,normal,balanced,0.1,0.05,1,gaussian,0.55,isolated,uniform,2,0.1,20,False,500,49,,,251,260,core,full_factorial
2707,architecture,53,main,M3,500,5,2,6,spherical,normal,balanced,0.1,0.05,1,gaussian,0.55,isolated,uniform,2,0.1,20,False,500,49,,,261,270,core,full_factorial
2708,architecture,53,main,M3,500,5,2,6,spherical,normal,balanced,0.1,0.05,1,gaussian,0.55,isolated,uniform,2,0.1,20,False,500,49,,,271,280,core,full_factorial
2709,architecture,53,main,M3,500,5,2,6,spherical,normal,balanced,0.1,0.05,1,gaussian,0.55,isolated,uniform,2,0.1,20,False,500,49,,,281,290,core,full_factorial
2710,architecture,53,main,M3,500,5,2,6,spherical,normal,balanced,0.1,0.05,1,gaussian,0.55,isolated,uniform,2,0.1,20,False,500,49,,,291,300,core,full_factorial
2711,architecture,54,main,M3,500,5,2,10,spherical,normal,balanced,0.1,0.05,1,gaussian,0.55,isolated,uniform,2,0.1,20,False,500,49,,,1,10,core,full_factorial
2712,architecture,54,main,M3,500,5,2,10,spherical,normal,balanced,0.1,0.05,1,gaussian,0.55,isolated,uniform,2,0.1,20,False,500,49,,,11,20,core,full_factorial
2713,architecture,54,main,M3,500,5,2,10,spherical,normal,balanced,0.1,0.05,1,gaussian,0.55,isolated,uniform,2,0.1,20,False,500,49,,,21,30,core,full_factorial
2714,architecture,54,main,M3,500,5,2,10,spherical,normal,balanced,0.1,0.05,1,gaussian,0.55,isolated,uniform,2,0.1,20,False,500,49,,,31,40,core,full_factorial
2715,architecture,54,main,M3,500,5,2,10,spherical,normal,balanced,0.1,0.05,1,gaussian,0.55,isolated,uniform,2,0.1,20,False,500,49,,,41,50,core,full_factorial
2716,architecture,54,main,M3,500,5,2,10,spherical,normal,balanced,0.1,0.05,1,gaussian,0.55,isolated,uniform,2,0.1,20,False,500,49,,,51,60,core,full_factorial
2717,architecture,54,main,M3,500,5,2,10,spherical,normal,balanced,0.1,0.05,1,gaussian,0.55,isolated,uniform,2,0.1,20,False,500,49,,,61,70,core,full_factorial
2718,architecture,54,main,M3,500,5,2,10,spherical,normal,balanced,0.1,0.05,1,gaussian,0.55,isolated,uniform,2,0.1,20,False,500,49,,,71,80,core,full_factorial
2719,architecture,54,main,M3,500,5,2,10,spherical,normal,balanced,0.1,0.05,1,gaussian,0.55,isolated,uniform,2,0.1,20,False,500,49,,,81,90,core,full_factorial
2720,architecture,54,main,M3,500,5,2,10,spherical,normal,balanced,0.1,0.05,1,gaussian,0.55,isolated,uniform,2,0.1,20,False,500,49,,,91,100,core,full_factorial
2721,architecture,54,main,M3,500,5,2,10,spherical,normal,balanced,0.1,0.05,1,gaussian,0.55,isolated,uniform,2,0.1,20,False,500,49,,,101,110,core,full_factorial
2722,architecture,54,main,M3,500,5,2,10,spherical,normal,balanced,0.1,0.05,1,gaussian,0.55,isolated,uniform,2,0.1,20,False,500,49,,,111,120,core,full_factorial
2723,architecture,54,main,M3,500,5,2,10,spherical,normal,balanced,0.1,0.05,1,gaussian,0.55,isolated,uniform,2,0.1,20,False,500,49,,,121,130,core,full_factorial
2724,architecture,54,main,M3,500,5,2,10,spherical,normal,balanced,0.1,0.05,1,gaussian,0.55,isolated,uniform,2,0.1,20,False,500,49,,,131,140,core,full_factorial
2725,architecture,54,main,M3,500,5,2,10,spherical,normal,balanced,0.1,0.05,1,gaussian,0.55,isolated,uniform,2,0.1,20,False,500,49,,,141,150,core,full_factorial
2726,architecture,54,main,M3,500,5,2,10,spherical,normal,balanced,0.1,0.05,1,gaussian,0.55,isolated,uniform,2,0.1,20,False,500,49,,,151,160,core,full_factorial
2727,architecture,54,main,M3,500,5,2,10,spherical,normal,balanced,0.1,0.05,1,gaussian,0.55,isolated,uniform,2,0.1,20,False,500,49,,,161,170,core,full_factorial
2728,architecture,54,main,M3,500,5,2,10,spherical,normal,balanced,0.1,0.05,1,gaussian,0.55,isolated,uniform,2,0.1,20,False,500,49,,,171,180,core,full_factorial
2729,architecture,54,main,M3,500,5,2,10,spherical,normal,balanced,0.1,0.05,1,gaussian,0.55,isolated,uniform,2,0.1,20,False,500,49,,,181,190,core,full_factorial
2730,architecture,54,main,M3,500,5,2,10,spherical,normal,balanced,0.1,0.05,1,gaussian,0.55,isolated,uniform,2,0.1,20,False,500,49,,,191,200,core,full_factorial
2731,architecture,54,main,M3,500,5,2,10,spherical,normal,balanced,0.1,0.05,1,gaussian,0.55,isolated,uniform,2,0.1,20,False,500,49,,,201,210,core,full_factorial
2732,architecture,54,main,M3,500,5,2,10,spherical,normal,balanced,0.1,0.05,1,gaussian,0.55,isolated,uniform,2,0.1,20,False,500,49,,,211,220,core,full_factorial
2733,architecture,54,main,M3,500,5,2,10,spherical,normal,balanced,0.1,0.05,1,gaussian,0.55,isolated,uniform,2,0.1,20,False,500,49,,,221,230,core,full_factorial
2734,architecture,54,main,M3,500,5,2,10,spherical,normal,balanced,0.1,0.05,1,gaussian,0.55,isolated,uniform,2,0.1,20,False,500,49,,,231,240,core,full_factorial
2735,architecture,54,main,M3,500,5,2,10,spherical,normal,balanced,0.1,0.05,1,gaussian,0.55,isolated,uniform,2,0.1,20,False,500,49,,,241,250,core,full_factorial
2736,architecture,54,main,M3,500,5,2,10,spherical,normal,balanced,0.1,0.05,1,gaussian,0.55,isolated,uniform,2,0.1,20,False,500,49,,,251,260,core,full_factorial
2737,architecture,54,main,M3,500,5,2,10,spherical,normal,balanced,0.1,0.05,1,gaussian,0.55,isolated,uniform,2,0.1,20,False,500,49,,,261,270,core,full_factorial
2738,architecture,54,main,M3,500,5,2,10,spherical,normal,balanced,0.1,0.05,1,gaussian,0.55,isolated,uniform,2,0.1,20,False,500,49,,,271,280,core,full_factorial
2739,architecture,54,main,M3,500,5,2,10,spherical,normal,balanced,0.1,0.05,1,gaussian,0.55,isolated,uniform,2,0.1,20,False,500,49,,,281,290,core,full_factorial
2740,architecture,54,main,M3,500,5,2,10,spherical,normal,balanced,0.1,0.05,1,gaussian,0.55,isolated,uniform,2,0.1,20,False,500,49,,,291,300,core,full_factorial
2741,architecture,55,main,M3,500,5,2,6,elliptical,normal,balanced,0.1,0.05,1,gaussian,0.55,isolated,uniform,2,0.1,20,False,500,49,,,1,10,core,full_factorial
2742,architecture,55,main,M3,500,5,2,6,elliptical,normal,balanced,0.1,0.05,1,gaussian,0.55,isolated,uniform,2,0.1,20,False,500,49,,,11,20,core,full_factorial
2743,architecture,55,main,M3,500,5,2,6,elliptical,normal,balanced,0.1,0.05,1,gaussian,0.55,isolated,uniform,2,0.1,20,False,500,49,,,21,30,core,full_factorial
2744,architecture,55,main,M3,500,5,2,6,elliptical,normal,balanced,0.1,0.05,1,gaussian,0.55,isolated,uniform,2,0.1,20,False,500,49,,,31,40,core,full_factorial
2745,architecture,55,main,M3,500,5,2,6,elliptical,normal,balanced,0.1,0.05,1,gaussian,0.55,isolated,uniform,2,0.1,20,False,500,49,,,41,50,core,full_factorial
2746,architecture,55,main,M3,500,5,2,6,elliptical,normal,balanced,0.1,0.05,1,gaussian,0.55,isolated,uniform,2,0.1,20,False,500,49,,,51,60,core,full_factorial
2747,architecture,55,main,M3,500,5,2,6,elliptical,normal,balanced,0.1,0.05,1,gaussian,0.55,isolated,uniform,2,0.1,20,False,500,49,,,61,70,core,full_factorial
2748,architecture,55,main,M3,500,5,2,6,elliptical,normal,balanced,0.1,0.05,1,gaussian,0.55,isolated,uniform,2,0.1,20,False,500,49,,,71,80,core,full_factorial
2749,architecture,55,main,M3,500,5,2,6,elliptical,normal,balanced,0.1,0.05,1,gaussian,0.55,isolated,uniform,2,0.1,20,False,500,49,,,81,90,core,full_factorial
2750,architecture,55,main,M3,500,5,2,6,elliptical,normal,balanced,0.1,0.05,1,gaussian,0.55,isolated,uniform,2,0.1,20,False,500,49,,,91,100,core,full_factorial
2751,architecture,55,main,M3,500,5,2,6,elliptical,normal,balanced,0.1,0.05,1,gaussian,0.55,isolated,uniform,2,0.1,20,False,500,49,,,101,110,core,full_factorial
2752,architecture,55,main,M3,500,5,2,6,elliptical,normal,balanced,0.1,0.05,1,gaussian,0.55,isolated,uniform,2,0.1,20,False,500,49,,,111,120,core,full_factorial
2753,architecture,55,main,M3,500,5,2,6,elliptical,normal,balanced,0.1,0.05,1,gaussian,0.55,isolated,uniform,2,0.1,20,False,500,49,,,121,130,core,full_factorial
2754,architecture,55,main,M3,500,5,2,6,elliptical,normal,balanced,0.1,0.05,1,gaussian,0.55,isolated,uniform,2,0.1,20,False,500,49,,,131,140,core,full_factorial
2755,architecture,55,main,M3,500,5,2,6,elliptical,normal,balanced,0.1,0.05,1,gaussian,0.55,isolated,uniform,2,0.1,20,False,500,49,,,141,150,core,full_factorial
2756,architecture,55,main,M3,500,5,2,6,elliptical,normal,balanced,0.1,0.05,1,gaussian,0.55,isolated,uniform,2,0.1,20,False,500,49,,,151,160,core,full_factorial
2757,architecture,55,main,M3,500,5,2,6,elliptical,normal,balanced,0.1,0.05,1,gaussian,0.55,isolated,uniform,2,0.1,20,False,500,49,,,161,170,core,full_factorial
2758,architecture,55,main,M3,500,5,2,6,elliptical,normal,balanced,0.1,0.05,1,gaussian,0.55,isolated,uniform,2,0.1,20,False,500,49,,,171,180,core,full_factorial
2759,architecture,55,main,M3,500,5,2,6,elliptical,normal,balanced,0.1,0.05,1,gaussian,0.55,isolated,uniform,2,0.1,20,False,500,49,,,181,190,core,full_factorial
2760,architecture,55,main,M3,500,5,2,6,elliptical,normal,balanced,0.1,0.05,1,gaussian,0.55,isolated,uniform,2,0.1,20,False,500,49,,,191,200,core,full_factorial
2761,architecture,55,main,M3,500,5,2,6,elliptical,normal,balanced,0.1,0.05,1,gaussian,0.55,isolated,uniform,2,0.1,20,False,500,49,,,201,210,core,full_factorial
2762,architecture,55,main,M3,500,5,2,6,elliptical,normal,balanced,0.1,0.05,1,gaussian,0.55,isolated,uniform,2,0.1,20,False,500,49,,,211,220,core,full_factorial
2763,architecture,55,main,M3,500,5,2,6,elliptical,normal,balanced,0.1,0.05,1,gaussian,0.55,isolated,uniform,2,0.1,20,False,500,49,,,221,230,core,full_factorial
2764,architecture,55,main,M3,500,5,2,6,elliptical,normal,balanced,0.1,0.05,1,gaussian,0.55,isolated,uniform,2,0.1,20,False,500,49,,,231,240,core,full_factorial
2765,architecture,55,main,M3,500,5,2,6,elliptical,normal,balanced,0.1,0.05,1,gaussian,0.55,isolated,uniform,2,0.1,20,False,500,49,,,241,250,core,full_factorial
2766,architecture,55,main,M3,500,5,2,6,elliptical,normal,balanced,0.1,0.05,1,gaussian,0.55,isolated,uniform,2,0.1,20,False,500,49,,,251,260,core,full_factorial
2767,architecture,55,main,M3,500,5,2,6,elliptical,normal,balanced,0.1,0.05,1,gaussian,0.55,isolated,uniform,2,0.1,20,False,500,49,,,261,270,core,full_factorial
2768,architecture,55,main,M3,500,5,2,6,elliptical,normal,balanced,0.1,0.05,1,gaussian,0.55,isolated,uniform,2,0.1,20,False,500,49,,,271,280,core,full_factorial
2769,architecture,55,main,M3,500,5,2,6,elliptical,normal,balanced,0.1,0.05,1,gaussian,0.55,isolated,uniform,2,0.1,20,False,500,49,,,281,290,core,full_factorial
2770,architecture,55,main,M3,500,5,2,6,elliptical,normal,balanced,0.1,0.05,1,gaussian,0.55,isolated,uniform,2,0.1,20,False,500,49,,,291,300,core,full_factorial
2771,architecture,56,main,M3,500,5,2,10,elliptical,normal,balanced,0.1,0.05,1,gaussian,0.55,isolated,uniform,2,0.1,20,False,500,49,,,1,10,core,full_factorial
2772,architecture,56,main,M3,500,5,2,10,elliptical,normal,balanced,0.1,0.05,1,gaussian,0.55,isolated,uniform,2,0.1,20,False,500,49,,,11,20,core,full_factorial
2773,architecture,56,main,M3,500,5,2,10,elliptical,normal,balanced,0.1,0.05,1,gaussian,0.55,isolated,uniform,2,0.1,20,False,500,49,,,21,30,core,full_factorial
2774,architecture,56,main,M3,500,5,2,10,elliptical,normal,balanced,0.1,0.05,1,gaussian,0.55,isolated,uniform,2,0.1,20,False,500,49,,,31,40,core,full_factorial
2775,architecture,56,main,M3,500,5,2,10,elliptical,normal,balanced,0.1,0.05,1,gaussian,0.55,isolated,uniform,2,0.1,20,False,500,49,,,41,50,core,full_factorial
2776,architecture,56,main,M3,500,5,2,10,elliptical,normal,balanced,0.1,0.05,1,gaussian,0.55,isolated,uniform,2,0.1,20,False,500,49,,,51,60,core,full_factorial
2777,architecture,56,main,M3,500,5,2,10,elliptical,normal,balanced,0.1,0.05,1,gaussian,0.55,isolated,uniform,2,0.1,20,False,500,49,,,61,70,core,full_factorial
2778,architecture,56,main,M3,500,5,2,10,elliptical,normal,balanced,0.1,0.05,1,gaussian,0.55,isolated,uniform,2,0.1,20,False,500,49,,,71,80,core,full_factorial
2779,architecture,56,main,M3,500,5,2,10,elliptical,normal,balanced,0.1,0.05,1,gaussian,0.55,isolated,uniform,2,0.1,20,False,500,49,,,81,90,core,full_factorial
2780,architecture,56,main,M3,500,5,2,10,elliptical,normal,balanced,0.1,0.05,1,gaussian,0.55,isolated,uniform,2,0.1,20,False,500,49,,,91,100,core,full_factorial
2781,architecture,56,main,M3,500,5,2,10,elliptical,normal,balanced,0.1,0.05,1,gaussian,0.55,isolated,uniform,2,0.1,20,False,500,49,,,101,110,core,full_factorial
2782,architecture,56,main,M3,500,5,2,10,elliptical,normal,balanced,0.1,0.05,1,gaussian,0.55,isolated,uniform,2,0.1,20,False,500,49,,,111,120,core,full_factorial
2783,architecture,56,main,M3,500,5,2,10,elliptical,normal,balanced,0.1,0.05,1,gaussian,0.55,isolated,uniform,2,0.1,20,False,500,49,,,121,130,core,full_factorial
2784,architecture,56,main,M3,500,5,2,10,elliptical,normal,balanced,0.1,0.05,1,gaussian,0.55,isolated,uniform,2,0.1,20,False,500,49,,,131,140,core,full_factorial
2785,architecture,56,main,M3,500,5,2,10,elliptical,normal,balanced,0.1,0.05,1,gaussian,0.55,isolated,uniform,2,0.1,20,False,500,49,,,141,150,core,full_factorial
2786,architecture,56,main,M3,500,5,2,10,elliptical,normal,balanced,0.1,0.05,1,gaussian,0.55,isolated,uniform,2,0.1,20,False,500,49,,,151,160,core,full_factorial
2787,architecture,56,main,M3,500,5,2,10,elliptical,normal,balanced,0.1,0.05,1,gaussian,0.55,isolated,uniform,2,0.1,20,False,500,49,,,161,170,core,full_factorial
2788,architecture,56,main,M3,500,5,2,10,elliptical,normal,balanced,0.1,0.05,1,gaussian,0.55,isolated,uniform,2,0.1,20,False,500,49,,,171,180,core,full_factorial
2789,architecture,56,main,M3,500,5,2,10,elliptical,normal,balanced,0.1,0.05,1,gaussian,0.55,isolated,uniform,2,0.1,20,False,500,49,,,181,190,core,full_factorial
2790,architecture,56,main,M3,500,5,2,10,elliptical,normal,balanced,0.1,0.05,1,gaussian,0.55,isolated,uniform,2,0.1,20,False,500,49,,,191,200,core,full_factorial
2791,architecture,56,main,M3,500,5,2,10,elliptical,normal,balanced,0.1,0.05,1,gaussian,0.55,isolated,uniform,2,0.1,20,False,500,49,,,201,210,core,full_factorial
2792,architecture,56,main,M3,500,5,2,10,elliptical,normal,balanced,0.1,0.05,1,gaussian,0.55,isolated,uniform,2,0.1,20,False,500,49,,,211,220,core,full_factorial
2793,architecture,56,main,M3,500,5,2,10,elliptical,normal,balanced,0.1,0.05,1,gaussian,0.55,isolated,uniform,2,0.1,20,False,500,49,,,221,230,core,full_factorial
2794,architecture,56,main,M3,500,5,2,10,elliptical,normal,balanced,0.1,0.05,1,gaussian,0.55,isolated,uniform,2,0.1,20,False,500,49,,,231,240,core,full_factorial
2795,architecture,56,main,M3,500,5,2,10,elliptical,normal,balanced,0.1,0.05,1,gaussian,0.55,isolated,uniform,2,0.1,20,False,500,49,,,241,250,core,full_factorial
2796,architecture,56,main,M3,500,5,2,10,elliptical,normal,balanced,0.1,0.05,1,gaussian,0.55,isolated,uniform,2,0.1,20,False,500,49,,,251,260,core,full_factorial
2797,architecture,56,main,M3,500,5,2,10,elliptical,normal,balanced,0.1,0.05,1,gaussian,0.55,isolated,uniform,2,0.1,20,False,500,49,,,261,270,core,full_factorial
2798,architecture,56,main,M3,500,5,2,10,elliptical,normal,balanced,0.1,0.05,1,gaussian,0.55,isolated,uniform,2,0.1,20,False,500,49,,,271,280,core,full_factorial
2799,architecture,56,main,M3,500,5,2,10,elliptical,normal,balanced,0.1,0.05,1,gaussian,0.55,isolated,uniform,2,0.1,20,False,500,49,,,281,290,core,full_factorial
2800,architecture,56,main,M3,500,5,2,10,elliptical,normal,balanced,0.1,0.05,1,gaussian,0.55,isolated,uniform,2,0.1,20,False,500,49,,,291,300,core,full_factorial
2801,architecture,57,main,M3,1000,2,2,6,spherical,normal,balanced,0.1,0.05,1,gaussian,0.55,isolated,uniform,2,0.1,20,False,500,49,,,1,10,core,full_factorial
2802,architecture,57,main,M3,1000,2,2,6,spherical,normal,balanced,0.1,0.05,1,gaussian,0.55,isolated,uniform,2,0.1,20,False,500,49,,,11,20,core,full_factorial
2803,architecture,57,main,M3,1000,2,2,6,spherical,normal,balanced,0.1,0.05,1,gaussian,0.55,isolated,uniform,2,0.1,20,False,500,49,,,21,30,core,full_factorial
2804,architecture,57,main,M3,1000,2,2,6,spherical,normal,balanced,0.1,0.05,1,gaussian,0.55,isolated,uniform,2,0.1,20,False,500,49,,,31,40,core,full_factorial
2805,architecture,57,main,M3,1000,2,2,6,spherical,normal,balanced,0.1,0.05,1,gaussian,0.55,isolated,uniform,2,0.1,20,False,500,49,,,41,50,core,full_factorial
2806,architecture,57,main,M3,1000,2,2,6,spherical,normal,balanced,0.1,0.05,1,gaussian,0.55,isolated,uniform,2,0.1,20,False,500,49,,,51,60,core,full_factorial
2807,architecture,57,main,M3,1000,2,2,6,spherical,normal,balanced,0.1,0.05,1,gaussian,0.55,isolated,uniform,2,0.1,20,False,500,49,,,61,70,core,full_factorial
2808,architecture,57,main,M3,1000,2,2,6,spherical,normal,balanced,0.1,0.05,1,gaussian,0.55,isolated,uniform,2,0.1,20,False,500,49,,,71,80,core,full_factorial
2809,architecture,57,main,M3,1000,2,2,6,spherical,normal,balanced,0.1,0.05,1,gaussian,0.55,isolated,uniform,2,0.1,20,False,500,49,,,81,90,core,full_factorial
2810,architecture,57,main,M3,1000,2,2,6,spherical,normal,balanced,0.1,0.05,1,gaussian,0.55,isolated,uniform,2,0.1,20,False,500,49,,,91,100,core,full_factorial
2811,architecture,57,main,M3,1000,2,2,6,spherical,normal,balanced,0.1,0.05,1,gaussian,0.55,isolated,uniform,2,0.1,20,False,500,49,,,101,110,core,full_factorial
2812,architecture,57,main,M3,1000,2,2,6,spherical,normal,balanced,0.1,0.05,1,gaussian,0.55,isolated,uniform,2,0.1,20,False,500,49,,,111,120,core,full_factorial
2813,architecture,57,main,M3,1000,2,2,6,spherical,normal,balanced,0.1,0.05,1,gaussian,0.55,isolated,uniform,2,0.1,20,False,500,49,,,121,130,core,full_factorial
2814,architecture,57,main,M3,1000,2,2,6,spherical,normal,balanced,0.1,0.05,1,gaussian,0.55,isolated,uniform,2,0.1,20,False,500,49,,,131,140,core,full_factorial
2815,architecture,57,main,M3,1000,2,2,6,spherical,normal,balanced,0.1,0.05,1,gaussian,0.55,isolated,uniform,2,0.1,20,False,500,49,,,141,150,core,full_factorial
2816,architecture,57,main,M3,1000,2,2,6,spherical,normal,balanced,0.1,0.05,1,gaussian,0.55,isolated,uniform,2,0.1,20,False,500,49,,,151,160,core,full_factorial
2817,architecture,57,main,M3,1000,2,2,6,spherical,normal,balanced,0.1,0.05,1,gaussian,0.55,isolated,uniform,2,0.1,20,False,500,49,,,161,170,core,full_factorial
2818,architecture,57,main,M3,1000,2,2,6,spherical,normal,balanced,0.1,0.05,1,gaussian,0.55,isolated,uniform,2,0.1,20,False,500,49,,,171,180,core,full_factorial
2819,architecture,57,main,M3,1000,2,2,6,spherical,normal,balanced,0.1,0.05,1,gaussian,0.55,isolated,uniform,2,0.1,20,False,500,49,,,181,190,core,full_factorial
2820,architecture,57,main,M3,1000,2,2,6,spherical,normal,balanced,0.1,0.05,1,gaussian,0.55,isolated,uniform,2,0.1,20,False,500,49,,,191,200,core,full_factorial
2821,architecture,57,main,M3,1000,2,2,6,spherical,normal,balanced,0.1,0.05,1,gaussian,0.55,isolated,uniform,2,0.1,20,False,500,49,,,201,210,core,full_factorial
2822,architecture,57,main,M3,1000,2,2,6,spherical,normal,balanced,0.1,0.05,1,gaussian,0.55,isolated,uniform,2,0.1,20,False,500,49,,,211,220,core,full_factorial
2823,architecture,57,main,M3,1000,2,2,6,spherical,normal,balanced,0.1,0.05,1,gaussian,0.55,isolated,uniform,2,0.1,20,False,500,49,,,221,230,core,full_factorial
2824,architecture,57,main,M3,1000,2,2,6,spherical,normal,balanced,0.1,0.05,1,gaussian,0.55,isolated,uniform,2,0.1,20,False,500,49,,,231,240,core,full_factorial
2825,architecture,57,main,M3,1000,2,2,6,spherical,normal,balanced,0.1,0.05,1,gaussian,0.55,isolated,uniform,2,0.1,20,False,500,49,,,241,250,core,full_factorial
2826,architecture,57,main,M3,1000,2,2,6,spherical,normal,balanced,0.1,0.05,1,gaussian,0.55,isolated,uniform,2,0.1,20,False,500,49,,,251,260,core,full_factorial
2827,architecture,57,main,M3,1000,2,2,6,spherical,normal,balanced,0.1,0.05,1,gaussian,0.55,isolated,uniform,2,0.1,20,False,500,49,,,261,270,core,full_factorial
2828,architecture,57,main,M3,1000,2,2,6,spherical,normal,balanced,0.1,0.05,1,gaussian,0.55,isolated,uniform,2,0.1,20,False,500,49,,,271,280,core,full_factorial
2829,architecture,57,main,M3,1000,2,2,6,spherical,normal,balanced,0.1,0.05,1,gaussian,0.55,isolated,uniform,2,0.1,20,False,500,49,,,281,290,core,full_factorial
2830,architecture,57,main,M3,1000,2,2,6,spherical,normal,balanced,0.1,0.05,1,gaussian,0.55,isolated,uniform,2,0.1,20,False,500,49,,,291,300,core,full_factorial
2831,architecture,58,main,M3,1000,2,2,10,spherical,normal,balanced,0.1,0.05,1,gaussian,0.55,isolated,uniform,2,0.1,20,False,500,49,,,1,10,core,full_factorial
2832,architecture,58,main,M3,1000,2,2,10,spherical,normal,balanced,0.1,0.05,1,gaussian,0.55,isolated,uniform,2,0.1,20,False,500,49,,,11,20,core,full_factorial
2833,architecture,58,main,M3,1000,2,2,10,spherical,normal,balanced,0.1,0.05,1,gaussian,0.55,isolated,uniform,2,0.1,20,False,500,49,,,21,30,core,full_factorial
2834,architecture,58,main,M3,1000,2,2,10,spherical,normal,balanced,0.1,0.05,1,gaussian,0.55,isolated,uniform,2,0.1,20,False,500,49,,,31,40,core,full_factorial
2835,architecture,58,main,M3,1000,2,2,10,spherical,normal,balanced,0.1,0.05,1,gaussian,0.55,isolated,uniform,2,0.1,20,False,500,49,,,41,50,core,full_factorial
2836,architecture,58,main,M3,1000,2,2,10,spherical,normal,balanced,0.1,0.05,1,gaussian,0.55,isolated,uniform,2,0.1,20,False,500,49,,,51,60,core,full_factorial
2837,architecture,58,main,M3,1000,2,2,10,spherical,normal,balanced,0.1,0.05,1,gaussian,0.55,isolated,uniform,2,0.1,20,False,500,49,,,61,70,core,full_factorial
2838,architecture,58,main,M3,1000,2,2,10,spherical,normal,balanced,0.1,0.05,1,gaussian,0.55,isolated,uniform,2,0.1,20,False,500,49,,,71,80,core,full_factorial
2839,architecture,58,main,M3,1000,2,2,10,spherical,normal,balanced,0.1,0.05,1,gaussian,0.55,isolated,uniform,2,0.1,20,False,500,49,,,81,90,core,full_factorial
2840,architecture,58,main,M3,1000,2,2,10,spherical,normal,balanced,0.1,0.05,1,gaussian,0.55,isolated,uniform,2,0.1,20,False,500,49,,,91,100,core,full_factorial
2841,architecture,58,main,M3,1000,2,2,10,spherical,normal,balanced,0.1,0.05,1,gaussian,0.55,isolated,uniform,2,0.1,20,False,500,49,,,101,110,core,full_factorial
2842,architecture,58,main,M3,1000,2,2,10,spherical,normal,balanced,0.1,0.05,1,gaussian,0.55,isolated,uniform,2,0.1,20,False,500,49,,,111,120,core,full_factorial
2843,architecture,58,main,M3,1000,2,2,10,spherical,normal,balanced,0.1,0.05,1,gaussian,0.55,isolated,uniform,2,0.1,20,False,500,49,,,121,130,core,full_factorial
2844,architecture,58,main,M3,1000,2,2,10,spherical,normal,balanced,0.1,0.05,1,gaussian,0.55,isolated,uniform,2,0.1,20,False,500,49,,,131,140,core,full_factorial
2845,architecture,58,main,M3,1000,2,2,10,spherical,normal,balanced,0.1,0.05,1,gaussian,0.55,isolated,uniform,2,0.1,20,False,500,49,,,141,150,core,full_factorial
2846,architecture,58,main,M3,1000,2,2,10,spherical,normal,balanced,0.1,0.05,1,gaussian,0.55,isolated,uniform,2,0.1,20,False,500,49,,,151,160,core,full_factorial
2847,architecture,58,main,M3,1000,2,2,10,spherical,normal,balanced,0.1,0.05,1,gaussian,0.55,isolated,uniform,2,0.1,20,False,500,49,,,161,170,core,full_factorial
2848,architecture,58,main,M3,1000,2,2,10,spherical,normal,balanced,0.1,0.05,1,gaussian,0.55,isolated,uniform,2,0.1,20,False,500,49,,,171,180,core,full_factorial
2849,architecture,58,main,M3,1000,2,2,10,spherical,normal,balanced,0.1,0.05,1,gaussian,0.55,isolated,uniform,2,0.1,20,False,500,49,,,181,190,core,full_factorial
2850,architecture,58,main,M3,1000,2,2,10,spherical,normal,balanced,0.1,0.05,1,gaussian,0.55,isolated,uniform,2,0.1,20,False,500,49,,,191,200,core,full_factorial
2851,architecture,58,main,M3,1000,2,2,10,spherical,normal,balanced,0.1,0.05,1,gaussian,0.55,isolated,uniform,2,0.1,20,False,500,49,,,201,210,core,full_factorial
2852,architecture,58,main,M3,1000,2,2,10,spherical,normal,balanced,0.1,0.05,1,gaussian,0.55,isolated,uniform,2,0.1,20,False,500,49,,,211,220,core,full_factorial
2853,architecture,58,main,M3,1000,2,2,10,spherical,normal,balanced,0.1,0.05,1,gaussian,0.55,isolated,uniform,2,0.1,20,False,500,49,,,221,230,core,full_factorial
2854,architecture,58,main,M3,1000,2,2,10,spherical,normal,balanced,0.1,0.05,1,gaussian,0.55,isolated,uniform,2,0.1,20,False,500,49,,,231,240,core,full_factorial
2855,architecture,58,main,M3,1000,2,2,10,spherical,normal,balanced,0.1,0.05,1,gaussian,0.55,isolated,uniform,2,0.1,20,False,500,49,,,241,250,core,full_factorial
2856,architecture,58,main,M3,1000,2,2,10,spherical,normal,balanced,0.1,0.05,1,gaussian,0.55,isolated,uniform,2,0.1,20,False,500,49,,,251,260,core,full_factorial
2857,architecture,58,main,M3,1000,2,2,10,spherical,normal,balanced,0.1,0.05,1,gaussian,0.55,isolated,uniform,2,0.1,20,False,500,49,,,261,270,core,full_factorial
2858,architecture,58,main,M3,1000,2,2,10,spherical,normal,balanced,0.1,0.05,1,gaussian,0.55,isolated,uniform,2,0.1,20,False,500,49,,,271,280,core,full_factorial
2859,architecture,58,main,M3,1000,2,2,10,spherical,normal,balanced,0.1,0.05,1,gaussian,0.55,isolated,uniform,2,0.1,20,False,500,49,,,281,290,core,full_factorial
2860,architecture,58,main,M3,1000,2,2,10,spherical,normal,balanced,0.1,0.05,1,gaussian,0.55,isolated,uniform,2,0.1,20,False,500,49,,,291,300,core,full_factorial
2861,architecture,59,main,M3,1000,2,2,6,elliptical,normal,balanced,0.1,0.05,1,gaussian,0.55,isolated,uniform,2,0.1,20,False,500,49,,,1,10,core,full_factorial
2862,architecture,59,main,M3,1000,2,2,6,elliptical,normal,balanced,0.1,0.05,1,gaussian,0.55,isolated,uniform,2,0.1,20,False,500,49,,,11,20,core,full_factorial
2863,architecture,59,main,M3,1000,2,2,6,elliptical,normal,balanced,0.1,0.05,1,gaussian,0.55,isolated,uniform,2,0.1,20,False,500,49,,,21,30,core,full_factorial
2864,architecture,59,main,M3,1000,2,2,6,elliptical,normal,balanced,0.1,0.05,1,gaussian,0.55,isolated,uniform,2,0.1,20,False,500,49,,,31,40,core,full_factorial
2865,architecture,59,main,M3,1000,2,2,6,elliptical,normal,balanced,0.1,0.05,1,gaussian,0.55,isolated,uniform,2,0.1,20,False,500,49,,,41,50,core,full_factorial
2866,architecture,59,main,M3,1000,2,2,6,elliptical,normal,balanced,0.1,0.05,1,gaussian,0.55,isolated,uniform,2,0.1,20,False,500,49,,,51,60,core,full_factorial
2867,architecture,59,main,M3,1000,2,2,6,elliptical,normal,balanced,0.1,0.05,1,gaussian,0.55,isolated,uniform,2,0.1,20,False,500,49,,,61,70,core,full_factorial
2868,architecture,59,main,M3,1000,2,2,6,elliptical,normal,balanced,0.1,0.05,1,gaussian,0.55,isolated,uniform,2,0.1,20,False,500,49,,,71,80,core,full_factorial
2869,architecture,59,main,M3,1000,2,2,6,elliptical,normal,balanced,0.1,0.05,1,gaussian,0.55,isolated,uniform,2,0.1,20,False,500,49,,,81,90,core,full_factorial
2870,architecture,59,main,M3,1000,2,2,6,elliptical,normal,balanced,0.1,0.05,1,gaussian,0.55,isolated,uniform,2,0.1,20,False,500,49,,,91,100,core,full_factorial
2871,architecture,59,main,M3,1000,2,2,6,elliptical,normal,balanced,0.1,0.05,1,gaussian,0.55,isolated,uniform,2,0.1,20,False,500,49,,,101,110,core,full_factorial
2872,architecture,59,main,M3,1000,2,2,6,elliptical,normal,balanced,0.1,0.05,1,gaussian,0.55,isolated,uniform,2,0.1,20,False,500,49,,,111,120,core,full_factorial
2873,architecture,59,main,M3,1000,2,2,6,elliptical,normal,balanced,0.1,0.05,1,gaussian,0.55,isolated,uniform,2,0.1,20,False,500,49,,,121,130,core,full_factorial
2874,architecture,59,main,M3,1000,2,2,6,elliptical,normal,balanced,0.1,0.05,1,gaussian,0.55,isolated,uniform,2,0.1,20,False,500,49,,,131,140,core,full_factorial
2875,architecture,59,main,M3,1000,2,2,6,elliptical,normal,balanced,0.1,0.05,1,gaussian,0.55,isolated,uniform,2,0.1,20,False,500,49,,,141,150,core,full_factorial
2876,architecture,59,main,M3,1000,2,2,6,elliptical,normal,balanced,0.1,0.05,1,gaussian,0.55,isolated,uniform,2,0.1,20,False,500,49,,,151,160,core,full_factorial
2877,architecture,59,main,M3,1000,2,2,6,elliptical,normal,balanced,0.1,0.05,1,gaussian,0.55,isolated,uniform,2,0.1,20,False,500,49,,,161,170,core,full_factorial
2878,architecture,59,main,M3,1000,2,2,6,elliptical,normal,balanced,0.1,0.05,1,gaussian,0.55,isolated,uniform,2,0.1,20,False,500,49,,,171,180,core,full_factorial
2879,architecture,59,main,M3,1000,2,2,6,elliptical,normal,balanced,0.1,0.05,1,gaussian,0.55,isolated,uniform,2,0.1,20,False,500,49,,,181,190,core,full_factorial
2880,architecture,59,main,M3,1000,2,2,6,elliptical,normal,balanced,0.1,0.05,1,gaussian,0.55,isolated,uniform,2,0.1,20,False,500,49,,,191,200,core,full_factorial
2881,architecture,59,main,M3,1000,2,2,6,elliptical,normal,balanced,0.1,0.05,1,gaussian,0.55,isolated,uniform,2,0.1,20,False,500,49,,,201,210,core,full_factorial
2882,architecture,59,main,M3,1000,2,2,6,elliptical,normal,balanced,0.1,0.05,1,gaussian,0.55,isolated,uniform,2,0.1,20,False,500,49,,,211,220,core,full_factorial
2883,architecture,59,main,M3,1000,2,2,6,elliptical,normal,balanced,0.1,0.05,1,gaussian,0.55,isolated,uniform,2,0.1,20,False,500,49,,,221,230,core,full_factorial
2884,architecture,59,main,M3,1000,2,2,6,elliptical,normal,balanced,0.1,0.05,1,gaussian,0.55,isolated,uniform,2,0.1,20,False,500,49,,,231,240,core,full_factorial
2885,architecture,59,main,M3,1000,2,2,6,elliptical,normal,balanced,0.1,0.05,1,gaussian,0.55,isolated,uniform,2,0.1,20,False,500,49,,,241,250,core,full_factorial
2886,architecture,59,main,M3,1000,2,2,6,elliptical,normal,balanced,0.1,0.05,1,gaussian,0.55,isolated,uniform,2,0.1,20,False,500,49,,,251,260,core,full_factorial
2887,architecture,59,main,M3,1000,2,2,6,elliptical,normal,balanced,0.1,0.05,1,gaussian,0.55,isolated,uniform,2,0.1,20,False,500,49,,,261,270,core,full_factorial
2888,architecture,59,main,M3,1000,2,2,6,elliptical,normal,balanced,0.1,0.05,1,gaussian,0.55,isolated,uniform,2,0.1,20,False,500,49,,,271,280,core,full_factorial
2889,architecture,59,main,M3,1000,2,2,6,elliptical,normal,balanced,0.1,0.05,1,gaussian,0.55,isolated,uniform,2,0.1,20,False,500,49,,,281,290,core,full_factorial
2890,architecture,59,main,M3,1000,2,2,6,elliptical,normal,balanced,0.1,0.05,1,gaussian,0.55,isolated,uniform,2,0.1,20,False,500,49,,,291,300,core,full_factorial
2891,architecture,60,main,M3,1000,2,2,10,elliptical,normal,balanced,0.1,0.05,1,gaussian,0.55,isolated,uniform,2,0.1,20,False,500,49,,,1,10,core,full_factorial
2892,architecture,60,main,M3,1000,2,2,10,elliptical,normal,balanced,0.1,0.05,1,gaussian,0.55,isolated,uniform,2,0.1,20,False,500,49,,,11,20,core,full_factorial
2893,architecture,60,main,M3,1000,2,2,10,elliptical,normal,balanced,0.1,0.05,1,gaussian,0.55,isolated,uniform,2,0.1,20,False,500,49,,,21,30,core,full_factorial
2894,architecture,60,main,M3,1000,2,2,10,elliptical,normal,balanced,0.1,0.05,1,gaussian,0.55,isolated,uniform,2,0.1,20,False,500,49,,,31,40,core,full_factorial
2895,architecture,60,main,M3,1000,2,2,10,elliptical,normal,balanced,0.1,0.05,1,gaussian,0.55,isolated,uniform,2,0.1,20,False,500,49,,,41,50,core,full_factorial
2896,architecture,60,main,M3,1000,2,2,10,elliptical,normal,balanced,0.1,0.05,1,gaussian,0.55,isolated,uniform,2,0.1,20,False,500,49,,,51,60,core,full_factorial
2897,architecture,60,main,M3,1000,2,2,10,elliptical,normal,balanced,0.1,0.05,1,gaussian,0.55,isolated,uniform,2,0.1,20,False,500,49,,,61,70,core,full_factorial
2898,architecture,60,main,M3,1000,2,2,10,elliptical,normal,balanced,0.1,0.05,1,gaussian,0.55,isolated,uniform,2,0.1,20,False,500,49,,,71,80,core,full_factorial
2899,architecture,60,main,M3,1000,2,2,10,elliptical,normal,balanced,0.1,0.05,1,gaussian,0.55,isolated,uniform,2,0.1,20,False,500,49,,,81,90,core,full_factorial
2900,architecture,60,main,M3,1000,2,2,10,elliptical,normal,balanced,0.1,0.05,1,gaussian,0.55,isolated,uniform,2,0.1,20,False,500,49,,,91,100,core,full_factorial
2901,architecture,60,main,M3,1000,2,2,10,elliptical,normal,balanced,0.1,0.05,1,gaussian,0.55,isolated,uniform,2,0.1,20,False,500,49,,,101,110,core,full_factorial
2902,architecture,60,main,M3,1000,2,2,10,elliptical,normal,balanced,0.1,0.05,1,gaussian,0.55,isolated,uniform,2,0.1,20,False,500,49,,,111,120,core,full_factorial
2903,architecture,60,main,M3,1000,2,2,10,elliptical,normal,balanced,0.1,0.05,1,gaussian,0.55,isolated,uniform,2,0.1,20,False,500,49,,,121,130,core,full_factorial
2904,architecture,60,main,M3,1000,2,2,10,elliptical,normal,balanced,0.1,0.05,1,gaussian,0.55,isolated,uniform,2,0.1,20,False,500,49,,,131,140,core,full_factorial
2905,architecture,60,main,M3,1000,2,2,10,elliptical,normal,balanced,0.1,0.05,1,gaussian,0.55,isolated,uniform,2,0.1,20,False,500,49,,,141,150,core,full_factorial
2906,architecture,60,main,M3,1000,2,2,10,elliptical,normal,balanced,0.1,0.05,1,gaussian,0.55,isolated,uniform,2,0.1,20,False,500,49,,,151,160,core,full_factorial
2907,architecture,60,main,M3,1000,2,2,10,elliptical,normal,balanced,0.1,0.05,1,gaussian,0.55,isolated,uniform,2,0.1,20,False,500,49,,,161,170,core,full_factorial
2908,architecture,60,main,M3,1000,2,2,10,elliptical,normal,balanced,0.1,0.05,1,gaussian,0.55,isolated,uniform,2,0.1,20,False,500,49,,,171,180,core,full_factorial
2909,architecture,60,main,M3,1000,2,2,10,elliptical,normal,balanced,0.1,0.05,1,gaussian,0.55,isolated,uniform,2,0.1,20,False,500,49,,,181,190,core,full_factorial
2910,architecture,60,main,M3,1000,2,2,10,elliptical,normal,balanced,0.1,0.05,1,gaussian,0.55,isolated,uniform,2,0.1,20,False,500,49,,,191,200,core,full_factorial
2911,architecture,60,main,M3,1000,2,2,10,elliptical,normal,balanced,0.1,0.05,1,gaussian,0.55,isolated,uniform,2,0.1,20,False,500,49,,,201,210,core,full_factorial
2912,architecture,60,main,M3,1000,2,2,10,elliptical,normal,balanced,0.1,0.05,1,gaussian,0.55,isolated,uniform,2,0.1,20,False,500,49,,,211,220,core,full_factorial
2913,architecture,60,main,M3,1000,2,2,10,elliptical,normal,balanced,0.1,0.05,1,gaussian,0.55,isolated,uniform,2,0.1,20,False,500,49,,,221,230,core,full_factorial
2914,architecture,60,main,M3,1000,2,2,10,elliptical,normal,balanced,0.1,0.05,1,gaussian,0.55,isolated,uniform,2,0.1,20,False,500,49,,,231,240,core,full_factorial
2915,architecture,60,main,M3,1000,2,2,10,elliptical,normal,balanced,0.1,0.05,1,gaussian,0.55,isolated,uniform,2,0.1,20,False,500,49,,,241,250,core,full_factorial
2916,architecture,60,main,M3,1000,2,2,10,elliptical,normal,balanced,0.1,0.05,1,gaussian,0.55,isolated,uniform,2,0.1,20,False,500,49,,,251,260,core,full_factorial
2917,architecture,60,main,M3,1000,2,2,10,elliptical,normal,balanced,0.1,0.05,1,gaussian,0.55,isolated,uniform,2,0.1,20,False,500,49,,,261,270,core,full_factorial
2918,architecture,60,main,M3,1000,2,2,10,elliptical,normal,balanced,0.1,0.05,1,gaussian,0.55,isolated,uniform,2,0.1,20,False,500,49,,,271,280,core,full_factorial
2919,architecture,60,main,M3,1000,2,2,10,elliptical,normal,balanced,0.1,0.05,1,gaussian,0.55,isolated,uniform,2,0.1,20,False,500,49,,,281,290,core,full_factorial
2920,architecture,60,main,M3,1000,2,2,10,elliptical,normal,balanced,0.1,0.05,1,gaussian,0.55,isolated,uniform,2,0.1,20,False,500,49,,,291,300,core,full_factorial
2921,architecture,61,main,M3,1000,5,2,6,spherical,normal,balanced,0.1,0.05,1,gaussian,0.55,isolated,uniform,2,0.1,20,False,500,49,,,1,10,core,full_factorial
2922,architecture,61,main,M3,1000,5,2,6,spherical,normal,balanced,0.1,0.05,1,gaussian,0.55,isolated,uniform,2,0.1,20,False,500,49,,,11,20,core,full_factorial
2923,architecture,61,main,M3,1000,5,2,6,spherical,normal,balanced,0.1,0.05,1,gaussian,0.55,isolated,uniform,2,0.1,20,False,500,49,,,21,30,core,full_factorial
2924,architecture,61,main,M3,1000,5,2,6,spherical,normal,balanced,0.1,0.05,1,gaussian,0.55,isolated,uniform,2,0.1,20,False,500,49,,,31,40,core,full_factorial
2925,architecture,61,main,M3,1000,5,2,6,spherical,normal,balanced,0.1,0.05,1,gaussian,0.55,isolated,uniform,2,0.1,20,False,500,49,,,41,50,core,full_factorial
2926,architecture,61,main,M3,1000,5,2,6,spherical,normal,balanced,0.1,0.05,1,gaussian,0.55,isolated,uniform,2,0.1,20,False,500,49,,,51,60,core,full_factorial
2927,architecture,61,main,M3,1000,5,2,6,spherical,normal,balanced,0.1,0.05,1,gaussian,0.55,isolated,uniform,2,0.1,20,False,500,49,,,61,70,core,full_factorial
2928,architecture,61,main,M3,1000,5,2,6,spherical,normal,balanced,0.1,0.05,1,gaussian,0.55,isolated,uniform,2,0.1,20,False,500,49,,,71,80,core,full_factorial
2929,architecture,61,main,M3,1000,5,2,6,spherical,normal,balanced,0.1,0.05,1,gaussian,0.55,isolated,uniform,2,0.1,20,False,500,49,,,81,90,core,full_factorial
2930,architecture,61,main,M3,1000,5,2,6,spherical,normal,balanced,0.1,0.05,1,gaussian,0.55,isolated,uniform,2,0.1,20,False,500,49,,,91,100,core,full_factorial
2931,architecture,61,main,M3,1000,5,2,6,spherical,normal,balanced,0.1,0.05,1,gaussian,0.55,isolated,uniform,2,0.1,20,False,500,49,,,101,110,core,full_factorial
2932,architecture,61,main,M3,1000,5,2,6,spherical,normal,balanced,0.1,0.05,1,gaussian,0.55,isolated,uniform,2,0.1,20,False,500,49,,,111,120,core,full_factorial
2933,architecture,61,main,M3,1000,5,2,6,spherical,normal,balanced,0.1,0.05,1,gaussian,0.55,isolated,uniform,2,0.1,20,False,500,49,,,121,130,core,full_factorial
2934,architecture,61,main,M3,1000,5,2,6,spherical,normal,balanced,0.1,0.05,1,gaussian,0.55,isolated,uniform,2,0.1,20,False,500,49,,,131,140,core,full_factorial
2935,architecture,61,main,M3,1000,5,2,6,spherical,normal,balanced,0.1,0.05,1,gaussian,0.55,isolated,uniform,2,0.1,20,False,500,49,,,141,150,core,full_factorial
2936,architecture,61,main,M3,1000,5,2,6,spherical,normal,balanced,0.1,0.05,1,gaussian,0.55,isolated,uniform,2,0.1,20,False,500,49,,,151,160,core,full_factorial
2937,architecture,61,main,M3,1000,5,2,6,spherical,normal,balanced,0.1,0.05,1,gaussian,0.55,isolated,uniform,2,0.1,20,False,500,49,,,161,170,core,full_factorial
2938,architecture,61,main,M3,1000,5,2,6,spherical,normal,balanced,0.1,0.05,1,gaussian,0.55,isolated,uniform,2,0.1,20,False,500,49,,,171,180,core,full_factorial
2939,architecture,61,main,M3,1000,5,2,6,spherical,normal,balanced,0.1,0.05,1,gaussian,0.55,isolated,uniform,2,0.1,20,False,500,49,,,181,190,core,full_factorial
2940,architecture,61,main,M3,1000,5,2,6,spherical,normal,balanced,0.1,0.05,1,gaussian,0.55,isolated,uniform,2,0.1,20,False,500,49,,,191,200,core,full_factorial
2941,architecture,61,main,M3,1000,5,2,6,spherical,normal,balanced,0.1,0.05,1,gaussian,0.55,isolated,uniform,2,0.1,20,False,500,49,,,201,210,core,full_factorial
2942,architecture,61,main,M3,1000,5,2,6,spherical,normal,balanced,0.1,0.05,1,gaussian,0.55,isolated,uniform,2,0.1,20,False,500,49,,,211,220,core,full_factorial
2943,architecture,61,main,M3,1000,5,2,6,spherical,normal,balanced,0.1,0.05,1,gaussian,0.55,isolated,uniform,2,0.1,20,False,500,49,,,221,230,core,full_factorial
2944,architecture,61,main,M3,1000,5,2,6,spherical,normal,balanced,0.1,0.05,1,gaussian,0.55,isolated,uniform,2,0.1,20,False,500,49,,,231,240,core,full_factorial
2945,architecture,61,main,M3,1000,5,2,6,spherical,normal,balanced,0.1,0.05,1,gaussian,0.55,isolated,uniform,2,0.1,20,False,500,49,,,241,250,core,full_factorial
2946,architecture,61,main,M3,1000,5,2,6,spherical,normal,balanced,0.1,0.05,1,gaussian,0.55,isolated,uniform,2,0.1,20,False,500,49,,,251,260,core,full_factorial
2947,architecture,61,main,M3,1000,5,2,6,spherical,normal,balanced,0.1,0.05,1,gaussian,0.55,isolated,uniform,2,0.1,20,False,500,49,,,261,270,core,full_factorial
2948,architecture,61,main,M3,1000,5,2,6,spherical,normal,balanced,0.1,0.05,1,gaussian,0.55,isolated,uniform,2,0.1,20,False,500,49,,,271,280,core,full_factorial
2949,architecture,61,main,M3,1000,5,2,6,spherical,normal,balanced,0.1,0.05,1,gaussian,0.55,isolated,uniform,2,0.1,20,False,500,49,,,281,290,core,full_factorial
2950,architecture,61,main,M3,1000,5,2,6,spherical,normal,balanced,0.1,0.05,1,gaussian,0.55,isolated,uniform,2,0.1,20,False,500,49,,,291,300,core,full_factorial
2951,architecture,62,main,M3,1000,5,2,10,spherical,normal,balanced,0.1,0.05,1,gaussian,0.55,isolated,uniform,2,0.1,20,False,500,49,,,1,10,core,full_factorial
2952,architecture,62,main,M3,1000,5,2,10,spherical,normal,balanced,0.1,0.05,1,gaussian,0.55,isolated,uniform,2,0.1,20,False,500,49,,,11,20,core,full_factorial
2953,architecture,62,main,M3,1000,5,2,10,spherical,normal,balanced,0.1,0.05,1,gaussian,0.55,isolated,uniform,2,0.1,20,False,500,49,,,21,30,core,full_factorial
2954,architecture,62,main,M3,1000,5,2,10,spherical,normal,balanced,0.1,0.05,1,gaussian,0.55,isolated,uniform,2,0.1,20,False,500,49,,,31,40,core,full_factorial
2955,architecture,62,main,M3,1000,5,2,10,spherical,normal,balanced,0.1,0.05,1,gaussian,0.55,isolated,uniform,2,0.1,20,False,500,49,,,41,50,core,full_factorial
2956,architecture,62,main,M3,1000,5,2,10,spherical,normal,balanced,0.1,0.05,1,gaussian,0.55,isolated,uniform,2,0.1,20,False,500,49,,,51,60,core,full_factorial
2957,architecture,62,main,M3,1000,5,2,10,spherical,normal,balanced,0.1,0.05,1,gaussian,0.55,isolated,uniform,2,0.1,20,False,500,49,,,61,70,core,full_factorial
2958,architecture,62,main,M3,1000,5,2,10,spherical,normal,balanced,0.1,0.05,1,gaussian,0.55,isolated,uniform,2,0.1,20,False,500,49,,,71,80,core,full_factorial
2959,architecture,62,main,M3,1000,5,2,10,spherical,normal,balanced,0.1,0.05,1,gaussian,0.55,isolated,uniform,2,0.1,20,False,500,49,,,81,90,core,full_factorial
2960,architecture,62,main,M3,1000,5,2,10,spherical,normal,balanced,0.1,0.05,1,gaussian,0.55,isolated,uniform,2,0.1,20,False,500,49,,,91,100,core,full_factorial
2961,architecture,62,main,M3,1000,5,2,10,spherical,normal,balanced,0.1,0.05,1,gaussian,0.55,isolated,uniform,2,0.1,20,False,500,49,,,101,110,core,full_factorial
2962,architecture,62,main,M3,1000,5,2,10,spherical,normal,balanced,0.1,0.05,1,gaussian,0.55,isolated,uniform,2,0.1,20,False,500,49,,,111,120,core,full_factorial
2963,architecture,62,main,M3,1000,5,2,10,spherical,normal,balanced,0.1,0.05,1,gaussian,0.55,isolated,uniform,2,0.1,20,False,500,49,,,121,130,core,full_factorial
2964,architecture,62,main,M3,1000,5,2,10,spherical,normal,balanced,0.1,0.05,1,gaussian,0.55,isolated,uniform,2,0.1,20,False,500,49,,,131,140,core,full_factorial
2965,architecture,62,main,M3,1000,5,2,10,spherical,normal,balanced,0.1,0.05,1,gaussian,0.55,isolated,uniform,2,0.1,20,False,500,49,,,141,150,core,full_factorial
2966,architecture,62,main,M3,1000,5,2,10,spherical,normal,balanced,0.1,0.05,1,gaussian,0.55,isolated,uniform,2,0.1,20,False,500,49,,,151,160,core,full_factorial
2967,architecture,62,main,M3,1000,5,2,10,spherical,normal,balanced,0.1,0.05,1,gaussian,0.55,isolated,uniform,2,0.1,20,False,500,49,,,161,170,core,full_factorial
2968,architecture,62,main,M3,1000,5,2,10,spherical,normal,balanced,0.1,0.05,1,gaussian,0.55,isolated,uniform,2,0.1,20,False,500,49,,,171,180,core,full_factorial
2969,architecture,62,main,M3,1000,5,2,10,spherical,normal,balanced,0.1,0.05,1,gaussian,0.55,isolated,uniform,2,0.1,20,False,500,49,,,181,190,core,full_factorial
2970,architecture,62,main,M3,1000,5,2,10,spherical,normal,balanced,0.1,0.05,1,gaussian,0.55,isolated,uniform,2,0.1,20,False,500,49,,,191,200,core,full_factorial
2971,architecture,62,main,M3,1000,5,2,10,spherical,normal,balanced,0.1,0.05,1,gaussian,0.55,isolated,uniform,2,0.1,20,False,500,49,,,201,210,core,full_factorial
2972,architecture,62,main,M3,1000,5,2,10,spherical,normal,balanced,0.1,0.05,1,gaussian,0.55,isolated,uniform,2,0.1,20,False,500,49,,,211,220,core,full_factorial
2973,architecture,62,main,M3,1000,5,2,10,spherical,normal,balanced,0.1,0.05,1,gaussian,0.55,isolated,uniform,2,0.1,20,False,500,49,,,221,230,core,full_factorial
2974,architecture,62,main,M3,1000,5,2,10,spherical,normal,balanced,0.1,0.05,1,gaussian,0.55,isolated,uniform,2,0.1,20,False,500,49,,,231,240,core,full_factorial
2975,architecture,62,main,M3,1000,5,2,10,spherical,normal,balanced,0.1,0.05,1,gaussian,0.55,isolated,uniform,2,0.1,20,False,500,49,,,241,250,core,full_factorial
2976,architecture,62,main,M3,1000,5,2,10,spherical,normal,balanced,0.1,0.05,1,gaussian,0.55,isolated,uniform,2,0.1,20,False,500,49,,,251,260,core,full_factorial
2977,architecture,62,main,M3,1000,5,2,10,spherical,normal,balanced,0.1,0.05,1,gaussian,0.55,isolated,uniform,2,0.1,20,False,500,49,,,261,270,core,full_factorial
2978,architecture,62,main,M3,1000,5,2,10,spherical,normal,balanced,0.1,0.05,1,gaussian,0.55,isolated,uniform,2,0.1,20,False,500,49,,,271,280,core,full_factorial
2979,architecture,62,main,M3,1000,5,2,10,spherical,normal,balanced,0.1,0.05,1,gaussian,0.55,isolated,uniform,2,0.1,20,False,500,49,,,281,290,core,full_factorial
2980,architecture,62,main,M3,1000,5,2,10,spherical,normal,balanced,0.1,0.05,1,gaussian,0.55,isolated,uniform,2,0.1,20,False,500,49,,,291,300,core,full_factorial
2981,architecture,63,main,M3,1000,5,2,6,elliptical,normal,balanced,0.1,0.05,1,gaussian,0.55,isolated,uniform,2,0.1,20,False,500,49,,,1,10,core,full_factorial
2982,architecture,63,main,M3,1000,5,2,6,elliptical,normal,balanced,0.1,0.05,1,gaussian,0.55,isolated,uniform,2,0.1,20,False,500,49,,,11,20,core,full_factorial
2983,architecture,63,main,M3,1000,5,2,6,elliptical,normal,balanced,0.1,0.05,1,gaussian,0.55,isolated,uniform,2,0.1,20,False,500,49,,,21,30,core,full_factorial
2984,architecture,63,main,M3,1000,5,2,6,elliptical,normal,balanced,0.1,0.05,1,gaussian,0.55,isolated,uniform,2,0.1,20,False,500,49,,,31,40,core,full_factorial
2985,architecture,63,main,M3,1000,5,2,6,elliptical,normal,balanced,0.1,0.05,1,gaussian,0.55,isolated,uniform,2,0.1,20,False,500,49,,,41,50,core,full_factorial
2986,architecture,63,main,M3,1000,5,2,6,elliptical,normal,balanced,0.1,0.05,1,gaussian,0.55,isolated,uniform,2,0.1,20,False,500,49,,,51,60,core,full_factorial
2987,architecture,63,main,M3,1000,5,2,6,elliptical,normal,balanced,0.1,0.05,1,gaussian,0.55,isolated,uniform,2,0.1,20,False,500,49,,,61,70,core,full_factorial
2988,architecture,63,main,M3,1000,5,2,6,elliptical,normal,balanced,0.1,0.05,1,gaussian,0.55,isolated,uniform,2,0.1,20,False,500,49,,,71,80,core,full_factorial
2989,architecture,63,main,M3,1000,5,2,6,elliptical,normal,balanced,0.1,0.05,1,gaussian,0.55,isolated,uniform,2,0.1,20,False,500,49,,,81,90,core,full_factorial
2990,architecture,63,main,M3,1000,5,2,6,elliptical,normal,balanced,0.1,0.05,1,gaussian,0.55,isolated,uniform,2,0.1,20,False,500,49,,,91,100,core,full_factorial
2991,architecture,63,main,M3,1000,5,2,6,elliptical,normal,balanced,0.1,0.05,1,gaussian,0.55,isolated,uniform,2,0.1,20,False,500,49,,,101,110,core,full_factorial
2992,architecture,63,main,M3,1000,5,2,6,elliptical,normal,balanced,0.1,0.05,1,gaussian,0.55,isolated,uniform,2,0.1,20,False,500,49,,,111,120,core,full_factorial
2993,architecture,63,main,M3,1000,5,2,6,elliptical,normal,balanced,0.1,0.05,1,gaussian,0.55,isolated,uniform,2,0.1,20,False,500,49,,,121,130,core,full_factorial
2994,architecture,63,main,M3,1000,5,2,6,elliptical,normal,balanced,0.1,0.05,1,gaussian,0.55,isolated,uniform,2,0.1,20,False,500,49,,,131,140,core,full_factorial
2995,architecture,63,main,M3,1000,5,2,6,elliptical,normal,balanced,0.1,0.05,1,gaussian,0.55,isolated,uniform,2,0.1,20,False,500,49,,,141,150,core,full_factorial
2996,architecture,63,main,M3,1000,5,2,6,elliptical,normal,balanced,0.1,0.05,1,gaussian,0.55,isolated,uniform,2,0.1,20,False,500,49,,,151,160,core,full_factorial
2997,architecture,63,main,M3,1000,5,2,6,elliptical,normal,balanced,0.1,0.05,1,gaussian,0.55,isolated,uniform,2,0.1,20,False,500,49,,,161,170,core,full_factorial
2998,architecture,63,main,M3,1000,5,2,6,elliptical,normal,balanced,0.1,0.05,1,gaussian,0.55,isolated,uniform,2,0.1,20,False,500,49,,,171,180,core,full_factorial
2999,architecture,63,main,M3,1000,5,2,6,elliptical,normal,balanced,0.1,0.05,1,gaussian,0.55,isolated,uniform,2,0.1,20,False,500,49,,,181,190,core,full_factorial
3000,architecture,63,main,M3,1000,5,2,6,elliptical,normal,balanced,0.1,0.05,1,gaussian,0.55,isolated,uniform,2,0.1,20,False,500,49,,,191,200,core,full_factorial
3001,architecture,63,main,M3,1000,5,2,6,elliptical,normal,balanced,0.1,0.05,1,gaussian,0.55,isolated,uniform,2,0.1,20,False,500,49,,,201,210,core,full_factorial
3002,architecture,63,main,M3,1000,5,2,6,elliptical,normal,balanced,0.1,0.05,1,gaussian,0.55,isolated,uniform,2,0.1,20,False,500,49,,,211,220,core,full_factorial
3003,architecture,63,main,M3,1000,5,2,6,elliptical,normal,balanced,0.1,0.05,1,gaussian,0.55,isolated,uniform,2,0.1,20,False,500,49,,,221,230,core,full_factorial
3004,architecture,63,main,M3,1000,5,2,6,elliptical,normal,balanced,0.1,0.05,1,gaussian,0.55,isolated,uniform,2,0.1,20,False,500,49,,,231,240,core,full_factorial
3005,architecture,63,main,M3,1000,5,2,6,elliptical,normal,balanced,0.1,0.05,1,gaussian,0.55,isolated,uniform,2,0.1,20,False,500,49,,,241,250,core,full_factorial
3006,architecture,63,main,M3,1000,5,2,6,elliptical,normal,balanced,0.1,0.05,1,gaussian,0.55,isolated,uniform,2,0.1,20,False,500,49,,,251,260,core,full_factorial
3007,architecture,63,main,M3,1000,5,2,6,elliptical,normal,balanced,0.1,0.05,1,gaussian,0.55,isolated,uniform,2,0.1,20,False,500,49,,,261,270,core,full_factorial
3008,architecture,63,main,M3,1000,5,2,6,elliptical,normal,balanced,0.1,0.05,1,gaussian,0.55,isolated,uniform,2,0.1,20,False,500,49,,,271,280,core,full_factorial
3009,architecture,63,main,M3,1000,5,2,6,elliptical,normal,balanced,0.1,0.05,1,gaussian,0.55,isolated,uniform,2,0.1,20,False,500,49,,,281,290,core,full_factorial
3010,architecture,63,main,M3,1000,5,2,6,elliptical,normal,balanced,0.1,0.05,1,gaussian,0.55,isolated,uniform,2,0.1,20,False,500,49,,,291,300,core,full_factorial
3011,architecture,64,main,M3,1000,5,2,10,elliptical,normal,balanced,0.1,0.05,1,gaussian,0.55,isolated,uniform,2,0.1,20,False,500,49,,,1,10,core,full_factorial
3012,architecture,64,main,M3,1000,5,2,10,elliptical,normal,balanced,0.1,0.05,1,gaussian,0.55,isolated,uniform,2,0.1,20,False,500,49,,,11,20,core,full_factorial
3013,architecture,64,main,M3,1000,5,2,10,elliptical,normal,balanced,0.1,0.05,1,gaussian,0.55,isolated,uniform,2,0.1,20,False,500,49,,,21,30,core,full_factorial
3014,architecture,64,main,M3,1000,5,2,10,elliptical,normal,balanced,0.1,0.05,1,gaussian,0.55,isolated,uniform,2,0.1,20,False,500,49,,,31,40,core,full_factorial
3015,architecture,64,main,M3,1000,5,2,10,elliptical,normal,balanced,0.1,0.05,1,gaussian,0.55,isolated,uniform,2,0.1,20,False,500,49,,,41,50,core,full_factorial
3016,architecture,64,main,M3,1000,5,2,10,elliptical,normal,balanced,0.1,0.05,1,gaussian,0.55,isolated,uniform,2,0.1,20,False,500,49,,,51,60,core,full_factorial
3017,architecture,64,main,M3,1000,5,2,10,elliptical,normal,balanced,0.1,0.05,1,gaussian,0.55,isolated,uniform,2,0.1,20,False,500,49,,,61,70,core,full_factorial
3018,architecture,64,main,M3,1000,5,2,10,elliptical,normal,balanced,0.1,0.05,1,gaussian,0.55,isolated,uniform,2,0.1,20,False,500,49,,,71,80,core,full_factorial
3019,architecture,64,main,M3,1000,5,2,10,elliptical,normal,balanced,0.1,0.05,1,gaussian,0.55,isolated,uniform,2,0.1,20,False,500,49,,,81,90,core,full_factorial
3020,architecture,64,main,M3,1000,5,2,10,elliptical,normal,balanced,0.1,0.05,1,gaussian,0.55,isolated,uniform,2,0.1,20,False,500,49,,,91,100,core,full_factorial
3021,architecture,64,main,M3,1000,5,2,10,elliptical,normal,balanced,0.1,0.05,1,gaussian,0.55,isolated,uniform,2,0.1,20,False,500,49,,,101,110,core,full_factorial
3022,architecture,64,main,M3,1000,5,2,10,elliptical,normal,balanced,0.1,0.05,1,gaussian,0.55,isolated,uniform,2,0.1,20,False,500,49,,,111,120,core,full_factorial
3023,architecture,64,main,M3,1000,5,2,10,elliptical,normal,balanced,0.1,0.05,1,gaussian,0.55,isolated,uniform,2,0.1,20,False,500,49,,,121,130,core,full_factorial
3024,architecture,64,main,M3,1000,5,2,10,elliptical,normal,balanced,0.1,0.05,1,gaussian,0.55,isolated,uniform,2,0.1,20,False,500,49,,,131,140,core,full_factorial
3025,architecture,64,main,M3,1000,5,2,10,elliptical,normal,balanced,0.1,0.05,1,gaussian,0.55,isolated,uniform,2,0.1,20,False,500,49,,,141,150,core,full_factorial
3026,architecture,64,main,M3,1000,5,2,10,elliptical,normal,balanced,0.1,0.05,1,gaussian,0.55,isolated,uniform,2,0.1,20,False,500,49,,,151,160,core,full_factorial
3027,architecture,64,main,M3,1000,5,2,10,elliptical,normal,balanced,0.1,0.05,1,gaussian,0.55,isolated,uniform,2,0.1,20,False,500,49,,,161,170,core,full_factorial
3028,architecture,64,main,M3,1000,5,2,10,elliptical,normal,balanced,0.1,0.05,1,gaussian,0.55,isolated,uniform,2,0.1,20,False,500,49,,,171,180,core,full_factorial
3029,architecture,64,main,M3,1000,5,2,10,elliptical,normal,balanced,0.1,0.05,1,gaussian,0.55,isolated,uniform,2,0.1,20,False,500,49,,,181,190,core,full_factorial
3030,architecture,64,main,M3,1000,5,2,10,elliptical,normal,balanced,0.1,0.05,1,gaussian,0.55,isolated,uniform,2,0.1,20,False,500,49,,,191,200,core,full_factorial
3031,architecture,64,main,M3,1000,5,2,10,elliptical,normal,balanced,0.1,0.05,1,gaussian,0.55,isolated,uniform,2,0.1,20,False,500,49,,,201,210,core,full_factorial
3032,architecture,64,main,M3,1000,5,2,10,elliptical,normal,balanced,0.1,0.05,1,gaussian,0.55,isolated,uniform,2,0.1,20,False,500,49,,,211,220,core,full_factorial
3033,architecture,64,main,M3,1000,5,2,10,elliptical,normal,balanced,0.1,0.05,1,gaussian,0.55,isolated,uniform,2,0.1,20,False,500,49,,,221,230,core,full_factorial
3034,architecture,64,main,M3,1000,5,2,10,elliptical,normal,balanced,0.1,0.05,1,gaussian,0.55,isolated,uniform,2,0.1,20,False,500,49,,,231,240,core,full_factorial
3035,architecture,64,main,M3,1000,5,2,10,elliptical,normal,balanced,0.1,0.05,1,gaussian,0.55,isolated,uniform,2,0.1,20,False,500,49,,,241,250,core,full_factorial
3036,architecture,64,main,M3,1000,5,2,10,elliptical,normal,balanced,0.1,0.05,1,gaussian,0.55,isolated,uniform,2,0.1,20,False,500,49,,,251,260,core,full_factorial
3037,architecture,64,main,M3,1000,5,2,10,elliptical,normal,balanced,0.1,0.05,1,gaussian,0.55,isolated,uniform,2,0.1,20,False,500,49,,,261,270,core,full_factorial
3038,architecture,64,main,M3,1000,5,2,10,elliptical,normal,balanced,0.1,0.05,1,gaussian,0.55,isolated,uniform,2,0.1,20,False,500,49,,,271,280,core,full_factorial
3039,architecture,64,main,M3,1000,5,2,10,elliptical,normal,balanced,0.1,0.05,1,gaussian,0.55,isolated,uniform,2,0.1,20,False,500,49,,,281,290,core,full_factorial
3040,architecture,64,main,M3,1000,5,2,10,elliptical,normal,balanced,0.1,0.05,1,gaussian,0.55,isolated,uniform,2,0.1,20,False,500,49,,,291,300,core,full_factorial
3041,architecture,65,main,M4,500,2,2,6,spherical,normal,balanced,0.1,0.05,2,gaussian,0.2,isolated,uniform,2,0.1,20,False,500,49,,,1,10,core,full_factorial
3042,architecture,65,main,M4,500,2,2,6,spherical,normal,balanced,0.1,0.05,2,gaussian,0.2,isolated,uniform,2,0.1,20,False,500,49,,,11,20,core,full_factorial
3043,architecture,65,main,M4,500,2,2,6,spherical,normal,balanced,0.1,0.05,2,gaussian,0.2,isolated,uniform,2,0.1,20,False,500,49,,,21,30,core,full_factorial
3044,architecture,65,main,M4,500,2,2,6,spherical,normal,balanced,0.1,0.05,2,gaussian,0.2,isolated,uniform,2,0.1,20,False,500,49,,,31,40,core,full_factorial
3045,architecture,65,main,M4,500,2,2,6,spherical,normal,balanced,0.1,0.05,2,gaussian,0.2,isolated,uniform,2,0.1,20,False,500,49,,,41,50,core,full_factorial
3046,architecture,65,main,M4,500,2,2,6,spherical,normal,balanced,0.1,0.05,2,gaussian,0.2,isolated,uniform,2,0.1,20,False,500,49,,,51,60,core,full_factorial
3047,architecture,65,main,M4,500,2,2,6,spherical,normal,balanced,0.1,0.05,2,gaussian,0.2,isolated,uniform,2,0.1,20,False,500,49,,,61,70,core,full_factorial
3048,architecture,65,main,M4,500,2,2,6,spherical,normal,balanced,0.1,0.05,2,gaussian,0.2,isolated,uniform,2,0.1,20,False,500,49,,,71,80,core,full_factorial
3049,architecture,65,main,M4,500,2,2,6,spherical,normal,balanced,0.1,0.05,2,gaussian,0.2,isolated,uniform,2,0.1,20,False,500,49,,,81,90,core,full_factorial
3050,architecture,65,main,M4,500,2,2,6,spherical,normal,balanced,0.1,0.05,2,gaussian,0.2,isolated,uniform,2,0.1,20,False,500,49,,,91,100,core,full_factorial
3051,architecture,65,main,M4,500,2,2,6,spherical,normal,balanced,0.1,0.05,2,gaussian,0.2,isolated,uniform,2,0.1,20,False,500,49,,,101,110,core,full_factorial
3052,architecture,65,main,M4,500,2,2,6,spherical,normal,balanced,0.1,0.05,2,gaussian,0.2,isolated,uniform,2,0.1,20,False,500,49,,,111,120,core,full_factorial
3053,architecture,65,main,M4,500,2,2,6,spherical,normal,balanced,0.1,0.05,2,gaussian,0.2,isolated,uniform,2,0.1,20,False,500,49,,,121,130,core,full_factorial
3054,architecture,65,main,M4,500,2,2,6,spherical,normal,balanced,0.1,0.05,2,gaussian,0.2,isolated,uniform,2,0.1,20,False,500,49,,,131,140,core,full_factorial
3055,architecture,65,main,M4,500,2,2,6,spherical,normal,balanced,0.1,0.05,2,gaussian,0.2,isolated,uniform,2,0.1,20,False,500,49,,,141,150,core,full_factorial
3056,architecture,65,main,M4,500,2,2,6,spherical,normal,balanced,0.1,0.05,2,gaussian,0.2,isolated,uniform,2,0.1,20,False,500,49,,,151,160,core,full_factorial
3057,architecture,65,main,M4,500,2,2,6,spherical,normal,balanced,0.1,0.05,2,gaussian,0.2,isolated,uniform,2,0.1,20,False,500,49,,,161,170,core,full_factorial
3058,architecture,65,main,M4,500,2,2,6,spherical,normal,balanced,0.1,0.05,2,gaussian,0.2,isolated,uniform,2,0.1,20,False,500,49,,,171,180,core,full_factorial
3059,architecture,65,main,M4,500,2,2,6,spherical,normal,balanced,0.1,0.05,2,gaussian,0.2,isolated,uniform,2,0.1,20,False,500,49,,,181,190,core,full_factorial
3060,architecture,65,main,M4,500,2,2,6,spherical,normal,balanced,0.1,0.05,2,gaussian,0.2,isolated,uniform,2,0.1,20,False,500,49,,,191,200,core,full_factorial
3061,architecture,65,main,M4,500,2,2,6,spherical,normal,balanced,0.1,0.05,2,gaussian,0.2,isolated,uniform,2,0.1,20,False,500,49,,,201,210,core,full_factorial
3062,architecture,65,main,M4,500,2,2,6,spherical,normal,balanced,0.1,0.05,2,gaussian,0.2,isolated,uniform,2,0.1,20,False,500,49,,,211,220,core,full_factorial
3063,architecture,65,main,M4,500,2,2,6,spherical,normal,balanced,0.1,0.05,2,gaussian,0.2,isolated,uniform,2,0.1,20,False,500,49,,,221,230,core,full_factorial
3064,architecture,65,main,M4,500,2,2,6,spherical,normal,balanced,0.1,0.05,2,gaussian,0.2,isolated,uniform,2,0.1,20,False,500,49,,,231,240,core,full_factorial
3065,architecture,65,main,M4,500,2,2,6,spherical,normal,balanced,0.1,0.05,2,gaussian,0.2,isolated,uniform,2,0.1,20,False,500,49,,,241,250,core,full_factorial
3066,architecture,65,main,M4,500,2,2,6,spherical,normal,balanced,0.1,0.05,2,gaussian,0.2,isolated,uniform,2,0.1,20,False,500,49,,,251,260,core,full_factorial
3067,architecture,65,main,M4,500,2,2,6,spherical,normal,balanced,0.1,0.05,2,gaussian,0.2,isolated,uniform,2,0.1,20,False,500,49,,,261,270,core,full_factorial
3068,architecture,65,main,M4,500,2,2,6,spherical,normal,balanced,0.1,0.05,2,gaussian,0.2,isolated,uniform,2,0.1,20,False,500,49,,,271,280,core,full_factorial
3069,architecture,65,main,M4,500,2,2,6,spherical,normal,balanced,0.1,0.05,2,gaussian,0.2,isolated,uniform,2,0.1,20,False,500,49,,,281,290,core,full_factorial
3070,architecture,65,main,M4,500,2,2,6,spherical,normal,balanced,0.1,0.05,2,gaussian,0.2,isolated,uniform,2,0.1,20,False,500,49,,,291,300,core,full_factorial
3071,architecture,66,main,M4,500,2,2,10,spherical,normal,balanced,0.1,0.05,2,gaussian,0.2,isolated,uniform,2,0.1,20,False,500,49,,,1,10,core,full_factorial
3072,architecture,66,main,M4,500,2,2,10,spherical,normal,balanced,0.1,0.05,2,gaussian,0.2,isolated,uniform,2,0.1,20,False,500,49,,,11,20,core,full_factorial
3073,architecture,66,main,M4,500,2,2,10,spherical,normal,balanced,0.1,0.05,2,gaussian,0.2,isolated,uniform,2,0.1,20,False,500,49,,,21,30,core,full_factorial
3074,architecture,66,main,M4,500,2,2,10,spherical,normal,balanced,0.1,0.05,2,gaussian,0.2,isolated,uniform,2,0.1,20,False,500,49,,,31,40,core,full_factorial
3075,architecture,66,main,M4,500,2,2,10,spherical,normal,balanced,0.1,0.05,2,gaussian,0.2,isolated,uniform,2,0.1,20,False,500,49,,,41,50,core,full_factorial
3076,architecture,66,main,M4,500,2,2,10,spherical,normal,balanced,0.1,0.05,2,gaussian,0.2,isolated,uniform,2,0.1,20,False,500,49,,,51,60,core,full_factorial
3077,architecture,66,main,M4,500,2,2,10,spherical,normal,balanced,0.1,0.05,2,gaussian,0.2,isolated,uniform,2,0.1,20,False,500,49,,,61,70,core,full_factorial
3078,architecture,66,main,M4,500,2,2,10,spherical,normal,balanced,0.1,0.05,2,gaussian,0.2,isolated,uniform,2,0.1,20,False,500,49,,,71,80,core,full_factorial
3079,architecture,66,main,M4,500,2,2,10,spherical,normal,balanced,0.1,0.05,2,gaussian,0.2,isolated,uniform,2,0.1,20,False,500,49,,,81,90,core,full_factorial
3080,architecture,66,main,M4,500,2,2,10,spherical,normal,balanced,0.1,0.05,2,gaussian,0.2,isolated,uniform,2,0.1,20,False,500,49,,,91,100,core,full_factorial
3081,architecture,66,main,M4,500,2,2,10,spherical,normal,balanced,0.1,0.05,2,gaussian,0.2,isolated,uniform,2,0.1,20,False,500,49,,,101,110,core,full_factorial
3082,architecture,66,main,M4,500,2,2,10,spherical,normal,balanced,0.1,0.05,2,gaussian,0.2,isolated,uniform,2,0.1,20,False,500,49,,,111,120,core,full_factorial
3083,architecture,66,main,M4,500,2,2,10,spherical,normal,balanced,0.1,0.05,2,gaussian,0.2,isolated,uniform,2,0.1,20,False,500,49,,,121,130,core,full_factorial
3084,architecture,66,main,M4,500,2,2,10,spherical,normal,balanced,0.1,0.05,2,gaussian,0.2,isolated,uniform,2,0.1,20,False,500,49,,,131,140,core,full_factorial
3085,architecture,66,main,M4,500,2,2,10,spherical,normal,balanced,0.1,0.05,2,gaussian,0.2,isolated,uniform,2,0.1,20,False,500,49,,,141,150,core,full_factorial
3086,architecture,66,main,M4,500,2,2,10,spherical,normal,balanced,0.1,0.05,2,gaussian,0.2,isolated,uniform,2,0.1,20,False,500,49,,,151,160,core,full_factorial
3087,architecture,66,main,M4,500,2,2,10,spherical,normal,balanced,0.1,0.05,2,gaussian,0.2,isolated,uniform,2,0.1,20,False,500,49,,,161,170,core,full_factorial
3088,architecture,66,main,M4,500,2,2,10,spherical,normal,balanced,0.1,0.05,2,gaussian,0.2,isolated,uniform,2,0.1,20,False,500,49,,,171,180,core,full_factorial
3089,architecture,66,main,M4,500,2,2,10,spherical,normal,balanced,0.1,0.05,2,gaussian,0.2,isolated,uniform,2,0.1,20,False,500,49,,,181,190,core,full_factorial
3090,architecture,66,main,M4,500,2,2,10,spherical,normal,balanced,0.1,0.05,2,gaussian,0.2,isolated,uniform,2,0.1,20,False,500,49,,,191,200,core,full_factorial
3091,architecture,66,main,M4,500,2,2,10,spherical,normal,balanced,0.1,0.05,2,gaussian,0.2,isolated,uniform,2,0.1,20,False,500,49,,,201,210,core,full_factorial
3092,architecture,66,main,M4,500,2,2,10,spherical,normal,balanced,0.1,0.05,2,gaussian,0.2,isolated,uniform,2,0.1,20,False,500,49,,,211,220,core,full_factorial
3093,architecture,66,main,M4,500,2,2,10,spherical,normal,balanced,0.1,0.05,2,gaussian,0.2,isolated,uniform,2,0.1,20,False,500,49,,,221,230,core,full_factorial
3094,architecture,66,main,M4,500,2,2,10,spherical,normal,balanced,0.1,0.05,2,gaussian,0.2,isolated,uniform,2,0.1,20,False,500,49,,,231,240,core,full_factorial
3095,architecture,66,main,M4,500,2,2,10,spherical,normal,balanced,0.1,0.05,2,gaussian,0.2,isolated,uniform,2,0.1,20,False,500,49,,,241,250,core,full_factorial
3096,architecture,66,main,M4,500,2,2,10,spherical,normal,balanced,0.1,0.05,2,gaussian,0.2,isolated,uniform,2,0.1,20,False,500,49,,,251,260,core,full_factorial
3097,architecture,66,main,M4,500,2,2,10,spherical,normal,balanced,0.1,0.05,2,gaussian,0.2,isolated,uniform,2,0.1,20,False,500,49,,,261,270,core,full_factorial
3098,architecture,66,main,M4,500,2,2,10,spherical,normal,balanced,0.1,0.05,2,gaussian,0.2,isolated,uniform,2,0.1,20,False,500,49,,,271,280,core,full_factorial
3099,architecture,66,main,M4,500,2,2,10,spherical,normal,balanced,0.1,0.05,2,gaussian,0.2,isolated,uniform,2,0.1,20,False,500,49,,,281,290,core,full_factorial
3100,architecture,66,main,M4,500,2,2,10,spherical,normal,balanced,0.1,0.05,2,gaussian,0.2,isolated,uniform,2,0.1,20,False,500,49,,,291,300,core,full_factorial
3101,architecture,67,main,M4,500,2,2,6,elliptical,normal,balanced,0.1,0.05,2,gaussian,0.2,isolated,uniform,2,0.1,20,False,500,49,,,1,10,core,full_factorial
3102,architecture,67,main,M4,500,2,2,6,elliptical,normal,balanced,0.1,0.05,2,gaussian,0.2,isolated,uniform,2,0.1,20,False,500,49,,,11,20,core,full_factorial
3103,architecture,67,main,M4,500,2,2,6,elliptical,normal,balanced,0.1,0.05,2,gaussian,0.2,isolated,uniform,2,0.1,20,False,500,49,,,21,30,core,full_factorial
3104,architecture,67,main,M4,500,2,2,6,elliptical,normal,balanced,0.1,0.05,2,gaussian,0.2,isolated,uniform,2,0.1,20,False,500,49,,,31,40,core,full_factorial
3105,architecture,67,main,M4,500,2,2,6,elliptical,normal,balanced,0.1,0.05,2,gaussian,0.2,isolated,uniform,2,0.1,20,False,500,49,,,41,50,core,full_factorial
3106,architecture,67,main,M4,500,2,2,6,elliptical,normal,balanced,0.1,0.05,2,gaussian,0.2,isolated,uniform,2,0.1,20,False,500,49,,,51,60,core,full_factorial
3107,architecture,67,main,M4,500,2,2,6,elliptical,normal,balanced,0.1,0.05,2,gaussian,0.2,isolated,uniform,2,0.1,20,False,500,49,,,61,70,core,full_factorial
3108,architecture,67,main,M4,500,2,2,6,elliptical,normal,balanced,0.1,0.05,2,gaussian,0.2,isolated,uniform,2,0.1,20,False,500,49,,,71,80,core,full_factorial
3109,architecture,67,main,M4,500,2,2,6,elliptical,normal,balanced,0.1,0.05,2,gaussian,0.2,isolated,uniform,2,0.1,20,False,500,49,,,81,90,core,full_factorial
3110,architecture,67,main,M4,500,2,2,6,elliptical,normal,balanced,0.1,0.05,2,gaussian,0.2,isolated,uniform,2,0.1,20,False,500,49,,,91,100,core,full_factorial
3111,architecture,67,main,M4,500,2,2,6,elliptical,normal,balanced,0.1,0.05,2,gaussian,0.2,isolated,uniform,2,0.1,20,False,500,49,,,101,110,core,full_factorial
3112,architecture,67,main,M4,500,2,2,6,elliptical,normal,balanced,0.1,0.05,2,gaussian,0.2,isolated,uniform,2,0.1,20,False,500,49,,,111,120,core,full_factorial
3113,architecture,67,main,M4,500,2,2,6,elliptical,normal,balanced,0.1,0.05,2,gaussian,0.2,isolated,uniform,2,0.1,20,False,500,49,,,121,130,core,full_factorial
3114,architecture,67,main,M4,500,2,2,6,elliptical,normal,balanced,0.1,0.05,2,gaussian,0.2,isolated,uniform,2,0.1,20,False,500,49,,,131,140,core,full_factorial
3115,architecture,67,main,M4,500,2,2,6,elliptical,normal,balanced,0.1,0.05,2,gaussian,0.2,isolated,uniform,2,0.1,20,False,500,49,,,141,150,core,full_factorial
3116,architecture,67,main,M4,500,2,2,6,elliptical,normal,balanced,0.1,0.05,2,gaussian,0.2,isolated,uniform,2,0.1,20,False,500,49,,,151,160,core,full_factorial
3117,architecture,67,main,M4,500,2,2,6,elliptical,normal,balanced,0.1,0.05,2,gaussian,0.2,isolated,uniform,2,0.1,20,False,500,49,,,161,170,core,full_factorial
3118,architecture,67,main,M4,500,2,2,6,elliptical,normal,balanced,0.1,0.05,2,gaussian,0.2,isolated,uniform,2,0.1,20,False,500,49,,,171,180,core,full_factorial
3119,architecture,67,main,M4,500,2,2,6,elliptical,normal,balanced,0.1,0.05,2,gaussian,0.2,isolated,uniform,2,0.1,20,False,500,49,,,181,190,core,full_factorial
3120,architecture,67,main,M4,500,2,2,6,elliptical,normal,balanced,0.1,0.05,2,gaussian,0.2,isolated,uniform,2,0.1,20,False,500,49,,,191,200,core,full_factorial
3121,architecture,67,main,M4,500,2,2,6,elliptical,normal,balanced,0.1,0.05,2,gaussian,0.2,isolated,uniform,2,0.1,20,False,500,49,,,201,210,core,full_factorial
3122,architecture,67,main,M4,500,2,2,6,elliptical,normal,balanced,0.1,0.05,2,gaussian,0.2,isolated,uniform,2,0.1,20,False,500,49,,,211,220,core,full_factorial
3123,architecture,67,main,M4,500,2,2,6,elliptical,normal,balanced,0.1,0.05,2,gaussian,0.2,isolated,uniform,2,0.1,20,False,500,49,,,221,230,core,full_factorial
3124,architecture,67,main,M4,500,2,2,6,elliptical,normal,balanced,0.1,0.05,2,gaussian,0.2,isolated,uniform,2,0.1,20,False,500,49,,,231,240,core,full_factorial
3125,architecture,67,main,M4,500,2,2,6,elliptical,normal,balanced,0.1,0.05,2,gaussian,0.2,isolated,uniform,2,0.1,20,False,500,49,,,241,250,core,full_factorial
3126,architecture,67,main,M4,500,2,2,6,elliptical,normal,balanced,0.1,0.05,2,gaussian,0.2,isolated,uniform,2,0.1,20,False,500,49,,,251,260,core,full_factorial
3127,architecture,67,main,M4,500,2,2,6,elliptical,normal,balanced,0.1,0.05,2,gaussian,0.2,isolated,uniform,2,0.1,20,False,500,49,,,261,270,core,full_factorial
3128,architecture,67,main,M4,500,2,2,6,elliptical,normal,balanced,0.1,0.05,2,gaussian,0.2,isolated,uniform,2,0.1,20,False,500,49,,,271,280,core,full_factorial
3129,architecture,67,main,M4,500,2,2,6,elliptical,normal,balanced,0.1,0.05,2,gaussian,0.2,isolated,uniform,2,0.1,20,False,500,49,,,281,290,core,full_factorial
3130,architecture,67,main,M4,500,2,2,6,elliptical,normal,balanced,0.1,0.05,2,gaussian,0.2,isolated,uniform,2,0.1,20,False,500,49,,,291,300,core,full_factorial
3131,architecture,68,main,M4,500,2,2,10,elliptical,normal,balanced,0.1,0.05,2,gaussian,0.2,isolated,uniform,2,0.1,20,False,500,49,,,1,10,core,full_factorial
3132,architecture,68,main,M4,500,2,2,10,elliptical,normal,balanced,0.1,0.05,2,gaussian,0.2,isolated,uniform,2,0.1,20,False,500,49,,,11,20,core,full_factorial
3133,architecture,68,main,M4,500,2,2,10,elliptical,normal,balanced,0.1,0.05,2,gaussian,0.2,isolated,uniform,2,0.1,20,False,500,49,,,21,30,core,full_factorial
3134,architecture,68,main,M4,500,2,2,10,elliptical,normal,balanced,0.1,0.05,2,gaussian,0.2,isolated,uniform,2,0.1,20,False,500,49,,,31,40,core,full_factorial
3135,architecture,68,main,M4,500,2,2,10,elliptical,normal,balanced,0.1,0.05,2,gaussian,0.2,isolated,uniform,2,0.1,20,False,500,49,,,41,50,core,full_factorial
3136,architecture,68,main,M4,500,2,2,10,elliptical,normal,balanced,0.1,0.05,2,gaussian,0.2,isolated,uniform,2,0.1,20,False,500,49,,,51,60,core,full_factorial
3137,architecture,68,main,M4,500,2,2,10,elliptical,normal,balanced,0.1,0.05,2,gaussian,0.2,isolated,uniform,2,0.1,20,False,500,49,,,61,70,core,full_factorial
3138,architecture,68,main,M4,500,2,2,10,elliptical,normal,balanced,0.1,0.05,2,gaussian,0.2,isolated,uniform,2,0.1,20,False,500,49,,,71,80,core,full_factorial
3139,architecture,68,main,M4,500,2,2,10,elliptical,normal,balanced,0.1,0.05,2,gaussian,0.2,isolated,uniform,2,0.1,20,False,500,49,,,81,90,core,full_factorial
3140,architecture,68,main,M4,500,2,2,10,elliptical,normal,balanced,0.1,0.05,2,gaussian,0.2,isolated,uniform,2,0.1,20,False,500,49,,,91,100,core,full_factorial
3141,architecture,68,main,M4,500,2,2,10,elliptical,normal,balanced,0.1,0.05,2,gaussian,0.2,isolated,uniform,2,0.1,20,False,500,49,,,101,110,core,full_factorial
3142,architecture,68,main,M4,500,2,2,10,elliptical,normal,balanced,0.1,0.05,2,gaussian,0.2,isolated,uniform,2,0.1,20,False,500,49,,,111,120,core,full_factorial
3143,architecture,68,main,M4,500,2,2,10,elliptical,normal,balanced,0.1,0.05,2,gaussian,0.2,isolated,uniform,2,0.1,20,False,500,49,,,121,130,core,full_factorial
3144,architecture,68,main,M4,500,2,2,10,elliptical,normal,balanced,0.1,0.05,2,gaussian,0.2,isolated,uniform,2,0.1,20,False,500,49,,,131,140,core,full_factorial
3145,architecture,68,main,M4,500,2,2,10,elliptical,normal,balanced,0.1,0.05,2,gaussian,0.2,isolated,uniform,2,0.1,20,False,500,49,,,141,150,core,full_factorial
3146,architecture,68,main,M4,500,2,2,10,elliptical,normal,balanced,0.1,0.05,2,gaussian,0.2,isolated,uniform,2,0.1,20,False,500,49,,,151,160,core,full_factorial
3147,architecture,68,main,M4,500,2,2,10,elliptical,normal,balanced,0.1,0.05,2,gaussian,0.2,isolated,uniform,2,0.1,20,False,500,49,,,161,170,core,full_factorial
3148,architecture,68,main,M4,500,2,2,10,elliptical,normal,balanced,0.1,0.05,2,gaussian,0.2,isolated,uniform,2,0.1,20,False,500,49,,,171,180,core,full_factorial
3149,architecture,68,main,M4,500,2,2,10,elliptical,normal,balanced,0.1,0.05,2,gaussian,0.2,isolated,uniform,2,0.1,20,False,500,49,,,181,190,core,full_factorial
3150,architecture,68,main,M4,500,2,2,10,elliptical,normal,balanced,0.1,0.05,2,gaussian,0.2,isolated,uniform,2,0.1,20,False,500,49,,,191,200,core,full_factorial
3151,architecture,68,main,M4,500,2,2,10,elliptical,normal,balanced,0.1,0.05,2,gaussian,0.2,isolated,uniform,2,0.1,20,False,500,49,,,201,210,core,full_factorial
3152,architecture,68,main,M4,500,2,2,10,elliptical,normal,balanced,0.1,0.05,2,gaussian,0.2,isolated,uniform,2,0.1,20,False,500,49,,,211,220,core,full_factorial
3153,architecture,68,main,M4,500,2,2,10,elliptical,normal,balanced,0.1,0.05,2,gaussian,0.2,isolated,uniform,2,0.1,20,False,500,49,,,221,230,core,full_factorial
3154,architecture,68,main,M4,500,2,2,10,elliptical,normal,balanced,0.1,0.05,2,gaussian,0.2,isolated,uniform,2,0.1,20,False,500,49,,,231,240,core,full_factorial
3155,architecture,68,main,M4,500,2,2,10,elliptical,normal,balanced,0.1,0.05,2,gaussian,0.2,isolated,uniform,2,0.1,20,False,500,49,,,241,250,core,full_factorial
3156,architecture,68,main,M4,500,2,2,10,elliptical,normal,balanced,0.1,0.05,2,gaussian,0.2,isolated,uniform,2,0.1,20,False,500,49,,,251,260,core,full_factorial
3157,architecture,68,main,M4,500,2,2,10,elliptical,normal,balanced,0.1,0.05,2,gaussian,0.2,isolated,uniform,2,0.1,20,False,500,49,,,261,270,core,full_factorial
3158,architecture,68,main,M4,500,2,2,10,elliptical,normal,balanced,0.1,0.05,2,gaussian,0.2,isolated,uniform,2,0.1,20,False,500,49,,,271,280,core,full_factorial
3159,architecture,68,main,M4,500,2,2,10,elliptical,normal,balanced,0.1,0.05,2,gaussian,0.2,isolated,uniform,2,0.1,20,False,500,49,,,281,290,core,full_factorial
3160,architecture,68,main,M4,500,2,2,10,elliptical,normal,balanced,0.1,0.05,2,gaussian,0.2,isolated,uniform,2,0.1,20,False,500,49,,,291,300,core,full_factorial
3161,architecture,69,main,M4,500,5,2,6,spherical,normal,balanced,0.1,0.05,2,gaussian,0.2,isolated,uniform,2,0.1,20,False,500,49,,,1,10,core,full_factorial
3162,architecture,69,main,M4,500,5,2,6,spherical,normal,balanced,0.1,0.05,2,gaussian,0.2,isolated,uniform,2,0.1,20,False,500,49,,,11,20,core,full_factorial
3163,architecture,69,main,M4,500,5,2,6,spherical,normal,balanced,0.1,0.05,2,gaussian,0.2,isolated,uniform,2,0.1,20,False,500,49,,,21,30,core,full_factorial
3164,architecture,69,main,M4,500,5,2,6,spherical,normal,balanced,0.1,0.05,2,gaussian,0.2,isolated,uniform,2,0.1,20,False,500,49,,,31,40,core,full_factorial
3165,architecture,69,main,M4,500,5,2,6,spherical,normal,balanced,0.1,0.05,2,gaussian,0.2,isolated,uniform,2,0.1,20,False,500,49,,,41,50,core,full_factorial
3166,architecture,69,main,M4,500,5,2,6,spherical,normal,balanced,0.1,0.05,2,gaussian,0.2,isolated,uniform,2,0.1,20,False,500,49,,,51,60,core,full_factorial
3167,architecture,69,main,M4,500,5,2,6,spherical,normal,balanced,0.1,0.05,2,gaussian,0.2,isolated,uniform,2,0.1,20,False,500,49,,,61,70,core,full_factorial
3168,architecture,69,main,M4,500,5,2,6,spherical,normal,balanced,0.1,0.05,2,gaussian,0.2,isolated,uniform,2,0.1,20,False,500,49,,,71,80,core,full_factorial
3169,architecture,69,main,M4,500,5,2,6,spherical,normal,balanced,0.1,0.05,2,gaussian,0.2,isolated,uniform,2,0.1,20,False,500,49,,,81,90,core,full_factorial
3170,architecture,69,main,M4,500,5,2,6,spherical,normal,balanced,0.1,0.05,2,gaussian,0.2,isolated,uniform,2,0.1,20,False,500,49,,,91,100,core,full_factorial
3171,architecture,69,main,M4,500,5,2,6,spherical,normal,balanced,0.1,0.05,2,gaussian,0.2,isolated,uniform,2,0.1,20,False,500,49,,,101,110,core,full_factorial
3172,architecture,69,main,M4,500,5,2,6,spherical,normal,balanced,0.1,0.05,2,gaussian,0.2,isolated,uniform,2,0.1,20,False,500,49,,,111,120,core,full_factorial
3173,architecture,69,main,M4,500,5,2,6,spherical,normal,balanced,0.1,0.05,2,gaussian,0.2,isolated,uniform,2,0.1,20,False,500,49,,,121,130,core,full_factorial
3174,architecture,69,main,M4,500,5,2,6,spherical,normal,balanced,0.1,0.05,2,gaussian,0.2,isolated,uniform,2,0.1,20,False,500,49,,,131,140,core,full_factorial
3175,architecture,69,main,M4,500,5,2,6,spherical,normal,balanced,0.1,0.05,2,gaussian,0.2,isolated,uniform,2,0.1,20,False,500,49,,,141,150,core,full_factorial
3176,architecture,69,main,M4,500,5,2,6,spherical,normal,balanced,0.1,0.05,2,gaussian,0.2,isolated,uniform,2,0.1,20,False,500,49,,,151,160,core,full_factorial
3177,architecture,69,main,M4,500,5,2,6,spherical,normal,balanced,0.1,0.05,2,gaussian,0.2,isolated,uniform,2,0.1,20,False,500,49,,,161,170,core,full_factorial
3178,architecture,69,main,M4,500,5,2,6,spherical,normal,balanced,0.1,0.05,2,gaussian,0.2,isolated,uniform,2,0.1,20,False,500,49,,,171,180,core,full_factorial
3179,architecture,69,main,M4,500,5,2,6,spherical,normal,balanced,0.1,0.05,2,gaussian,0.2,isolated,uniform,2,0.1,20,False,500,49,,,181,190,core,full_factorial
3180,architecture,69,main,M4,500,5,2,6,spherical,normal,balanced,0.1,0.05,2,gaussian,0.2,isolated,uniform,2,0.1,20,False,500,49,,,191,200,core,full_factorial
3181,architecture,69,main,M4,500,5,2,6,spherical,normal,balanced,0.1,0.05,2,gaussian,0.2,isolated,uniform,2,0.1,20,False,500,49,,,201,210,core,full_factorial
3182,architecture,69,main,M4,500,5,2,6,spherical,normal,balanced,0.1,0.05,2,gaussian,0.2,isolated,uniform,2,0.1,20,False,500,49,,,211,220,core,full_factorial
3183,architecture,69,main,M4,500,5,2,6,spherical,normal,balanced,0.1,0.05,2,gaussian,0.2,isolated,uniform,2,0.1,20,False,500,49,,,221,230,core,full_factorial
3184,architecture,69,main,M4,500,5,2,6,spherical,normal,balanced,0.1,0.05,2,gaussian,0.2,isolated,uniform,2,0.1,20,False,500,49,,,231,240,core,full_factorial
3185,architecture,69,main,M4,500,5,2,6,spherical,normal,balanced,0.1,0.05,2,gaussian,0.2,isolated,uniform,2,0.1,20,False,500,49,,,241,250,core,full_factorial
3186,architecture,69,main,M4,500,5,2,6,spherical,normal,balanced,0.1,0.05,2,gaussian,0.2,isolated,uniform,2,0.1,20,False,500,49,,,251,260,core,full_factorial
3187,architecture,69,main,M4,500,5,2,6,spherical,normal,balanced,0.1,0.05,2,gaussian,0.2,isolated,uniform,2,0.1,20,False,500,49,,,261,270,core,full_factorial
3188,architecture,69,main,M4,500,5,2,6,spherical,normal,balanced,0.1,0.05,2,gaussian,0.2,isolated,uniform,2,0.1,20,False,500,49,,,271,280,core,full_factorial
3189,architecture,69,main,M4,500,5,2,6,spherical,normal,balanced,0.1,0.05,2,gaussian,0.2,isolated,uniform,2,0.1,20,False,500,49,,,281,290,core,full_factorial
3190,architecture,69,main,M4,500,5,2,6,spherical,normal,balanced,0.1,0.05,2,gaussian,0.2,isolated,uniform,2,0.1,20,False,500,49,,,291,300,core,full_factorial
3191,architecture,70,main,M4,500,5,2,10,spherical,normal,balanced,0.1,0.05,2,gaussian,0.2,isolated,uniform,2,0.1,20,False,500,49,,,1,10,core,full_factorial
3192,architecture,70,main,M4,500,5,2,10,spherical,normal,balanced,0.1,0.05,2,gaussian,0.2,isolated,uniform,2,0.1,20,False,500,49,,,11,20,core,full_factorial
3193,architecture,70,main,M4,500,5,2,10,spherical,normal,balanced,0.1,0.05,2,gaussian,0.2,isolated,uniform,2,0.1,20,False,500,49,,,21,30,core,full_factorial
3194,architecture,70,main,M4,500,5,2,10,spherical,normal,balanced,0.1,0.05,2,gaussian,0.2,isolated,uniform,2,0.1,20,False,500,49,,,31,40,core,full_factorial
3195,architecture,70,main,M4,500,5,2,10,spherical,normal,balanced,0.1,0.05,2,gaussian,0.2,isolated,uniform,2,0.1,20,False,500,49,,,41,50,core,full_factorial
3196,architecture,70,main,M4,500,5,2,10,spherical,normal,balanced,0.1,0.05,2,gaussian,0.2,isolated,uniform,2,0.1,20,False,500,49,,,51,60,core,full_factorial
3197,architecture,70,main,M4,500,5,2,10,spherical,normal,balanced,0.1,0.05,2,gaussian,0.2,isolated,uniform,2,0.1,20,False,500,49,,,61,70,core,full_factorial
3198,architecture,70,main,M4,500,5,2,10,spherical,normal,balanced,0.1,0.05,2,gaussian,0.2,isolated,uniform,2,0.1,20,False,500,49,,,71,80,core,full_factorial
3199,architecture,70,main,M4,500,5,2,10,spherical,normal,balanced,0.1,0.05,2,gaussian,0.2,isolated,uniform,2,0.1,20,False,500,49,,,81,90,core,full_factorial
3200,architecture,70,main,M4,500,5,2,10,spherical,normal,balanced,0.1,0.05,2,gaussian,0.2,isolated,uniform,2,0.1,20,False,500,49,,,91,100,core,full_factorial
3201,architecture,70,main,M4,500,5,2,10,spherical,normal,balanced,0.1,0.05,2,gaussian,0.2,isolated,uniform,2,0.1,20,False,500,49,,,101,110,core,full_factorial
3202,architecture,70,main,M4,500,5,2,10,spherical,normal,balanced,0.1,0.05,2,gaussian,0.2,isolated,uniform,2,0.1,20,False,500,49,,,111,120,core,full_factorial
3203,architecture,70,main,M4,500,5,2,10,spherical,normal,balanced,0.1,0.05,2,gaussian,0.2,isolated,uniform,2,0.1,20,False,500,49,,,121,130,core,full_factorial
3204,architecture,70,main,M4,500,5,2,10,spherical,normal,balanced,0.1,0.05,2,gaussian,0.2,isolated,uniform,2,0.1,20,False,500,49,,,131,140,core,full_factorial
3205,architecture,70,main,M4,500,5,2,10,spherical,normal,balanced,0.1,0.05,2,gaussian,0.2,isolated,uniform,2,0.1,20,False,500,49,,,141,150,core,full_factorial
3206,architecture,70,main,M4,500,5,2,10,spherical,normal,balanced,0.1,0.05,2,gaussian,0.2,isolated,uniform,2,0.1,20,False,500,49,,,151,160,core,full_factorial
3207,architecture,70,main,M4,500,5,2,10,spherical,normal,balanced,0.1,0.05,2,gaussian,0.2,isolated,uniform,2,0.1,20,False,500,49,,,161,170,core,full_factorial
3208,architecture,70,main,M4,500,5,2,10,spherical,normal,balanced,0.1,0.05,2,gaussian,0.2,isolated,uniform,2,0.1,20,False,500,49,,,171,180,core,full_factorial
3209,architecture,70,main,M4,500,5,2,10,spherical,normal,balanced,0.1,0.05,2,gaussian,0.2,isolated,uniform,2,0.1,20,False,500,49,,,181,190,core,full_factorial
3210,architecture,70,main,M4,500,5,2,10,spherical,normal,balanced,0.1,0.05,2,gaussian,0.2,isolated,uniform,2,0.1,20,False,500,49,,,191,200,core,full_factorial
3211,architecture,70,main,M4,500,5,2,10,spherical,normal,balanced,0.1,0.05,2,gaussian,0.2,isolated,uniform,2,0.1,20,False,500,49,,,201,210,core,full_factorial
3212,architecture,70,main,M4,500,5,2,10,spherical,normal,balanced,0.1,0.05,2,gaussian,0.2,isolated,uniform,2,0.1,20,False,500,49,,,211,220,core,full_factorial
3213,architecture,70,main,M4,500,5,2,10,spherical,normal,balanced,0.1,0.05,2,gaussian,0.2,isolated,uniform,2,0.1,20,False,500,49,,,221,230,core,full_factorial
3214,architecture,70,main,M4,500,5,2,10,spherical,normal,balanced,0.1,0.05,2,gaussian,0.2,isolated,uniform,2,0.1,20,False,500,49,,,231,240,core,full_factorial
3215,architecture,70,main,M4,500,5,2,10,spherical,normal,balanced,0.1,0.05,2,gaussian,0.2,isolated,uniform,2,0.1,20,False,500,49,,,241,250,core,full_factorial
3216,architecture,70,main,M4,500,5,2,10,spherical,normal,balanced,0.1,0.05,2,gaussian,0.2,isolated,uniform,2,0.1,20,False,500,49,,,251,260,core,full_factorial
3217,architecture,70,main,M4,500,5,2,10,spherical,normal,balanced,0.1,0.05,2,gaussian,0.2,isolated,uniform,2,0.1,20,False,500,49,,,261,270,core,full_factorial
3218,architecture,70,main,M4,500,5,2,10,spherical,normal,balanced,0.1,0.05,2,gaussian,0.2,isolated,uniform,2,0.1,20,False,500,49,,,271,280,core,full_factorial
3219,architecture,70,main,M4,500,5,2,10,spherical,normal,balanced,0.1,0.05,2,gaussian,0.2,isolated,uniform,2,0.1,20,False,500,49,,,281,290,core,full_factorial
3220,architecture,70,main,M4,500,5,2,10,spherical,normal,balanced,0.1,0.05,2,gaussian,0.2,isolated,uniform,2,0.1,20,False,500,49,,,291,300,core,full_factorial
3221,architecture,71,main,M4,500,5,2,6,elliptical,normal,balanced,0.1,0.05,2,gaussian,0.2,isolated,uniform,2,0.1,20,False,500,49,,,1,10,core,full_factorial
3222,architecture,71,main,M4,500,5,2,6,elliptical,normal,balanced,0.1,0.05,2,gaussian,0.2,isolated,uniform,2,0.1,20,False,500,49,,,11,20,core,full_factorial
3223,architecture,71,main,M4,500,5,2,6,elliptical,normal,balanced,0.1,0.05,2,gaussian,0.2,isolated,uniform,2,0.1,20,False,500,49,,,21,30,core,full_factorial
3224,architecture,71,main,M4,500,5,2,6,elliptical,normal,balanced,0.1,0.05,2,gaussian,0.2,isolated,uniform,2,0.1,20,False,500,49,,,31,40,core,full_factorial
3225,architecture,71,main,M4,500,5,2,6,elliptical,normal,balanced,0.1,0.05,2,gaussian,0.2,isolated,uniform,2,0.1,20,False,500,49,,,41,50,core,full_factorial
3226,architecture,71,main,M4,500,5,2,6,elliptical,normal,balanced,0.1,0.05,2,gaussian,0.2,isolated,uniform,2,0.1,20,False,500,49,,,51,60,core,full_factorial
3227,architecture,71,main,M4,500,5,2,6,elliptical,normal,balanced,0.1,0.05,2,gaussian,0.2,isolated,uniform,2,0.1,20,False,500,49,,,61,70,core,full_factorial
3228,architecture,71,main,M4,500,5,2,6,elliptical,normal,balanced,0.1,0.05,2,gaussian,0.2,isolated,uniform,2,0.1,20,False,500,49,,,71,80,core,full_factorial
3229,architecture,71,main,M4,500,5,2,6,elliptical,normal,balanced,0.1,0.05,2,gaussian,0.2,isolated,uniform,2,0.1,20,False,500,49,,,81,90,core,full_factorial
3230,architecture,71,main,M4,500,5,2,6,elliptical,normal,balanced,0.1,0.05,2,gaussian,0.2,isolated,uniform,2,0.1,20,False,500,49,,,91,100,core,full_factorial
3231,architecture,71,main,M4,500,5,2,6,elliptical,normal,balanced,0.1,0.05,2,gaussian,0.2,isolated,uniform,2,0.1,20,False,500,49,,,101,110,core,full_factorial
3232,architecture,71,main,M4,500,5,2,6,elliptical,normal,balanced,0.1,0.05,2,gaussian,0.2,isolated,uniform,2,0.1,20,False,500,49,,,111,120,core,full_factorial
3233,architecture,71,main,M4,500,5,2,6,elliptical,normal,balanced,0.1,0.05,2,gaussian,0.2,isolated,uniform,2,0.1,20,False,500,49,,,121,130,core,full_factorial
3234,architecture,71,main,M4,500,5,2,6,elliptical,normal,balanced,0.1,0.05,2,gaussian,0.2,isolated,uniform,2,0.1,20,False,500,49,,,131,140,core,full_factorial
3235,architecture,71,main,M4,500,5,2,6,elliptical,normal,balanced,0.1,0.05,2,gaussian,0.2,isolated,uniform,2,0.1,20,False,500,49,,,141,150,core,full_factorial
3236,architecture,71,main,M4,500,5,2,6,elliptical,normal,balanced,0.1,0.05,2,gaussian,0.2,isolated,uniform,2,0.1,20,False,500,49,,,151,160,core,full_factorial
3237,architecture,71,main,M4,500,5,2,6,elliptical,normal,balanced,0.1,0.05,2,gaussian,0.2,isolated,uniform,2,0.1,20,False,500,49,,,161,170,core,full_factorial
3238,architecture,71,main,M4,500,5,2,6,elliptical,normal,balanced,0.1,0.05,2,gaussian,0.2,isolated,uniform,2,0.1,20,False,500,49,,,171,180,core,full_factorial
3239,architecture,71,main,M4,500,5,2,6,elliptical,normal,balanced,0.1,0.05,2,gaussian,0.2,isolated,uniform,2,0.1,20,False,500,49,,,181,190,core,full_factorial
3240,architecture,71,main,M4,500,5,2,6,elliptical,normal,balanced,0.1,0.05,2,gaussian,0.2,isolated,uniform,2,0.1,20,False,500,49,,,191,200,core,full_factorial
3241,architecture,71,main,M4,500,5,2,6,elliptical,normal,balanced,0.1,0.05,2,gaussian,0.2,isolated,uniform,2,0.1,20,False,500,49,,,201,210,core,full_factorial
3242,architecture,71,main,M4,500,5,2,6,elliptical,normal,balanced,0.1,0.05,2,gaussian,0.2,isolated,uniform,2,0.1,20,False,500,49,,,211,220,core,full_factorial
3243,architecture,71,main,M4,500,5,2,6,elliptical,normal,balanced,0.1,0.05,2,gaussian,0.2,isolated,uniform,2,0.1,20,False,500,49,,,221,230,core,full_factorial
3244,architecture,71,main,M4,500,5,2,6,elliptical,normal,balanced,0.1,0.05,2,gaussian,0.2,isolated,uniform,2,0.1,20,False,500,49,,,231,240,core,full_factorial
3245,architecture,71,main,M4,500,5,2,6,elliptical,normal,balanced,0.1,0.05,2,gaussian,0.2,isolated,uniform,2,0.1,20,False,500,49,,,241,250,core,full_factorial
3246,architecture,71,main,M4,500,5,2,6,elliptical,normal,balanced,0.1,0.05,2,gaussian,0.2,isolated,uniform,2,0.1,20,False,500,49,,,251,260,core,full_factorial
3247,architecture,71,main,M4,500,5,2,6,elliptical,normal,balanced,0.1,0.05,2,gaussian,0.2,isolated,uniform,2,0.1,20,False,500,49,,,261,270,core,full_factorial
3248,architecture,71,main,M4,500,5,2,6,elliptical,normal,balanced,0.1,0.05,2,gaussian,0.2,isolated,uniform,2,0.1,20,False,500,49,,,271,280,core,full_factorial
3249,architecture,71,main,M4,500,5,2,6,elliptical,normal,balanced,0.1,0.05,2,gaussian,0.2,isolated,uniform,2,0.1,20,False,500,49,,,281,290,core,full_factorial
3250,architecture,71,main,M4,500,5,2,6,elliptical,normal,balanced,0.1,0.05,2,gaussian,0.2,isolated,uniform,2,0.1,20,False,500,49,,,291,300,core,full_factorial
3251,architecture,72,main,M4,500,5,2,10,elliptical,normal,balanced,0.1,0.05,2,gaussian,0.2,isolated,uniform,2,0.1,20,False,500,49,,,1,10,core,full_factorial
3252,architecture,72,main,M4,500,5,2,10,elliptical,normal,balanced,0.1,0.05,2,gaussian,0.2,isolated,uniform,2,0.1,20,False,500,49,,,11,20,core,full_factorial
3253,architecture,72,main,M4,500,5,2,10,elliptical,normal,balanced,0.1,0.05,2,gaussian,0.2,isolated,uniform,2,0.1,20,False,500,49,,,21,30,core,full_factorial
3254,architecture,72,main,M4,500,5,2,10,elliptical,normal,balanced,0.1,0.05,2,gaussian,0.2,isolated,uniform,2,0.1,20,False,500,49,,,31,40,core,full_factorial
3255,architecture,72,main,M4,500,5,2,10,elliptical,normal,balanced,0.1,0.05,2,gaussian,0.2,isolated,uniform,2,0.1,20,False,500,49,,,41,50,core,full_factorial
3256,architecture,72,main,M4,500,5,2,10,elliptical,normal,balanced,0.1,0.05,2,gaussian,0.2,isolated,uniform,2,0.1,20,False,500,49,,,51,60,core,full_factorial
3257,architecture,72,main,M4,500,5,2,10,elliptical,normal,balanced,0.1,0.05,2,gaussian,0.2,isolated,uniform,2,0.1,20,False,500,49,,,61,70,core,full_factorial
3258,architecture,72,main,M4,500,5,2,10,elliptical,normal,balanced,0.1,0.05,2,gaussian,0.2,isolated,uniform,2,0.1,20,False,500,49,,,71,80,core,full_factorial
3259,architecture,72,main,M4,500,5,2,10,elliptical,normal,balanced,0.1,0.05,2,gaussian,0.2,isolated,uniform,2,0.1,20,False,500,49,,,81,90,core,full_factorial
3260,architecture,72,main,M4,500,5,2,10,elliptical,normal,balanced,0.1,0.05,2,gaussian,0.2,isolated,uniform,2,0.1,20,False,500,49,,,91,100,core,full_factorial
3261,architecture,72,main,M4,500,5,2,10,elliptical,normal,balanced,0.1,0.05,2,gaussian,0.2,isolated,uniform,2,0.1,20,False,500,49,,,101,110,core,full_factorial
3262,architecture,72,main,M4,500,5,2,10,elliptical,normal,balanced,0.1,0.05,2,gaussian,0.2,isolated,uniform,2,0.1,20,False,500,49,,,111,120,core,full_factorial
3263,architecture,72,main,M4,500,5,2,10,elliptical,normal,balanced,0.1,0.05,2,gaussian,0.2,isolated,uniform,2,0.1,20,False,500,49,,,121,130,core,full_factorial
3264,architecture,72,main,M4,500,5,2,10,elliptical,normal,balanced,0.1,0.05,2,gaussian,0.2,isolated,uniform,2,0.1,20,False,500,49,,,131,140,core,full_factorial
3265,architecture,72,main,M4,500,5,2,10,elliptical,normal,balanced,0.1,0.05,2,gaussian,0.2,isolated,uniform,2,0.1,20,False,500,49,,,141,150,core,full_factorial
3266,architecture,72,main,M4,500,5,2,10,elliptical,normal,balanced,0.1,0.05,2,gaussian,0.2,isolated,uniform,2,0.1,20,False,500,49,,,151,160,core,full_factorial
3267,architecture,72,main,M4,500,5,2,10,elliptical,normal,balanced,0.1,0.05,2,gaussian,0.2,isolated,uniform,2,0.1,20,False,500,49,,,161,170,core,full_factorial
3268,architecture,72,main,M4,500,5,2,10,elliptical,normal,balanced,0.1,0.05,2,gaussian,0.2,isolated,uniform,2,0.1,20,False,500,49,,,171,180,core,full_factorial
3269,architecture,72,main,M4,500,5,2,10,elliptical,normal,balanced,0.1,0.05,2,gaussian,0.2,isolated,uniform,2,0.1,20,False,500,49,,,181,190,core,full_factorial
3270,architecture,72,main,M4,500,5,2,10,elliptical,normal,balanced,0.1,0.05,2,gaussian,0.2,isolated,uniform,2,0.1,20,False,500,49,,,191,200,core,full_factorial
3271,architecture,72,main,M4,500,5,2,10,elliptical,normal,balanced,0.1,0.05,2,gaussian,0.2,isolated,uniform,2,0.1,20,False,500,49,,,201,210,core,full_factorial
3272,architecture,72,main,M4,500,5,2,10,elliptical,normal,balanced,0.1,0.05,2,gaussian,0.2,isolated,uniform,2,0.1,20,False,500,49,,,211,220,core,full_factorial
3273,architecture,72,main,M4,500,5,2,10,elliptical,normal,balanced,0.1,0.05,2,gaussian,0.2,isolated,uniform,2,0.1,20,False,500,49,,,221,230,core,full_factorial
3274,architecture,72,main,M4,500,5,2,10,elliptical,normal,balanced,0.1,0.05,2,gaussian,0.2,isolated,uniform,2,0.1,20,False,500,49,,,231,240,core,full_factorial
3275,architecture,72,main,M4,500,5,2,10,elliptical,normal,balanced,0.1,0.05,2,gaussian,0.2,isolated,uniform,2,0.1,20,False,500,49,,,241,250,core,full_factorial
3276,architecture,72,main,M4,500,5,2,10,elliptical,normal,balanced,0.1,0.05,2,gaussian,0.2,isolated,uniform,2,0.1,20,False,500,49,,,251,260,core,full_factorial
3277,architecture,72,main,M4,500,5,2,10,elliptical,normal,balanced,0.1,0.05,2,gaussian,0.2,isolated,uniform,2,0.1,20,False,500,49,,,261,270,core,full_factorial
3278,architecture,72,main,M4,500,5,2,10,elliptical,normal,balanced,0.1,0.05,2,gaussian,0.2,isolated,uniform,2,0.1,20,False,500,49,,,271,280,core,full_factorial
3279,architecture,72,main,M4,500,5,2,10,elliptical,normal,balanced,0.1,0.05,2,gaussian,0.2,isolated,uniform,2,0.1,20,False,500,49,,,281,290,core,full_factorial
3280,architecture,72,main,M4,500,5,2,10,elliptical,normal,balanced,0.1,0.05,2,gaussian,0.2,isolated,uniform,2,0.1,20,False,500,49,,,291,300,core,full_factorial
3281,architecture,73,main,M4,1000,2,2,6,spherical,normal,balanced,0.1,0.05,2,gaussian,0.2,isolated,uniform,2,0.1,20,False,500,49,,,1,10,core,full_factorial
3282,architecture,73,main,M4,1000,2,2,6,spherical,normal,balanced,0.1,0.05,2,gaussian,0.2,isolated,uniform,2,0.1,20,False,500,49,,,11,20,core,full_factorial
3283,architecture,73,main,M4,1000,2,2,6,spherical,normal,balanced,0.1,0.05,2,gaussian,0.2,isolated,uniform,2,0.1,20,False,500,49,,,21,30,core,full_factorial
3284,architecture,73,main,M4,1000,2,2,6,spherical,normal,balanced,0.1,0.05,2,gaussian,0.2,isolated,uniform,2,0.1,20,False,500,49,,,31,40,core,full_factorial
3285,architecture,73,main,M4,1000,2,2,6,spherical,normal,balanced,0.1,0.05,2,gaussian,0.2,isolated,uniform,2,0.1,20,False,500,49,,,41,50,core,full_factorial
3286,architecture,73,main,M4,1000,2,2,6,spherical,normal,balanced,0.1,0.05,2,gaussian,0.2,isolated,uniform,2,0.1,20,False,500,49,,,51,60,core,full_factorial
3287,architecture,73,main,M4,1000,2,2,6,spherical,normal,balanced,0.1,0.05,2,gaussian,0.2,isolated,uniform,2,0.1,20,False,500,49,,,61,70,core,full_factorial
3288,architecture,73,main,M4,1000,2,2,6,spherical,normal,balanced,0.1,0.05,2,gaussian,0.2,isolated,uniform,2,0.1,20,False,500,49,,,71,80,core,full_factorial
3289,architecture,73,main,M4,1000,2,2,6,spherical,normal,balanced,0.1,0.05,2,gaussian,0.2,isolated,uniform,2,0.1,20,False,500,49,,,81,90,core,full_factorial
3290,architecture,73,main,M4,1000,2,2,6,spherical,normal,balanced,0.1,0.05,2,gaussian,0.2,isolated,uniform,2,0.1,20,False,500,49,,,91,100,core,full_factorial
3291,architecture,73,main,M4,1000,2,2,6,spherical,normal,balanced,0.1,0.05,2,gaussian,0.2,isolated,uniform,2,0.1,20,False,500,49,,,101,110,core,full_factorial
3292,architecture,73,main,M4,1000,2,2,6,spherical,normal,balanced,0.1,0.05,2,gaussian,0.2,isolated,uniform,2,0.1,20,False,500,49,,,111,120,core,full_factorial
3293,architecture,73,main,M4,1000,2,2,6,spherical,normal,balanced,0.1,0.05,2,gaussian,0.2,isolated,uniform,2,0.1,20,False,500,49,,,121,130,core,full_factorial
3294,architecture,73,main,M4,1000,2,2,6,spherical,normal,balanced,0.1,0.05,2,gaussian,0.2,isolated,uniform,2,0.1,20,False,500,49,,,131,140,core,full_factorial
3295,architecture,73,main,M4,1000,2,2,6,spherical,normal,balanced,0.1,0.05,2,gaussian,0.2,isolated,uniform,2,0.1,20,False,500,49,,,141,150,core,full_factorial
3296,architecture,73,main,M4,1000,2,2,6,spherical,normal,balanced,0.1,0.05,2,gaussian,0.2,isolated,uniform,2,0.1,20,False,500,49,,,151,160,core,full_factorial
3297,architecture,73,main,M4,1000,2,2,6,spherical,normal,balanced,0.1,0.05,2,gaussian,0.2,isolated,uniform,2,0.1,20,False,500,49,,,161,170,core,full_factorial
3298,architecture,73,main,M4,1000,2,2,6,spherical,normal,balanced,0.1,0.05,2,gaussian,0.2,isolated,uniform,2,0.1,20,False,500,49,,,171,180,core,full_factorial
3299,architecture,73,main,M4,1000,2,2,6,spherical,normal,balanced,0.1,0.05,2,gaussian,0.2,isolated,uniform,2,0.1,20,False,500,49,,,181,190,core,full_factorial
3300,architecture,73,main,M4,1000,2,2,6,spherical,normal,balanced,0.1,0.05,2,gaussian,0.2,isolated,uniform,2,0.1,20,False,500,49,,,191,200,core,full_factorial
3301,architecture,73,main,M4,1000,2,2,6,spherical,normal,balanced,0.1,0.05,2,gaussian,0.2,isolated,uniform,2,0.1,20,False,500,49,,,201,210,core,full_factorial
3302,architecture,73,main,M4,1000,2,2,6,spherical,normal,balanced,0.1,0.05,2,gaussian,0.2,isolated,uniform,2,0.1,20,False,500,49,,,211,220,core,full_factorial
3303,architecture,73,main,M4,1000,2,2,6,spherical,normal,balanced,0.1,0.05,2,gaussian,0.2,isolated,uniform,2,0.1,20,False,500,49,,,221,230,core,full_factorial
3304,architecture,73,main,M4,1000,2,2,6,spherical,normal,balanced,0.1,0.05,2,gaussian,0.2,isolated,uniform,2,0.1,20,False,500,49,,,231,240,core,full_factorial
3305,architecture,73,main,M4,1000,2,2,6,spherical,normal,balanced,0.1,0.05,2,gaussian,0.2,isolated,uniform,2,0.1,20,False,500,49,,,241,250,core,full_factorial
3306,architecture,73,main,M4,1000,2,2,6,spherical,normal,balanced,0.1,0.05,2,gaussian,0.2,isolated,uniform,2,0.1,20,False,500,49,,,251,260,core,full_factorial
3307,architecture,73,main,M4,1000,2,2,6,spherical,normal,balanced,0.1,0.05,2,gaussian,0.2,isolated,uniform,2,0.1,20,False,500,49,,,261,270,core,full_factorial
3308,architecture,73,main,M4,1000,2,2,6,spherical,normal,balanced,0.1,0.05,2,gaussian,0.2,isolated,uniform,2,0.1,20,False,500,49,,,271,280,core,full_factorial
3309,architecture,73,main,M4,1000,2,2,6,spherical,normal,balanced,0.1,0.05,2,gaussian,0.2,isolated,uniform,2,0.1,20,False,500,49,,,281,290,core,full_factorial
3310,architecture,73,main,M4,1000,2,2,6,spherical,normal,balanced,0.1,0.05,2,gaussian,0.2,isolated,uniform,2,0.1,20,False,500,49,,,291,300,core,full_factorial
3311,architecture,74,main,M4,1000,2,2,10,spherical,normal,balanced,0.1,0.05,2,gaussian,0.2,isolated,uniform,2,0.1,20,False,500,49,,,1,10,core,full_factorial
3312,architecture,74,main,M4,1000,2,2,10,spherical,normal,balanced,0.1,0.05,2,gaussian,0.2,isolated,uniform,2,0.1,20,False,500,49,,,11,20,core,full_factorial
3313,architecture,74,main,M4,1000,2,2,10,spherical,normal,balanced,0.1,0.05,2,gaussian,0.2,isolated,uniform,2,0.1,20,False,500,49,,,21,30,core,full_factorial
3314,architecture,74,main,M4,1000,2,2,10,spherical,normal,balanced,0.1,0.05,2,gaussian,0.2,isolated,uniform,2,0.1,20,False,500,49,,,31,40,core,full_factorial
3315,architecture,74,main,M4,1000,2,2,10,spherical,normal,balanced,0.1,0.05,2,gaussian,0.2,isolated,uniform,2,0.1,20,False,500,49,,,41,50,core,full_factorial
3316,architecture,74,main,M4,1000,2,2,10,spherical,normal,balanced,0.1,0.05,2,gaussian,0.2,isolated,uniform,2,0.1,20,False,500,49,,,51,60,core,full_factorial
3317,architecture,74,main,M4,1000,2,2,10,spherical,normal,balanced,0.1,0.05,2,gaussian,0.2,isolated,uniform,2,0.1,20,False,500,49,,,61,70,core,full_factorial
3318,architecture,74,main,M4,1000,2,2,10,spherical,normal,balanced,0.1,0.05,2,gaussian,0.2,isolated,uniform,2,0.1,20,False,500,49,,,71,80,core,full_factorial
3319,architecture,74,main,M4,1000,2,2,10,spherical,normal,balanced,0.1,0.05,2,gaussian,0.2,isolated,uniform,2,0.1,20,False,500,49,,,81,90,core,full_factorial
3320,architecture,74,main,M4,1000,2,2,10,spherical,normal,balanced,0.1,0.05,2,gaussian,0.2,isolated,uniform,2,0.1,20,False,500,49,,,91,100,core,full_factorial
3321,architecture,74,main,M4,1000,2,2,10,spherical,normal,balanced,0.1,0.05,2,gaussian,0.2,isolated,uniform,2,0.1,20,False,500,49,,,101,110,core,full_factorial
3322,architecture,74,main,M4,1000,2,2,10,spherical,normal,balanced,0.1,0.05,2,gaussian,0.2,isolated,uniform,2,0.1,20,False,500,49,,,111,120,core,full_factorial
3323,architecture,74,main,M4,1000,2,2,10,spherical,normal,balanced,0.1,0.05,2,gaussian,0.2,isolated,uniform,2,0.1,20,False,500,49,,,121,130,core,full_factorial
3324,architecture,74,main,M4,1000,2,2,10,spherical,normal,balanced,0.1,0.05,2,gaussian,0.2,isolated,uniform,2,0.1,20,False,500,49,,,131,140,core,full_factorial
3325,architecture,74,main,M4,1000,2,2,10,spherical,normal,balanced,0.1,0.05,2,gaussian,0.2,isolated,uniform,2,0.1,20,False,500,49,,,141,150,core,full_factorial
3326,architecture,74,main,M4,1000,2,2,10,spherical,normal,balanced,0.1,0.05,2,gaussian,0.2,isolated,uniform,2,0.1,20,False,500,49,,,151,160,core,full_factorial
3327,architecture,74,main,M4,1000,2,2,10,spherical,normal,balanced,0.1,0.05,2,gaussian,0.2,isolated,uniform,2,0.1,20,False,500,49,,,161,170,core,full_factorial
3328,architecture,74,main,M4,1000,2,2,10,spherical,normal,balanced,0.1,0.05,2,gaussian,0.2,isolated,uniform,2,0.1,20,False,500,49,,,171,180,core,full_factorial
3329,architecture,74,main,M4,1000,2,2,10,spherical,normal,balanced,0.1,0.05,2,gaussian,0.2,isolated,uniform,2,0.1,20,False,500,49,,,181,190,core,full_factorial
3330,architecture,74,main,M4,1000,2,2,10,spherical,normal,balanced,0.1,0.05,2,gaussian,0.2,isolated,uniform,2,0.1,20,False,500,49,,,191,200,core,full_factorial
3331,architecture,74,main,M4,1000,2,2,10,spherical,normal,balanced,0.1,0.05,2,gaussian,0.2,isolated,uniform,2,0.1,20,False,500,49,,,201,210,core,full_factorial
3332,architecture,74,main,M4,1000,2,2,10,spherical,normal,balanced,0.1,0.05,2,gaussian,0.2,isolated,uniform,2,0.1,20,False,500,49,,,211,220,core,full_factorial
3333,architecture,74,main,M4,1000,2,2,10,spherical,normal,balanced,0.1,0.05,2,gaussian,0.2,isolated,uniform,2,0.1,20,False,500,49,,,221,230,core,full_factorial
3334,architecture,74,main,M4,1000,2,2,10,spherical,normal,balanced,0.1,0.05,2,gaussian,0.2,isolated,uniform,2,0.1,20,False,500,49,,,231,240,core,full_factorial
3335,architecture,74,main,M4,1000,2,2,10,spherical,normal,balanced,0.1,0.05,2,gaussian,0.2,isolated,uniform,2,0.1,20,False,500,49,,,241,250,core,full_factorial
3336,architecture,74,main,M4,1000,2,2,10,spherical,normal,balanced,0.1,0.05,2,gaussian,0.2,isolated,uniform,2,0.1,20,False,500,49,,,251,260,core,full_factorial
3337,architecture,74,main,M4,1000,2,2,10,spherical,normal,balanced,0.1,0.05,2,gaussian,0.2,isolated,uniform,2,0.1,20,False,500,49,,,261,270,core,full_factorial
3338,architecture,74,main,M4,1000,2,2,10,spherical,normal,balanced,0.1,0.05,2,gaussian,0.2,isolated,uniform,2,0.1,20,False,500,49,,,271,280,core,full_factorial
3339,architecture,74,main,M4,1000,2,2,10,spherical,normal,balanced,0.1,0.05,2,gaussian,0.2,isolated,uniform,2,0.1,20,False,500,49,,,281,290,core,full_factorial
3340,architecture,74,main,M4,1000,2,2,10,spherical,normal,balanced,0.1,0.05,2,gaussian,0.2,isolated,uniform,2,0.1,20,False,500,49,,,291,300,core,full_factorial
3341,architecture,75,main,M4,1000,2,2,6,elliptical,normal,balanced,0.1,0.05,2,gaussian,0.2,isolated,uniform,2,0.1,20,False,500,49,,,1,10,core,full_factorial
3342,architecture,75,main,M4,1000,2,2,6,elliptical,normal,balanced,0.1,0.05,2,gaussian,0.2,isolated,uniform,2,0.1,20,False,500,49,,,11,20,core,full_factorial
3343,architecture,75,main,M4,1000,2,2,6,elliptical,normal,balanced,0.1,0.05,2,gaussian,0.2,isolated,uniform,2,0.1,20,False,500,49,,,21,30,core,full_factorial
3344,architecture,75,main,M4,1000,2,2,6,elliptical,normal,balanced,0.1,0.05,2,gaussian,0.2,isolated,uniform,2,0.1,20,False,500,49,,,31,40,core,full_factorial
3345,architecture,75,main,M4,1000,2,2,6,elliptical,normal,balanced,0.1,0.05,2,gaussian,0.2,isolated,uniform,2,0.1,20,False,500,49,,,41,50,core,full_factorial
3346,architecture,75,main,M4,1000,2,2,6,elliptical,normal,balanced,0.1,0.05,2,gaussian,0.2,isolated,uniform,2,0.1,20,False,500,49,,,51,60,core,full_factorial
3347,architecture,75,main,M4,1000,2,2,6,elliptical,normal,balanced,0.1,0.05,2,gaussian,0.2,isolated,uniform,2,0.1,20,False,500,49,,,61,70,core,full_factorial
3348,architecture,75,main,M4,1000,2,2,6,elliptical,normal,balanced,0.1,0.05,2,gaussian,0.2,isolated,uniform,2,0.1,20,False,500,49,,,71,80,core,full_factorial
3349,architecture,75,main,M4,1000,2,2,6,elliptical,normal,balanced,0.1,0.05,2,gaussian,0.2,isolated,uniform,2,0.1,20,False,500,49,,,81,90,core,full_factorial
3350,architecture,75,main,M4,1000,2,2,6,elliptical,normal,balanced,0.1,0.05,2,gaussian,0.2,isolated,uniform,2,0.1,20,False,500,49,,,91,100,core,full_factorial
3351,architecture,75,main,M4,1000,2,2,6,elliptical,normal,balanced,0.1,0.05,2,gaussian,0.2,isolated,uniform,2,0.1,20,False,500,49,,,101,110,core,full_factorial
3352,architecture,75,main,M4,1000,2,2,6,elliptical,normal,balanced,0.1,0.05,2,gaussian,0.2,isolated,uniform,2,0.1,20,False,500,49,,,111,120,core,full_factorial
3353,architecture,75,main,M4,1000,2,2,6,elliptical,normal,balanced,0.1,0.05,2,gaussian,0.2,isolated,uniform,2,0.1,20,False,500,49,,,121,130,core,full_factorial
3354,architecture,75,main,M4,1000,2,2,6,elliptical,normal,balanced,0.1,0.05,2,gaussian,0.2,isolated,uniform,2,0.1,20,False,500,49,,,131,140,core,full_factorial
3355,architecture,75,main,M4,1000,2,2,6,elliptical,normal,balanced,0.1,0.05,2,gaussian,0.2,isolated,uniform,2,0.1,20,False,500,49,,,141,150,core,full_factorial
3356,architecture,75,main,M4,1000,2,2,6,elliptical,normal,balanced,0.1,0.05,2,gaussian,0.2,isolated,uniform,2,0.1,20,False,500,49,,,151,160,core,full_factorial
3357,architecture,75,main,M4,1000,2,2,6,elliptical,normal,balanced,0.1,0.05,2,gaussian,0.2,isolated,uniform,2,0.1,20,False,500,49,,,161,170,core,full_factorial
3358,architecture,75,main,M4,1000,2,2,6,elliptical,normal,balanced,0.1,0.05,2,gaussian,0.2,isolated,uniform,2,0.1,20,False,500,49,,,171,180,core,full_factorial
3359,architecture,75,main,M4,1000,2,2,6,elliptical,normal,balanced,0.1,0.05,2,gaussian,0.2,isolated,uniform,2,0.1,20,False,500,49,,,181,190,core,full_factorial
3360,architecture,75,main,M4,1000,2,2,6,elliptical,normal,balanced,0.1,0.05,2,gaussian,0.2,isolated,uniform,2,0.1,20,False,500,49,,,191,200,core,full_factorial
3361,architecture,75,main,M4,1000,2,2,6,elliptical,normal,balanced,0.1,0.05,2,gaussian,0.2,isolated,uniform,2,0.1,20,False,500,49,,,201,210,core,full_factorial
3362,architecture,75,main,M4,1000,2,2,6,elliptical,normal,balanced,0.1,0.05,2,gaussian,0.2,isolated,uniform,2,0.1,20,False,500,49,,,211,220,core,full_factorial
3363,architecture,75,main,M4,1000,2,2,6,elliptical,normal,balanced,0.1,0.05,2,gaussian,0.2,isolated,uniform,2,0.1,20,False,500,49,,,221,230,core,full_factorial
3364,architecture,75,main,M4,1000,2,2,6,elliptical,normal,balanced,0.1,0.05,2,gaussian,0.2,isolated,uniform,2,0.1,20,False,500,49,,,231,240,core,full_factorial
3365,architecture,75,main,M4,1000,2,2,6,elliptical,normal,balanced,0.1,0.05,2,gaussian,0.2,isolated,uniform,2,0.1,20,False,500,49,,,241,250,core,full_factorial
3366,architecture,75,main,M4,1000,2,2,6,elliptical,normal,balanced,0.1,0.05,2,gaussian,0.2,isolated,uniform,2,0.1,20,False,500,49,,,251,260,core,full_factorial
3367,architecture,75,main,M4,1000,2,2,6,elliptical,normal,balanced,0.1,0.05,2,gaussian,0.2,isolated,uniform,2,0.1,20,False,500,49,,,261,270,core,full_factorial
3368,architecture,75,main,M4,1000,2,2,6,elliptical,normal,balanced,0.1,0.05,2,gaussian,0.2,isolated,uniform,2,0.1,20,False,500,49,,,271,280,core,full_factorial
3369,architecture,75,main,M4,1000,2,2,6,elliptical,normal,balanced,0.1,0.05,2,gaussian,0.2,isolated,uniform,2,0.1,20,False,500,49,,,281,290,core,full_factorial
3370,architecture,75,main,M4,1000,2,2,6,elliptical,normal,balanced,0.1,0.05,2,gaussian,0.2,isolated,uniform,2,0.1,20,False,500,49,,,291,300,core,full_factorial
3371,architecture,76,main,M4,1000,2,2,10,elliptical,normal,balanced,0.1,0.05,2,gaussian,0.2,isolated,uniform,2,0.1,20,False,500,49,,,1,10,core,full_factorial
3372,architecture,76,main,M4,1000,2,2,10,elliptical,normal,balanced,0.1,0.05,2,gaussian,0.2,isolated,uniform,2,0.1,20,False,500,49,,,11,20,core,full_factorial
3373,architecture,76,main,M4,1000,2,2,10,elliptical,normal,balanced,0.1,0.05,2,gaussian,0.2,isolated,uniform,2,0.1,20,False,500,49,,,21,30,core,full_factorial
3374,architecture,76,main,M4,1000,2,2,10,elliptical,normal,balanced,0.1,0.05,2,gaussian,0.2,isolated,uniform,2,0.1,20,False,500,49,,,31,40,core,full_factorial
3375,architecture,76,main,M4,1000,2,2,10,elliptical,normal,balanced,0.1,0.05,2,gaussian,0.2,isolated,uniform,2,0.1,20,False,500,49,,,41,50,core,full_factorial
3376,architecture,76,main,M4,1000,2,2,10,elliptical,normal,balanced,0.1,0.05,2,gaussian,0.2,isolated,uniform,2,0.1,20,False,500,49,,,51,60,core,full_factorial
3377,architecture,76,main,M4,1000,2,2,10,elliptical,normal,balanced,0.1,0.05,2,gaussian,0.2,isolated,uniform,2,0.1,20,False,500,49,,,61,70,core,full_factorial
3378,architecture,76,main,M4,1000,2,2,10,elliptical,normal,balanced,0.1,0.05,2,gaussian,0.2,isolated,uniform,2,0.1,20,False,500,49,,,71,80,core,full_factorial
3379,architecture,76,main,M4,1000,2,2,10,elliptical,normal,balanced,0.1,0.05,2,gaussian,0.2,isolated,uniform,2,0.1,20,False,500,49,,,81,90,core,full_factorial
3380,architecture,76,main,M4,1000,2,2,10,elliptical,normal,balanced,0.1,0.05,2,gaussian,0.2,isolated,uniform,2,0.1,20,False,500,49,,,91,100,core,full_factorial
3381,architecture,76,main,M4,1000,2,2,10,elliptical,normal,balanced,0.1,0.05,2,gaussian,0.2,isolated,uniform,2,0.1,20,False,500,49,,,101,110,core,full_factorial
3382,architecture,76,main,M4,1000,2,2,10,elliptical,normal,balanced,0.1,0.05,2,gaussian,0.2,isolated,uniform,2,0.1,20,False,500,49,,,111,120,core,full_factorial
3383,architecture,76,main,M4,1000,2,2,10,elliptical,normal,balanced,0.1,0.05,2,gaussian,0.2,isolated,uniform,2,0.1,20,False,500,49,,,121,130,core,full_factorial
3384,architecture,76,main,M4,1000,2,2,10,elliptical,normal,balanced,0.1,0.05,2,gaussian,0.2,isolated,uniform,2,0.1,20,False,500,49,,,131,140,core,full_factorial
3385,architecture,76,main,M4,1000,2,2,10,elliptical,normal,balanced,0.1,0.05,2,gaussian,0.2,isolated,uniform,2,0.1,20,False,500,49,,,141,150,core,full_factorial
3386,architecture,76,main,M4,1000,2,2,10,elliptical,normal,balanced,0.1,0.05,2,gaussian,0.2,isolated,uniform,2,0.1,20,False,500,49,,,151,160,core,full_factorial
3387,architecture,76,main,M4,1000,2,2,10,elliptical,normal,balanced,0.1,0.05,2,gaussian,0.2,isolated,uniform,2,0.1,20,False,500,49,,,161,170,core,full_factorial
3388,architecture,76,main,M4,1000,2,2,10,elliptical,normal,balanced,0.1,0.05,2,gaussian,0.2,isolated,uniform,2,0.1,20,False,500,49,,,171,180,core,full_factorial
3389,architecture,76,main,M4,1000,2,2,10,elliptical,normal,balanced,0.1,0.05,2,gaussian,0.2,isolated,uniform,2,0.1,20,False,500,49,,,181,190,core,full_factorial
3390,architecture,76,main,M4,1000,2,2,10,elliptical,normal,balanced,0.1,0.05,2,gaussian,0.2,isolated,uniform,2,0.1,20,False,500,49,,,191,200,core,full_factorial
3391,architecture,76,main,M4,1000,2,2,10,elliptical,normal,balanced,0.1,0.05,2,gaussian,0.2,isolated,uniform,2,0.1,20,False,500,49,,,201,210,core,full_factorial
3392,architecture,76,main,M4,1000,2,2,10,elliptical,normal,balanced,0.1,0.05,2,gaussian,0.2,isolated,uniform,2,0.1,20,False,500,49,,,211,220,core,full_factorial
3393,architecture,76,main,M4,1000,2,2,10,elliptical,normal,balanced,0.1,0.05,2,gaussian,0.2,isolated,uniform,2,0.1,20,False,500,49,,,221,230,core,full_factorial
3394,architecture,76,main,M4,1000,2,2,10,elliptical,normal,balanced,0.1,0.05,2,gaussian,0.2,isolated,uniform,2,0.1,20,False,500,49,,,231,240,core,full_factorial
3395,architecture,76,main,M4,1000,2,2,10,elliptical,normal,balanced,0.1,0.05,2,gaussian,0.2,isolated,uniform,2,0.1,20,False,500,49,,,241,250,core,full_factorial
3396,architecture,76,main,M4,1000,2,2,10,elliptical,normal,balanced,0.1,0.05,2,gaussian,0.2,isolated,uniform,2,0.1,20,False,500,49,,,251,260,core,full_factorial
3397,architecture,76,main,M4,1000,2,2,10,elliptical,normal,balanced,0.1,0.05,2,gaussian,0.2,isolated,uniform,2,0.1,20,False,500,49,,,261,270,core,full_factorial
3398,architecture,76,main,M4,1000,2,2,10,elliptical,normal,balanced,0.1,0.05,2,gaussian,0.2,isolated,uniform,2,0.1,20,False,500,49,,,271,280,core,full_factorial
3399,architecture,76,main,M4,1000,2,2,10,elliptical,normal,balanced,0.1,0.05,2,gaussian,0.2,isolated,uniform,2,0.1,20,False,500,49,,,281,290,core,full_factorial
3400,architecture,76,main,M4,1000,2,2,10,elliptical,normal,balanced,0.1,0.05,2,gaussian,0.2,isolated,uniform,2,0.1,20,False,500,49,,,291,300,core,full_factorial
3401,architecture,77,main,M4,1000,5,2,6,spherical,normal,balanced,0.1,0.05,2,gaussian,0.2,isolated,uniform,2,0.1,20,False,500,49,,,1,10,core,full_factorial
3402,architecture,77,main,M4,1000,5,2,6,spherical,normal,balanced,0.1,0.05,2,gaussian,0.2,isolated,uniform,2,0.1,20,False,500,49,,,11,20,core,full_factorial
3403,architecture,77,main,M4,1000,5,2,6,spherical,normal,balanced,0.1,0.05,2,gaussian,0.2,isolated,uniform,2,0.1,20,False,500,49,,,21,30,core,full_factorial
3404,architecture,77,main,M4,1000,5,2,6,spherical,normal,balanced,0.1,0.05,2,gaussian,0.2,isolated,uniform,2,0.1,20,False,500,49,,,31,40,core,full_factorial
3405,architecture,77,main,M4,1000,5,2,6,spherical,normal,balanced,0.1,0.05,2,gaussian,0.2,isolated,uniform,2,0.1,20,False,500,49,,,41,50,core,full_factorial
3406,architecture,77,main,M4,1000,5,2,6,spherical,normal,balanced,0.1,0.05,2,gaussian,0.2,isolated,uniform,2,0.1,20,False,500,49,,,51,60,core,full_factorial
3407,architecture,77,main,M4,1000,5,2,6,spherical,normal,balanced,0.1,0.05,2,gaussian,0.2,isolated,uniform,2,0.1,20,False,500,49,,,61,70,core,full_factorial
3408,architecture,77,main,M4,1000,5,2,6,spherical,normal,balanced,0.1,0.05,2,gaussian,0.2,isolated,uniform,2,0.1,20,False,500,49,,,71,80,core,full_factorial
3409,architecture,77,main,M4,1000,5,2,6,spherical,normal,balanced,0.1,0.05,2,gaussian,0.2,isolated,uniform,2,0.1,20,False,500,49,,,81,90,core,full_factorial
3410,architecture,77,main,M4,1000,5,2,6,spherical,normal,balanced,0.1,0.05,2,gaussian,0.2,isolated,uniform,2,0.1,20,False,500,49,,,91,100,core,full_factorial
3411,architecture,77,main,M4,1000,5,2,6,spherical,normal,balanced,0.1,0.05,2,gaussian,0.2,isolated,uniform,2,0.1,20,False,500,49,,,101,110,core,full_factorial
3412,architecture,77,main,M4,1000,5,2,6,spherical,normal,balanced,0.1,0.05,2,gaussian,0.2,isolated,uniform,2,0.1,20,False,500,49,,,111,120,core,full_factorial
3413,architecture,77,main,M4,1000,5,2,6,spherical,normal,balanced,0.1,0.05,2,gaussian,0.2,isolated,uniform,2,0.1,20,False,500,49,,,121,130,core,full_factorial
3414,architecture,77,main,M4,1000,5,2,6,spherical,normal,balanced,0.1,0.05,2,gaussian,0.2,isolated,uniform,2,0.1,20,False,500,49,,,131,140,core,full_factorial
3415,architecture,77,main,M4,1000,5,2,6,spherical,normal,balanced,0.1,0.05,2,gaussian,0.2,isolated,uniform,2,0.1,20,False,500,49,,,141,150,core,full_factorial
3416,architecture,77,main,M4,1000,5,2,6,spherical,normal,balanced,0.1,0.05,2,gaussian,0.2,isolated,uniform,2,0.1,20,False,500,49,,,151,160,core,full_factorial
3417,architecture,77,main,M4,1000,5,2,6,spherical,normal,balanced,0.1,0.05,2,gaussian,0.2,isolated,uniform,2,0.1,20,False,500,49,,,161,170,core,full_factorial
3418,architecture,77,main,M4,1000,5,2,6,spherical,normal,balanced,0.1,0.05,2,gaussian,0.2,isolated,uniform,2,0.1,20,False,500,49,,,171,180,core,full_factorial
3419,architecture,77,main,M4,1000,5,2,6,spherical,normal,balanced,0.1,0.05,2,gaussian,0.2,isolated,uniform,2,0.1,20,False,500,49,,,181,190,core,full_factorial
3420,architecture,77,main,M4,1000,5,2,6,spherical,normal,balanced,0.1,0.05,2,gaussian,0.2,isolated,uniform,2,0.1,20,False,500,49,,,191,200,core,full_factorial
3421,architecture,77,main,M4,1000,5,2,6,spherical,normal,balanced,0.1,0.05,2,gaussian,0.2,isolated,uniform,2,0.1,20,False,500,49,,,201,210,core,full_factorial
3422,architecture,77,main,M4,1000,5,2,6,spherical,normal,balanced,0.1,0.05,2,gaussian,0.2,isolated,uniform,2,0.1,20,False,500,49,,,211,220,core,full_factorial
3423,architecture,77,main,M4,1000,5,2,6,spherical,normal,balanced,0.1,0.05,2,gaussian,0.2,isolated,uniform,2,0.1,20,False,500,49,,,221,230,core,full_factorial
3424,architecture,77,main,M4,1000,5,2,6,spherical,normal,balanced,0.1,0.05,2,gaussian,0.2,isolated,uniform,2,0.1,20,False,500,49,,,231,240,core,full_factorial
3425,architecture,77,main,M4,1000,5,2,6,spherical,normal,balanced,0.1,0.05,2,gaussian,0.2,isolated,uniform,2,0.1,20,False,500,49,,,241,250,core,full_factorial
3426,architecture,77,main,M4,1000,5,2,6,spherical,normal,balanced,0.1,0.05,2,gaussian,0.2,isolated,uniform,2,0.1,20,False,500,49,,,251,260,core,full_factorial
3427,architecture,77,main,M4,1000,5,2,6,spherical,normal,balanced,0.1,0.05,2,gaussian,0.2,isolated,uniform,2,0.1,20,False,500,49,,,261,270,core,full_factorial
3428,architecture,77,main,M4,1000,5,2,6,spherical,normal,balanced,0.1,0.05,2,gaussian,0.2,isolated,uniform,2,0.1,20,False,500,49,,,271,280,core,full_factorial
3429,architecture,77,main,M4,1000,5,2,6,spherical,normal,balanced,0.1,0.05,2,gaussian,0.2,isolated,uniform,2,0.1,20,False,500,49,,,281,290,core,full_factorial
3430,architecture,77,main,M4,1000,5,2,6,spherical,normal,balanced,0.1,0.05,2,gaussian,0.2,isolated,uniform,2,0.1,20,False,500,49,,,291,300,core,full_factorial
3431,architecture,78,main,M4,1000,5,2,10,spherical,normal,balanced,0.1,0.05,2,gaussian,0.2,isolated,uniform,2,0.1,20,False,500,49,,,1,10,core,full_factorial
3432,architecture,78,main,M4,1000,5,2,10,spherical,normal,balanced,0.1,0.05,2,gaussian,0.2,isolated,uniform,2,0.1,20,False,500,49,,,11,20,core,full_factorial
3433,architecture,78,main,M4,1000,5,2,10,spherical,normal,balanced,0.1,0.05,2,gaussian,0.2,isolated,uniform,2,0.1,20,False,500,49,,,21,30,core,full_factorial
3434,architecture,78,main,M4,1000,5,2,10,spherical,normal,balanced,0.1,0.05,2,gaussian,0.2,isolated,uniform,2,0.1,20,False,500,49,,,31,40,core,full_factorial
3435,architecture,78,main,M4,1000,5,2,10,spherical,normal,balanced,0.1,0.05,2,gaussian,0.2,isolated,uniform,2,0.1,20,False,500,49,,,41,50,core,full_factorial
3436,architecture,78,main,M4,1000,5,2,10,spherical,normal,balanced,0.1,0.05,2,gaussian,0.2,isolated,uniform,2,0.1,20,False,500,49,,,51,60,core,full_factorial
3437,architecture,78,main,M4,1000,5,2,10,spherical,normal,balanced,0.1,0.05,2,gaussian,0.2,isolated,uniform,2,0.1,20,False,500,49,,,61,70,core,full_factorial
3438,architecture,78,main,M4,1000,5,2,10,spherical,normal,balanced,0.1,0.05,2,gaussian,0.2,isolated,uniform,2,0.1,20,False,500,49,,,71,80,core,full_factorial
3439,architecture,78,main,M4,1000,5,2,10,spherical,normal,balanced,0.1,0.05,2,gaussian,0.2,isolated,uniform,2,0.1,20,False,500,49,,,81,90,core,full_factorial
3440,architecture,78,main,M4,1000,5,2,10,spherical,normal,balanced,0.1,0.05,2,gaussian,0.2,isolated,uniform,2,0.1,20,False,500,49,,,91,100,core,full_factorial
3441,architecture,78,main,M4,1000,5,2,10,spherical,normal,balanced,0.1,0.05,2,gaussian,0.2,isolated,uniform,2,0.1,20,False,500,49,,,101,110,core,full_factorial
3442,architecture,78,main,M4,1000,5,2,10,spherical,normal,balanced,0.1,0.05,2,gaussian,0.2,isolated,uniform,2,0.1,20,False,500,49,,,111,120,core,full_factorial
3443,architecture,78,main,M4,1000,5,2,10,spherical,normal,balanced,0.1,0.05,2,gaussian,0.2,isolated,uniform,2,0.1,20,False,500,49,,,121,130,core,full_factorial
3444,architecture,78,main,M4,1000,5,2,10,spherical,normal,balanced,0.1,0.05,2,gaussian,0.2,isolated,uniform,2,0.1,20,False,500,49,,,131,140,core,full_factorial
3445,architecture,78,main,M4,1000,5,2,10,spherical,normal,balanced,0.1,0.05,2,gaussian,0.2,isolated,uniform,2,0.1,20,False,500,49,,,141,150,core,full_factorial
3446,architecture,78,main,M4,1000,5,2,10,spherical,normal,balanced,0.1,0.05,2,gaussian,0.2,isolated,uniform,2,0.1,20,False,500,49,,,151,160,core,full_factorial
3447,architecture,78,main,M4,1000,5,2,10,spherical,normal,balanced,0.1,0.05,2,gaussian,0.2,isolated,uniform,2,0.1,20,False,500,49,,,161,170,core,full_factorial
3448,architecture,78,main,M4,1000,5,2,10,spherical,normal,balanced,0.1,0.05,2,gaussian,0.2,isolated,uniform,2,0.1,20,False,500,49,,,171,180,core,full_factorial
3449,architecture,78,main,M4,1000,5,2,10,spherical,normal,balanced,0.1,0.05,2,gaussian,0.2,isolated,uniform,2,0.1,20,False,500,49,,,181,190,core,full_factorial
3450,architecture,78,main,M4,1000,5,2,10,spherical,normal,balanced,0.1,0.05,2,gaussian,0.2,isolated,uniform,2,0.1,20,False,500,49,,,191,200,core,full_factorial
3451,architecture,78,main,M4,1000,5,2,10,spherical,normal,balanced,0.1,0.05,2,gaussian,0.2,isolated,uniform,2,0.1,20,False,500,49,,,201,210,core,full_factorial
3452,architecture,78,main,M4,1000,5,2,10,spherical,normal,balanced,0.1,0.05,2,gaussian,0.2,isolated,uniform,2,0.1,20,False,500,49,,,211,220,core,full_factorial
3453,architecture,78,main,M4,1000,5,2,10,spherical,normal,balanced,0.1,0.05,2,gaussian,0.2,isolated,uniform,2,0.1,20,False,500,49,,,221,230,core,full_factorial
3454,architecture,78,main,M4,1000,5,2,10,spherical,normal,balanced,0.1,0.05,2,gaussian,0.2,isolated,uniform,2,0.1,20,False,500,49,,,231,240,core,full_factorial
3455,architecture,78,main,M4,1000,5,2,10,spherical,normal,balanced,0.1,0.05,2,gaussian,0.2,isolated,uniform,2,0.1,20,False,500,49,,,241,250,core,full_factorial
3456,architecture,78,main,M4,1000,5,2,10,spherical,normal,balanced,0.1,0.05,2,gaussian,0.2,isolated,uniform,2,0.1,20,False,500,49,,,251,260,core,full_factorial
3457,architecture,78,main,M4,1000,5,2,10,spherical,normal,balanced,0.1,0.05,2,gaussian,0.2,isolated,uniform,2,0.1,20,False,500,49,,,261,270,core,full_factorial
3458,architecture,78,main,M4,1000,5,2,10,spherical,normal,balanced,0.1,0.05,2,gaussian,0.2,isolated,uniform,2,0.1,20,False,500,49,,,271,280,core,full_factorial
3459,architecture,78,main,M4,1000,5,2,10,spherical,normal,balanced,0.1,0.05,2,gaussian,0.2,isolated,uniform,2,0.1,20,False,500,49,,,281,290,core,full_factorial
3460,architecture,78,main,M4,1000,5,2,10,spherical,normal,balanced,0.1,0.05,2,gaussian,0.2,isolated,uniform,2,0.1,20,False,500,49,,,291,300,core,full_factorial
3461,architecture,79,main,M4,1000,5,2,6,elliptical,normal,balanced,0.1,0.05,2,gaussian,0.2,isolated,uniform,2,0.1,20,False,500,49,,,1,10,core,full_factorial
3462,architecture,79,main,M4,1000,5,2,6,elliptical,normal,balanced,0.1,0.05,2,gaussian,0.2,isolated,uniform,2,0.1,20,False,500,49,,,11,20,core,full_factorial
3463,architecture,79,main,M4,1000,5,2,6,elliptical,normal,balanced,0.1,0.05,2,gaussian,0.2,isolated,uniform,2,0.1,20,False,500,49,,,21,30,core,full_factorial
3464,architecture,79,main,M4,1000,5,2,6,elliptical,normal,balanced,0.1,0.05,2,gaussian,0.2,isolated,uniform,2,0.1,20,False,500,49,,,31,40,core,full_factorial
3465,architecture,79,main,M4,1000,5,2,6,elliptical,normal,balanced,0.1,0.05,2,gaussian,0.2,isolated,uniform,2,0.1,20,False,500,49,,,41,50,core,full_factorial
3466,architecture,79,main,M4,1000,5,2,6,elliptical,normal,balanced,0.1,0.05,2,gaussian,0.2,isolated,uniform,2,0.1,20,False,500,49,,,51,60,core,full_factorial
3467,architecture,79,main,M4,1000,5,2,6,elliptical,normal,balanced,0.1,0.05,2,gaussian,0.2,isolated,uniform,2,0.1,20,False,500,49,,,61,70,core,full_factorial
3468,architecture,79,main,M4,1000,5,2,6,elliptical,normal,balanced,0.1,0.05,2,gaussian,0.2,isolated,uniform,2,0.1,20,False,500,49,,,71,80,core,full_factorial
3469,architecture,79,main,M4,1000,5,2,6,elliptical,normal,balanced,0.1,0.05,2,gaussian,0.2,isolated,uniform,2,0.1,20,False,500,49,,,81,90,core,full_factorial
3470,architecture,79,main,M4,1000,5,2,6,elliptical,normal,balanced,0.1,0.05,2,gaussian,0.2,isolated,uniform,2,0.1,20,False,500,49,,,91,100,core,full_factorial
3471,architecture,79,main,M4,1000,5,2,6,elliptical,normal,balanced,0.1,0.05,2,gaussian,0.2,isolated,uniform,2,0.1,20,False,500,49,,,101,110,core,full_factorial
3472,architecture,79,main,M4,1000,5,2,6,elliptical,normal,balanced,0.1,0.05,2,gaussian,0.2,isolated,uniform,2,0.1,20,False,500,49,,,111,120,core,full_factorial
3473,architecture,79,main,M4,1000,5,2,6,elliptical,normal,balanced,0.1,0.05,2,gaussian,0.2,isolated,uniform,2,0.1,20,False,500,49,,,121,130,core,full_factorial
3474,architecture,79,main,M4,1000,5,2,6,elliptical,normal,balanced,0.1,0.05,2,gaussian,0.2,isolated,uniform,2,0.1,20,False,500,49,,,131,140,core,full_factorial
3475,architecture,79,main,M4,1000,5,2,6,elliptical,normal,balanced,0.1,0.05,2,gaussian,0.2,isolated,uniform,2,0.1,20,False,500,49,,,141,150,core,full_factorial
3476,architecture,79,main,M4,1000,5,2,6,elliptical,normal,balanced,0.1,0.05,2,gaussian,0.2,isolated,uniform,2,0.1,20,False,500,49,,,151,160,core,full_factorial
3477,architecture,79,main,M4,1000,5,2,6,elliptical,normal,balanced,0.1,0.05,2,gaussian,0.2,isolated,uniform,2,0.1,20,False,500,49,,,161,170,core,full_factorial
3478,architecture,79,main,M4,1000,5,2,6,elliptical,normal,balanced,0.1,0.05,2,gaussian,0.2,isolated,uniform,2,0.1,20,False,500,49,,,171,180,core,full_factorial
3479,architecture,79,main,M4,1000,5,2,6,elliptical,normal,balanced,0.1,0.05,2,gaussian,0.2,isolated,uniform,2,0.1,20,False,500,49,,,181,190,core,full_factorial
3480,architecture,79,main,M4,1000,5,2,6,elliptical,normal,balanced,0.1,0.05,2,gaussian,0.2,isolated,uniform,2,0.1,20,False,500,49,,,191,200,core,full_factorial
3481,architecture,79,main,M4,1000,5,2,6,elliptical,normal,balanced,0.1,0.05,2,gaussian,0.2,isolated,uniform,2,0.1,20,False,500,49,,,201,210,core,full_factorial
3482,architecture,79,main,M4,1000,5,2,6,elliptical,normal,balanced,0.1,0.05,2,gaussian,0.2,isolated,uniform,2,0.1,20,False,500,49,,,211,220,core,full_factorial
3483,architecture,79,main,M4,1000,5,2,6,elliptical,normal,balanced,0.1,0.05,2,gaussian,0.2,isolated,uniform,2,0.1,20,False,500,49,,,221,230,core,full_factorial
3484,architecture,79,main,M4,1000,5,2,6,elliptical,normal,balanced,0.1,0.05,2,gaussian,0.2,isolated,uniform,2,0.1,20,False,500,49,,,231,240,core,full_factorial
3485,architecture,79,main,M4,1000,5,2,6,elliptical,normal,balanced,0.1,0.05,2,gaussian,0.2,isolated,uniform,2,0.1,20,False,500,49,,,241,250,core,full_factorial
3486,architecture,79,main,M4,1000,5,2,6,elliptical,normal,balanced,0.1,0.05,2,gaussian,0.2,isolated,uniform,2,0.1,20,False,500,49,,,251,260,core,full_factorial
3487,architecture,79,main,M4,1000,5,2,6,elliptical,normal,balanced,0.1,0.05,2,gaussian,0.2,isolated,uniform,2,0.1,20,False,500,49,,,261,270,core,full_factorial
3488,architecture,79,main,M4,1000,5,2,6,elliptical,normal,balanced,0.1,0.05,2,gaussian,0.2,isolated,uniform,2,0.1,20,False,500,49,,,271,280,core,full_factorial
3489,architecture,79,main,M4,1000,5,2,6,elliptical,normal,balanced,0.1,0.05,2,gaussian,0.2,isolated,uniform,2,0.1,20,False,500,49,,,281,290,core,full_factorial
3490,architecture,79,main,M4,1000,5,2,6,elliptical,normal,balanced,0.1,0.05,2,gaussian,0.2,isolated,uniform,2,0.1,20,False,500,49,,,291,300,core,full_factorial
3491,architecture,80,main,M4,1000,5,2,10,elliptical,normal,balanced,0.1,0.05,2,gaussian,0.2,isolated,uniform,2,0.1,20,False,500,49,,,1,10,core,full_factorial
3492,architecture,80,main,M4,1000,5,2,10,elliptical,normal,balanced,0.1,0.05,2,gaussian,0.2,isolated,uniform,2,0.1,20,False,500,49,,,11,20,core,full_factorial
3493,architecture,80,main,M4,1000,5,2,10,elliptical,normal,balanced,0.1,0.05,2,gaussian,0.2,isolated,uniform,2,0.1,20,False,500,49,,,21,30,core,full_factorial
3494,architecture,80,main,M4,1000,5,2,10,elliptical,normal,balanced,0.1,0.05,2,gaussian,0.2,isolated,uniform,2,0.1,20,False,500,49,,,31,40,core,full_factorial
3495,architecture,80,main,M4,1000,5,2,10,elliptical,normal,balanced,0.1,0.05,2,gaussian,0.2,isolated,uniform,2,0.1,20,False,500,49,,,41,50,core,full_factorial
3496,architecture,80,main,M4,1000,5,2,10,elliptical,normal,balanced,0.1,0.05,2,gaussian,0.2,isolated,uniform,2,0.1,20,False,500,49,,,51,60,core,full_factorial
3497,architecture,80,main,M4,1000,5,2,10,elliptical,normal,balanced,0.1,0.05,2,gaussian,0.2,isolated,uniform,2,0.1,20,False,500,49,,,61,70,core,full_factorial
3498,architecture,80,main,M4,1000,5,2,10,elliptical,normal,balanced,0.1,0.05,2,gaussian,0.2,isolated,uniform,2,0.1,20,False,500,49,,,71,80,core,full_factorial
3499,architecture,80,main,M4,1000,5,2,10,elliptical,normal,balanced,0.1,0.05,2,gaussian,0.2,isolated,uniform,2,0.1,20,False,500,49,,,81,90,core,full_factorial
3500,architecture,80,main,M4,1000,5,2,10,elliptical,normal,balanced,0.1,0.05,2,gaussian,0.2,isolated,uniform,2,0.1,20,False,500,49,,,91,100,core,full_factorial
3501,architecture,80,main,M4,1000,5,2,10,elliptical,normal,balanced,0.1,0.05,2,gaussian,0.2,isolated,uniform,2,0.1,20,False,500,49,,,101,110,core,full_factorial
3502,architecture,80,main,M4,1000,5,2,10,elliptical,normal,balanced,0.1,0.05,2,gaussian,0.2,isolated,uniform,2,0.1,20,False,500,49,,,111,120,core,full_factorial
3503,architecture,80,main,M4,1000,5,2,10,elliptical,normal,balanced,0.1,0.05,2,gaussian,0.2,isolated,uniform,2,0.1,20,False,500,49,,,121,130,core,full_factorial
3504,architecture,80,main,M4,1000,5,2,10,elliptical,normal,balanced,0.1,0.05,2,gaussian,0.2,isolated,uniform,2,0.1,20,False,500,49,,,131,140,core,full_factorial
3505,architecture,80,main,M4,1000,5,2,10,elliptical,normal,balanced,0.1,0.05,2,gaussian,0.2,isolated,uniform,2,0.1,20,False,500,49,,,141,150,core,full_factorial
3506,architecture,80,main,M4,1000,5,2,10,elliptical,normal,balanced,0.1,0.05,2,gaussian,0.2,isolated,uniform,2,0.1,20,False,500,49,,,151,160,core,full_factorial
3507,architecture,80,main,M4,1000,5,2,10,elliptical,normal,balanced,0.1,0.05,2,gaussian,0.2,isolated,uniform,2,0.1,20,False,500,49,,,161,170,core,full_factorial
3508,architecture,80,main,M4,1000,5,2,10,elliptical,normal,balanced,0.1,0.05,2,gaussian,0.2,isolated,uniform,2,0.1,20,False,500,49,,,171,180,core,full_factorial
3509,architecture,80,main,M4,1000,5,2,10,elliptical,normal,balanced,0.1,0.05,2,gaussian,0.2,isolated,uniform,2,0.1,20,False,500,49,,,181,190,core,full_factorial
3510,architecture,80,main,M4,1000,5,2,10,elliptical,normal,balanced,0.1,0.05,2,gaussian,0.2,isolated,uniform,2,0.1,20,False,500,49,,,191,200,core,full_factorial
3511,architecture,80,main,M4,1000,5,2,10,elliptical,normal,balanced,0.1,0.05,2,gaussian,0.2,isolated,uniform,2,0.1,20,False,500,49,,,201,210,core,full_factorial
3512,architecture,80,main,M4,1000,5,2,10,elliptical,normal,balanced,0.1,0.05,2,gaussian,0.2,isolated,uniform,2,0.1,20,False,500,49,,,211,220,core,full_factorial
3513,architecture,80,main,M4,1000,5,2,10,elliptical,normal,balanced,0.1,0.05,2,gaussian,0.2,isolated,uniform,2,0.1,20,False,500,49,,,221,230,core,full_factorial
3514,architecture,80,main,M4,1000,5,2,10,elliptical,normal,balanced,0.1,0.05,2,gaussian,0.2,isolated,uniform,2,0.1,20,False,500,49,,,231,240,core,full_factorial
3515,architecture,80,main,M4,1000,5,2,10,elliptical,normal,balanced,0.1,0.05,2,gaussian,0.2,isolated,uniform,2,0.1,20,False,500,49,,,241,250,core,full_factorial
3516,architecture,80,main,M4,1000,5,2,10,elliptical,normal,balanced,0.1,0.05,2,gaussian,0.2,isolated,uniform,2,0.1,20,False,500,49,,,251,260,core,full_factorial
3517,architecture,80,main,M4,1000,5,2,10,elliptical,normal,balanced,0.1,0.05,2,gaussian,0.2,isolated,uniform,2,0.1,20,False,500,49,,,261,270,core,full_factorial
3518,architecture,80,main,M4,1000,5,2,10,elliptical,normal,balanced,0.1,0.05,2,gaussian,0.2,isolated,uniform,2,0.1,20,False,500,49,,,271,280,core,full_factorial
3519,architecture,80,main,M4,1000,5,2,10,elliptical,normal,balanced,0.1,0.05,2,gaussian,0.2,isolated,uniform,2,0.1,20,False,500,49,,,281,290,core,full_factorial
3520,architecture,80,main,M4,1000,5,2,10,elliptical,normal,balanced,0.1,0.05,2,gaussian,0.2,isolated,uniform,2,0.1,20,False,500,49,,,291,300,core,full_factorial
