task_id,study,cell_id,job_type,scenario_code,n,p,main_k,separation,main_structure,main_distribution,main_weights,residual_total,minority_ratio,q,minority_shape,minority_sd,minority_proximity,noise_type,k_fit,alpha_fit,restr_fact,auto_macro,nstart,null_reps,nstart_values,null_reps_values,rep_start,rep_end,method_set,factor_changed
1,negative_control,1,main,N0X,1000,5,2,6,elliptical,normal,balanced,0.1,0.0,0,gaussian,0.2,isolated,uniform,2,0.1,20,False,500,49,,,1,10,core,baseline
2,negative_control,1,main,N0X,1000,5,2,6,elliptical,normal,balanced,0.1,0.0,0,gaussian,0.2,isolated,uniform,2,0.1,20,False,500,49,,,11,20,core,baseline
3,negative_control,1,main,N0X,1000,5,2,6,elliptical,normal,balanced,0.1,0.0,0,gaussian,0.2,isolated,uniform,2,0.1,20,False,500,49,,,21,30,core,baseline
4,negative_control,1,main,N0X,1000,5,2,6,elliptical,normal,balanced,0.1,0.0,0,gaussian,0.2,isolated,uniform,2,0.1,20,False,500,49,,,31,40,core,baseline
5,negative_control,1,main,N0X,1000,5,2,6,elliptical,normal,balanced,0.1,0.0,0,gaussian,0.2,isolated,uniform,2,0.1,20,False,500,49,,,41,50,core,baseline
6,negative_control,1,main,N0X,1000,5,2,6,elliptical,normal,balanced,0.1,0.0,0,gaussian,0.2,isolated,uniform,2,0.1,20,False,500,49,,,51,60,core,baseline
7,negative_control,1,main,N0X,1000,5,2,6,elliptical,normal,balanced,0.1,0.0,0,gaussian,0.2,isolated,uniform,2,0.1,20,False,500,49,,,61,70,core,baseline
8,negative_control,1,main,N0X,1000,5,2,6,elliptical,normal,balanced,0.1,0.0,0,gaussian,0.2,isolated,uniform,2,0.1,20,False,500,49,,,71,80,core,baseline
9,negative_control,1,main,N0X,1000,5,2,6,elliptical,normal,balanced,0.1,0.0,0,gaussian,0.2,isolated,uniform,2,0.1,20,False,500,49,,,81,90,core,baseline
10,negative_control,1,main,N0X,1000,5,2,6,elliptical,normal,balanced,0.1,0.0,0,gaussian,0.2,isolated,uniform,2,0.1,20,False,500,49,,,91,100,core,baseline
11,negative_control,1,main,N0X,1000,5,2,6,elliptical,normal,balanced,0.1,0.0,0,gaussian,0.2,isolated,uniform,2,0.1,20,False,500,49,,,101,110,core,baseline
12,negative_control,1,main,N0X,1000,5,2,6,elliptical,normal,balanced,0.1,0.0,0,gaussian,0.2,isolated,uniform,2,0.1,20,False,500,49,,,111,120,core,baseline
13,negative_control,1,main,N0X,1000,5,2,6,elliptical,normal,balanced,0.1,0.0,0,gaussian,0.2,isolated,uniform,2,0.1,20,False,500,49,,,121,130,core,baseline
14,negative_control,1,main,N0X,1000,5,2,6,elliptical,normal,balanced,0.1,0.0,0,gaussian,0.2,isolated,uniform,2,0.1,20,False,500,49,,,131,140,core,baseline
15,negative_control,1,main,N0X,1000,5,2,6,elliptical,normal,balanced,0.1,0.0,0,gaussian,0.2,isolated,uniform,2,0.1,20,False,500,49,,,141,150,core,baseline
16,negative_control,1,main,N0X,1000,5,2,6,elliptical,normal,balanced,0.1,0.0,0,gaussian,0.2,isolated,uniform,2,0.1,20,False,500,49,,,151,160,core,baseline
17,negative_control,1,main,N0X,1000,5,2,6,elliptical,normal,balanced,0.1,0.0,0,gaussian,0.2,isolated,uniform,2,0.1,20,False,500,49,,,161,170,core,baseline
18,negative_control,1,main,N0X,1000,5,2,6,elliptical,normal,balanced,0.1,0.0,0,gaussian,0.2,isolated,uniform,2,0.1,20,False,500,49,,,171,180,core,baseline
19,negative_control,1,main,N0X,1000,5,2,6,elliptical,normal,balanced,0.1,0.0,0,gaussian,0.2,isolated,uniform,2,0.1,20,False,500,49,,,181,190,core,baseline
20,negative_control,1,main,N0X,1000,5,2,6,elliptical,normal,balanced,0.1,0.0,0,gaussian,0.2,isolated,uniform,2,0.1,20,False,500,49,,,191,200,core,baseline
21,negative_control,1,main,N0X,1000,5,2,6,elliptical,normal,balanced,0.1,0.0,0,gaussian,0.2,isolated,uniform,2,0.1,20,False,500,49,,,201,210,core,baseline
22,negative_control,1,main,N0X,1000,5,2,6,elliptical,normal,balanced,0.1,0.0,0,gaussian,0.2,isolated,uniform,2,0.1,20,False,500,49,,,211,220,core,baseline
23,negative_control,1,main,N0X,1000,5,2,6,elliptical,normal,balanced,0.1,0.0,0,gaussian,0.2,isolated,uniform,2,0.1,20,False,500,49,,,221,230,core,baseline
24,negative_control,1,main,N0X,1000,5,2,6,elliptical,normal,balanced,0.1,0.0,0,gaussian,0.2,isolated,uniform,2,0.1,20,False,500,49,,,231,240,core,baseline
25,negative_control,1,main,N0X,1000,5,2,6,elliptical,normal,balanced,0.1,0.0,0,gaussian,0.2,isolated,uniform,2,0.1,20,False,500,49,,,241,250,core,baseline
26,negative_control,1,main,N0X,1000,5,2,6,elliptical,normal,balanced,0.1,0.0,0,gaussian,0.2,isolated,uniform,2,0.1,20,False,500,49,,,251,260,core,baseline
27,negative_control,1,main,N0X,1000,5,2,6,elliptical,normal,balanced,0.1,0.0,0,gaussian,0.2,isolated,uniform,2,0.1,20,False,500,49,,,261,270,core,baseline
28,negative_control,1,main,N0X,1000,5,2,6,elliptical,normal,balanced,0.1,0.0,0,gaussian,0.2,isolated,uniform,2,0.1,20,False,500,49,,,271,280,core,baseline
29,negative_control,1,main,N0X,1000,5,2,6,elliptical,normal,balanced,0.1,0.0,0,gaussian,0.2,isolated,uniform,2,0.1,20,False,500,49,,,281,290,core,baseline
30,negative_control,1,main,N0X,1000,5,2,6,elliptical,normal,balanced,0.1,0.0,0,gaussian,0.2,isolated,uniform,2,0.1,20,False,500,49,,,291,300,core,baseline
31,negative_control,1,main,N0X,1000,5,2,6,elliptical,normal,balanced,0.1,0.0,0,gaussian,0.2,isolated,uniform,2,0.1,20,False,500,49,,,301,310,core,baseline
32,negative_control,1,main,N0X,1000,5,2,6,elliptical,normal,balanced,0.1,0.0,0,gaussian,0.2,isolated,uniform,2,0.1,20,False,500,49,,,311,320,core,baseline
33,negative_control,1,main,N0X,1000,5,2,6,elliptical,normal,balanced,0.1,0.0,0,gaussian,0.2,isolated,uniform,2,0.1,20,False,500,49,,,321,330,core,baseline
34,negative_control,1,main,N0X,1000,5,2,6,elliptical,normal,balanced,0.1,0.0,0,gaussian,0.2,isolated,uniform,2,0.1,20,False,500,49,,,331,340,core,baseline
35,negative_control,1,main,N0X,1000,5,2,6,elliptical,normal,balanced,0.1,0.0,0,gaussian,0.2,isolated,uniform,2,0.1,20,False,500,49,,,341,350,core,baseline
36,negative_control,1,main,N0X,1000,5,2,6,elliptical,normal,balanced,0.1,0.0,0,gaussian,0.2,isolated,uniform,2,0.1,20,False,500,49,,,351,360,core,baseline
37,negative_control,1,main,N0X,1000,5,2,6,elliptical,normal,balanced,0.1,0.0,0,gaussian,0.2,isolated,uniform,2,0.1,20,False,500,49,,,361,370,core,baseline
38,negative_control,1,main,N0X,1000,5,2,6,elliptical,normal,balanced,0.1,0.0,0,gaussian,0.2,isolated,uniform,2,0.1,20,False,500,49,,,371,380,core,baseline
39,negative_control,1,main,N0X,1000,5,2,6,elliptical,normal,balanced,0.1,0.0,0,gaussian,0.2,isolated,uniform,2,0.1,20,False,500,49,,,381,390,core,baseline
40,negative_control,1,main,N0X,1000,5,2,6,elliptical,normal,balanced,0.1,0.0,0,gaussian,0.2,isolated,uniform,2,0.1,20,False,500,49,,,391,400,core,baseline
41,negative_control,1,main,N0X,1000,5,2,6,elliptical,normal,balanced,0.1,0.0,0,gaussian,0.2,isolated,uniform,2,0.1,20,False,500,49,,,401,410,core,baseline
42,negative_control,1,main,N0X,1000,5,2,6,elliptical,normal,balanced,0.1,0.0,0,gaussian,0.2,isolated,uniform,2,0.1,20,False,500,49,,,411,420,core,baseline
43,negative_control,1,main,N0X,1000,5,2,6,elliptical,normal,balanced,0.1,0.0,0,gaussian,0.2,isolated,uniform,2,0.1,20,False,500,49,,,421,430,core,baseline
44,negative_control,1,main,N0X,1000,5,2,6,elliptical,normal,balanced,0.1,0.0,0,gaussian,0.2,isolated,uniform,2,0.1,20,False,500,49,,,431,440,core,baseline
45,negative_control,1,main,N0X,1000,5,2,6,elliptical,normal,balanced,0.1,0.0,0,gaussian,0.2,isolated,uniform,2,0.1,20,False,500,49,,,441,450,core,baseline
46,negative_control,1,main,N0X,1000,5,2,6,elliptical,normal,balanced,0.1,0.0,0,gaussian,0.2,isolated,uniform,2,0.1,20,False,500,49,,,451,460,core,baseline
47,negative_control,1,main,N0X,1000,5,2,6,elliptical,normal,balanced,0.1,0.0,0,gaussian,0.2,isolated,uniform,2,0.1,20,False,500,49,,,461,470,core,baseline
48,negative_control,1,main,N0X,1000,5,2,6,elliptical,normal,balanced,0.1,0.0,0,gaussian,0.2,isolated,uniform,2,0.1,20,False,500,49,,,471,480,core,baseline
49,negative_control,1,main,N0X,1000,5,2,6,elliptical,normal,balanced,0.1,0.0,0,gaussian,0.2,isolated,uniform,2,0.1,20,False,500,49,,,481,490,core,baseline
50,negative_control,1,main,N0X,1000,5,2,6,elliptical,normal,balanced,0.1,0.0,0,gaussian,0.2,isolated,uniform,2,0.1,20,False,500,49,,,491,500,core,baseline
51,negative_control,1,main,N0X,1000,5,2,6,elliptical,normal,balanced,0.1,0.0,0,gaussian,0.2,isolated,uniform,2,0.1,20,False,500,49,,,501,510,core,baseline
52,negative_control,1,main,N0X,1000,5,2,6,elliptical,normal,balanced,0.1,0.0,0,gaussian,0.2,isolated,uniform,2,0.1,20,False,500,49,,,511,520,core,baseline
53,negative_control,1,main,N0X,1000,5,2,6,elliptical,normal,balanced,0.1,0.0,0,gaussian,0.2,isolated,uniform,2,0.1,20,False,500,49,,,521,530,core,baseline
54,negative_control,1,main,N0X,1000,5,2,6,elliptical,normal,balanced,0.1,0.0,0,gaussian,0.2,isolated,uniform,2,0.1,20,False,500,49,,,531,540,core,baseline
55,negative_control,1,main,N0X,1000,5,2,6,elliptical,normal,balanced,0.1,0.0,0,gaussian,0.2,isolated,uniform,2,0.1,20,False,500,49,,,541,550,core,baseline
56,negative_control,1,main,N0X,1000,5,2,6,elliptical,normal,balanced,0.1,0.0,0,gaussian,0.2,isolated,uniform,2,0.1,20,False,500,49,,,551,560,core,baseline
57,negative_control,1,main,N0X,1000,5,2,6,elliptical,normal,balanced,0.1,0.0,0,gaussian,0.2,isolated,uniform,2,0.1,20,False,500,49,,,561,570,core,baseline
58,negative_control,1,main,N0X,1000,5,2,6,elliptical,normal,balanced,0.1,0.0,0,gaussian,0.2,isolated,uniform,2,0.1,20,False,500,49,,,571,580,core,baseline
59,negative_control,1,main,N0X,1000,5,2,6,elliptical,normal,balanced,0.1,0.0,0,gaussian,0.2,isolated,uniform,2,0.1,20,False,500,49,,,581,590,core,baseline
60,negative_control,1,main,N0X,1000,5,2,6,elliptical,normal,balanced,0.1,0.0,0,gaussian,0.2,isolated,uniform,2,0.1,20,False,500,49,,,591,600,core,baseline
61,negative_control,1,main,N0X,1000,5,2,6,elliptical,normal,balanced,0.1,0.0,0,gaussian,0.2,isolated,uniform,2,0.1,20,False,500,49,,,601,610,core,baseline
62,negative_control,1,main,N0X,1000,5,2,6,elliptical,normal,balanced,0.1,0.0,0,gaussian,0.2,isolated,uniform,2,0.1,20,False,500,49,,,611,620,core,baseline
63,negative_control,1,main,N0X,1000,5,2,6,elliptical,normal,balanced,0.1,0.0,0,gaussian,0.2,isolated,uniform,2,0.1,20,False,500,49,,,621,630,core,baseline
64,negative_control,1,main,N0X,1000,5,2,6,elliptical,normal,balanced,0.1,0.0,0,gaussian,0.2,isolated,uniform,2,0.1,20,False,500,49,,,631,640,core,baseline
65,negative_control,1,main,N0X,1000,5,2,6,elliptical,normal,balanced,0.1,0.0,0,gaussian,0.2,isolated,uniform,2,0.1,20,False,500,49,,,641,650,core,baseline
66,negative_control,1,main,N0X,1000,5,2,6,elliptical,normal,balanced,0.1,0.0,0,gaussian,0.2,isolated,uniform,2,0.1,20,False,500,49,,,651,660,core,baseline
67,negative_control,1,main,N0X,1000,5,2,6,elliptical,normal,balanced,0.1,0.0,0,gaussian,0.2,isolated,uniform,2,0.1,20,False,500,49,,,661,670,core,baseline
68,negative_control,1,main,N0X,1000,5,2,6,elliptical,normal,balanced,0.1,0.0,0,gaussian,0.2,isolated,uniform,2,0.1,20,False,500,49,,,671,680,core,baseline
69,negative_control,1,main,N0X,1000,5,2,6,elliptical,normal,balanced,0.1,0.0,0,gaussian,0.2,isolated,uniform,2,0.1,20,False,500,49,,,681,690,core,baseline
70,negative_control,1,main,N0X,1000,5,2,6,elliptical,normal,balanced,0.1,0.0,0,gaussian,0.2,isolated,uniform,2,0.1,20,False,500,49,,,691,700,core,baseline
71,negative_control,1,main,N0X,1000,5,2,6,elliptical,normal,balanced,0.1,0.0,0,gaussian,0.2,isolated,uniform,2,0.1,20,False,500,49,,,701,710,core,baseline
72,negative_control,1,main,N0X,1000,5,2,6,elliptical,normal,balanced,0.1,0.0,0,gaussian,0.2,isolated,uniform,2,0.1,20,False,500,49,,,711,720,core,baseline
73,negative_control,1,main,N0X,1000,5,2,6,elliptical,normal,balanced,0.1,0.0,0,gaussian,0.2,isolated,uniform,2,0.1,20,False,500,49,,,721,730,core,baseline
74,negative_control,1,main,N0X,1000,5,2,6,elliptical,normal,balanced,0.1,0.0,0,gaussian,0.2,isolated,uniform,2,0.1,20,False,500,49,,,731,740,core,baseline
75,negative_control,1,main,N0X,1000,5,2,6,elliptical,normal,balanced,0.1,0.0,0,gaussian,0.2,isolated,uniform,2,0.1,20,False,500,49,,,741,750,core,baseline
76,negative_control,1,main,N0X,1000,5,2,6,elliptical,normal,balanced,0.1,0.0,0,gaussian,0.2,isolated,uniform,2,0.1,20,False,500,49,,,751,760,core,baseline
77,negative_control,1,main,N0X,1000,5,2,6,elliptical,normal,balanced,0.1,0.0,0,gaussian,0.2,isolated,uniform,2,0.1,20,False,500,49,,,761,770,core,baseline
78,negative_control,1,main,N0X,1000,5,2,6,elliptical,normal,balanced,0.1,0.0,0,gaussian,0.2,isolated,uniform,2,0.1,20,False,500,49,,,771,780,core,baseline
79,negative_control,1,main,N0X,1000,5,2,6,elliptical,normal,balanced,0.1,0.0,0,gaussian,0.2,isolated,uniform,2,0.1,20,False,500,49,,,781,790,core,baseline
80,negative_control,1,main,N0X,1000,5,2,6,elliptical,normal,balanced,0.1,0.0,0,gaussian,0.2,isolated,uniform,2,0.1,20,False,500,49,,,791,800,core,baseline
81,negative_control,1,main,N0X,1000,5,2,6,elliptical,normal,balanced,0.1,0.0,0,gaussian,0.2,isolated,uniform,2,0.1,20,False,500,49,,,801,810,core,baseline
82,negative_control,1,main,N0X,1000,5,2,6,elliptical,normal,balanced,0.1,0.0,0,gaussian,0.2,isolated,uniform,2,0.1,20,False,500,49,,,811,820,core,baseline
83,negative_control,1,main,N0X,1000,5,2,6,elliptical,normal,balanced,0.1,0.0,0,gaussian,0.2,isolated,uniform,2,0.1,20,False,500,49,,,821,830,core,baseline
84,negative_control,1,main,N0X,1000,5,2,6,elliptical,normal,balanced,0.1,0.0,0,gaussian,0.2,isolated,uniform,2,0.1,20,False,500,49,,,831,840,core,baseline
85,negative_control,1,main,N0X,1000,5,2,6,elliptical,normal,balanced,0.1,0.0,0,gaussian,0.2,isolated,uniform,2,0.1,20,False,500,49,,,841,850,core,baseline
86,negative_control,1,main,N0X,1000,5,2,6,elliptical,normal,balanced,0.1,0.0,0,gaussian,0.2,isolated,uniform,2,0.1,20,False,500,49,,,851,860,core,baseline
87,negative_control,1,main,N0X,1000,5,2,6,elliptical,normal,balanced,0.1,0.0,0,gaussian,0.2,isolated,uniform,2,0.1,20,False,500,49,,,861,870,core,baseline
88,negative_control,1,main,N0X,1000,5,2,6,elliptical,normal,balanced,0.1,0.0,0,gaussian,0.2,isolated,uniform,2,0.1,20,False,500,49,,,871,880,core,baseline
89,negative_control,1,main,N0X,1000,5,2,6,elliptical,normal,balanced,0.1,0.0,0,gaussian,0.2,isolated,uniform,2,0.1,20,False,500,49,,,881,890,core,baseline
90,negative_control,1,main,N0X,1000,5,2,6,elliptical,normal,balanced,0.1,0.0,0,gaussian,0.2,isolated,uniform,2,0.1,20,False,500,49,,,891,900,core,baseline
91,negative_control,1,main,N0X,1000,5,2,6,elliptical,normal,balanced,0.1,0.0,0,gaussian,0.2,isolated,uniform,2,0.1,20,False,500,49,,,901,910,core,baseline
92,negative_control,1,main,N0X,1000,5,2,6,elliptical,normal,balanced,0.1,0.0,0,gaussian,0.2,isolated,uniform,2,0.1,20,False,500,49,,,911,920,core,baseline
93,negative_control,1,main,N0X,1000,5,2,6,elliptical,normal,balanced,0.1,0.0,0,gaussian,0.2,isolated,uniform,2,0.1,20,False,500,49,,,921,930,core,baseline
94,negative_control,1,main,N0X,1000,5,2,6,elliptical,normal,balanced,0.1,0.0,0,gaussian,0.2,isolated,uniform,2,0.1,20,False,500,49,,,931,940,core,baseline
95,negative_control,1,main,N0X,1000,5,2,6,elliptical,normal,balanced,0.1,0.0,0,gaussian,0.2,isolated,uniform,2,0.1,20,False,500,49,,,941,950,core,baseline
96,negative_control,1,main,N0X,1000,5,2,6,elliptical,normal,balanced,0.1,0.0,0,gaussian,0.2,isolated,uniform,2,0.1,20,False,500,49,,,951,960,core,baseline
97,negative_control,1,main,N0X,1000,5,2,6,elliptical,normal,balanced,0.1,0.0,0,gaussian,0.2,isolated,uniform,2,0.1,20,False,500,49,,,961,970,core,baseline
98,negative_control,1,main,N0X,1000,5,2,6,elliptical,normal,balanced,0.1,0.0,0,gaussian,0.2,isolated,uniform,2,0.1,20,False,500,49,,,971,980,core,baseline
99,negative_control,1,main,N0X,1000,5,2,6,elliptical,normal,balanced,0.1,0.0,0,gaussian,0.2,isolated,uniform,2,0.1,20,False,500,49,,,981,990,core,baseline
100,negative_control,1,main,N0X,1000,5,2,6,elliptical,normal,balanced,0.1,0.0,0,gaussian,0.2,isolated,uniform,2,0.1,20,False,500,49,,,991,1000,core,baseline
101,negative_control,2,main,N0X,1000,5,2,6,elliptical,normal,balanced,0.1,0.0,0,gaussian,0.2,isolated,gaussian_diffuse,2,0.1,20,False,500,49,,,1,10,core,noise_type
102,negative_control,2,main,N0X,1000,5,2,6,elliptical,normal,balanced,0.1,0.0,0,gaussian,0.2,isolated,gaussian_diffuse,2,0.1,20,False,500,49,,,11,20,core,noise_type
103,negative_control,2,main,N0X,1000,5,2,6,elliptical,normal,balanced,0.1,0.0,0,gaussian,0.2,isolated,gaussian_diffuse,2,0.1,20,False,500,49,,,21,30,core,noise_type
104,negative_control,2,main,N0X,1000,5,2,6,elliptical,normal,balanced,0.1,0.0,0,gaussian,0.2,isolated,gaussian_diffuse,2,0.1,20,False,500,49,,,31,40,core,noise_type
105,negative_control,2,main,N0X,1000,5,2,6,elliptical,normal,balanced,0.1,0.0,0,gaussian,0.2,isolated,gaussian_diffuse,2,0.1,20,False,500,49,,,41,50,core,noise_type
106,negative_control,2,main,N0X,1000,5,2,6,elliptical,normal,balanced,0.1,0.0,0,gaussian,0.2,isolated,gaussian_diffuse,2,0.1,20,False,500,49,,,51,60,core,noise_type
107,negative_control,2,main,N0X,1000,5,2,6,elliptical,normal,balanced,0.1,0.0,0,gaussian,0.2,isolated,gaussian_diffuse,2,0.1,20,False,500,49,,,61,70,core,noise_type
108,negative_control,2,main,N0X,1000,5,2,6,elliptical,normal,balanced,0.1,0.0,0,gaussian,0.2,isolated,gaussian_diffuse,2,0.1,20,False,500,49,,,71,80,core,noise_type
109,negative_control,2,main,N0X,1000,5,2,6,elliptical,normal,balanced,0.1,0.0,0,gaussian,0.2,isolated,gaussian_diffuse,2,0.1,20,False,500,49,,,81,90,core,noise_type
110,negative_control,2,main,N0X,1000,5,2,6,elliptical,normal,balanced,0.1,0.0,0,gaussian,0.2,isolated,gaussian_diffuse,2,0.1,20,False,500,49,,,91,100,core,noise_type
111,negative_control,2,main,N0X,1000,5,2,6,elliptical,normal,balanced,0.1,0.0,0,gaussian,0.2,isolated,gaussian_diffuse,2,0.1,20,False,500,49,,,101,110,core,noise_type
112,negative_control,2,main,N0X,1000,5,2,6,elliptical,normal,balanced,0.1,0.0,0,gaussian,0.2,isolated,gaussian_diffuse,2,0.1,20,False,500,49,,,111,120,core,noise_type
113,negative_control,2,main,N0X,1000,5,2,6,elliptical,normal,balanced,0.1,0.0,0,gaussian,0.2,isolated,gaussian_diffuse,2,0.1,20,False,500,49,,,121,130,core,noise_type
114,negative_control,2,main,N0X,1000,5,2,6,elliptical,normal,balanced,0.1,0.0,0,gaussian,0.2,isolated,gaussian_diffuse,2,0.1,20,False,500,49,,,131,140,core,noise_type
115,negative_control,2,main,N0X,1000,5,2,6,elliptical,normal,balanced,0.1,0.0,0,gaussian,0.2,isolated,gaussian_diffuse,2,0.1,20,False,500,49,,,141,150,core,noise_type
116,negative_control,2,main,N0X,1000,5,2,6,elliptical,normal,balanced,0.1,0.0,0,gaussian,0.2,isolated,gaussian_diffuse,2,0.1,20,False,500,49,,,151,160,core,noise_type
117,negative_control,2,main,N0X,1000,5,2,6,elliptical,normal,balanced,0.1,0.0,0,gaussian,0.2,isolated,gaussian_diffuse,2,0.1,20,False,500,49,,,161,170,core,noise_type
118,negative_control,2,main,N0X,1000,5,2,6,elliptical,normal,balanced,0.1,0.0,0,gaussian,0.2,isolated,gaussian_diffuse,2,0.1,20,False,500,49,,,171,180,core,noise_type
119,negative_control,2,main,N0X,1000,5,2,6,elliptical,normal,balanced,0.1,0.0,0,gaussian,0.2,isolated,gaussian_diffuse,2,0.1,20,False,500,49,,,181,190,core,noise_type
120,negative_control,2,main,N0X,1000,5,2,6,elliptical,normal,balanced,0.1,0.0,0,gaussian,0.2,isolated,gaussian_diffuse,2,0.1,20,False,500,49,,,191,200,core,noise_type
121,negative_control,2,main,N0X,1000,5,2,6,elliptical,normal,balanced,0.1,0.0,0,gaussian,0.2,isolated,gaussian_diffuse,2,0.1,20,False,500,49,,,201,210,core,noise_type
122,negative_control,2,main,N0X,1000,5,2,6,elliptical,normal,balanced,0.1,0.0,0,gaussian,0.2,isolated,gaussian_diffuse,2,0.1,20,False,500,49,,,211,220,core,noise_type
123,negative_control,2,main,N0X,1000,5,2,6,elliptical,normal,balanced,0.1,0.0,0,gaussian,0.2,isolated,gaussian_diffuse,2,0.1,20,False,500,49,,,221,230,core,noise_type
124,negative_control,2,main,N0X,1000,5,2,6,elliptical,normal,balanced,0.1,0.0,0,gaussian,0.2,isolated,gaussian_diffuse,2,0.1,20,False,500,49,,,231,240,core,noise_type
125,negative_control,2,main,N0X,1000,5,2,6,elliptical,normal,balanced,0.1,0.0,0,gaussian,0.2,isolated,gaussian_diffuse,2,0.1,20,False,500,49,,,241,250,core,noise_type
126,negative_control,2,main,N0X,1000,5,2,6,elliptical,normal,balanced,0.1,0.0,0,gaussian,0.2,isolated,gaussian_diffuse,2,0.1,20,False,500,49,,,251,260,core,noise_type
127,negative_control,2,main,N0X,1000,5,2,6,elliptical,normal,balanced,0.1,0.0,0,gaussian,0.2,isolated,gaussian_diffuse,2,0.1,20,False,500,49,,,261,270,core,noise_type
128,negative_control,2,main,N0X,1000,5,2,6,elliptical,normal,balanced,0.1,0.0,0,gaussian,0.2,isolated,gaussian_diffuse,2,0.1,20,False,500,49,,,271,280,core,noise_type
129,negative_control,2,main,N0X,1000,5,2,6,elliptical,normal,balanced,0.1,0.0,0,gaussian,0.2,isolated,gaussian_diffuse,2,0.1,20,False,500,49,,,281,290,core,noise_type
130,negative_control,2,main,N0X,1000,5,2,6,elliptical,normal,balanced,0.1,0.0,0,gaussian,0.2,isolated,gaussian_diffuse,2,0.1,20,False,500,49,,,291,300,core,noise_type
131,negative_control,2,main,N0X,1000,5,2,6,elliptical,normal,balanced,0.1,0.0,0,gaussian,0.2,isolated,gaussian_diffuse,2,0.1,20,False,500,49,,,301,310,core,noise_type
132,negative_control,2,main,N0X,1000,5,2,6,elliptical,normal,balanced,0.1,0.0,0,gaussian,0.2,isolated,gaussian_diffuse,2,0.1,20,False,500,49,,,311,320,core,noise_type
133,negative_control,2,main,N0X,1000,5,2,6,elliptical,normal,balanced,0.1,0.0,0,gaussian,0.2,isolated,gaussian_diffuse,2,0.1,20,False,500,49,,,321,330,core,noise_type
134,negative_control,2,main,N0X,1000,5,2,6,elliptical,normal,balanced,0.1,0.0,0,gaussian,0.2,isolated,gaussian_diffuse,2,0.1,20,False,500,49,,,331,340,core,noise_type
135,negative_control,2,main,N0X,1000,5,2,6,elliptical,normal,balanced,0.1,0.0,0,gaussian,0.2,isolated,gaussian_diffuse,2,0.1,20,False,500,49,,,341,350,core,noise_type
136,negative_control,2,main,N0X,1000,5,2,6,elliptical,normal,balanced,0.1,0.0,0,gaussian,0.2,isolated,gaussian_diffuse,2,0.1,20,False,500,49,,,351,360,core,noise_type
137,negative_control,2,main,N0X,1000,5,2,6,elliptical,normal,balanced,0.1,0.0,0,gaussian,0.2,isolated,gaussian_diffuse,2,0.1,20,False,500,49,,,361,370,core,noise_type
138,negative_control,2,main,N0X,1000,5,2,6,elliptical,normal,balanced,0.1,0.0,0,gaussian,0.2,isolated,gaussian_diffuse,2,0.1,20,False,500,49,,,371,380,core,noise_type
139,negative_control,2,main,N0X,1000,5,2,6,elliptical,normal,balanced,0.1,0.0,0,gaussian,0.2,isolated,gaussian_diffuse,2,0.1,20,False,500,49,,,381,390,core,noise_type
140,negative_control,2,main,N0X,1000,5,2,6,elliptical,normal,balanced,0.1,0.0,0,gaussian,0.2,isolated,gaussian_diffuse,2,0.1,20,False,500,49,,,391,400,core,noise_type
141,negative_control,2,main,N0X,1000,5,2,6,elliptical,normal,balanced,0.1,0.0,0,gaussian,0.2,isolated,gaussian_diffuse,2,0.1,20,False,500,49,,,401,410,core,noise_type
142,negative_control,2,main,N0X,1000,5,2,6,elliptical,normal,balanced,0.1,0.0,0,gaussian,0.2,isolated,gaussian_diffuse,2,0.1,20,False,500,49,,,411,420,core,noise_type
143,negative_control,2,main,N0X,1000,5,2,6,elliptical,normal,balanced,0.1,0.0,0,gaussian,0.2,isolated,gaussian_diffuse,2,0.1,20,False,500,49,,,421,430,core,noise_type
144,negative_control,2,main,N0X,1000,5,2,6,elliptical,normal,balanced,0.1,0.0,0,gaussian,0.2,isolated,gaussian_diffuse,2,0.1,20,False,500,49,,,431,440,core,noise_type
145,negative_control,2,main,N0X,1000,5,2,6,elliptical,normal,balanced,0.1,0.0,0,gaussian,0.2,isolated,gaussian_diffuse,2,0.1,20,False,500,49,,,441,450,core,noise_type
146,negative_control,2,main,N0X,1000,5,2,6,elliptical,normal,balanced,0.1,0.0,0,gaussian,0.2,isolated,gaussian_diffuse,2,0.1,20,False,500,49,,,451,460,core,noise_type
147,negative_control,2,main,N0X,1000,5,2,6,elliptical,normal,balanced,0.1,0.0,0,gaussian,0.2,isolated,gaussian_diffuse,2,0.1,20,False,500,49,,,461,470,core,noise_type
148,negative_control,2,main,N0X,1000,5,2,6,elliptical,normal,balanced,0.1,0.0,0,gaussian,0.2,isolated,gaussian_diffuse,2,0.1,20,False,500,49,,,471,480,core,noise_type
149,negative_control,2,main,N0X,1000,5,2,6,elliptical,normal,balanced,0.1,0.0,0,gaussian,0.2,isolated,gaussian_diffuse,2,0.1,20,False,500,49,,,481,490,core,noise_type
150,negative_control,2,main,N0X,1000,5,2,6,elliptical,normal,balanced,0.1,0.0,0,gaussian,0.2,isolated,gaussian_diffuse,2,0.1,20,False,500,49,,,491,500,core,noise_type
151,negative_control,2,main,N0X,1000,5,2,6,elliptical,normal,balanced,0.1,0.0,0,gaussian,0.2,isolated,gaussian_diffuse,2,0.1,20,False,500,49,,,501,510,core,noise_type
152,negative_control,2,main,N0X,1000,5,2,6,elliptical,normal,balanced,0.1,0.0,0,gaussian,0.2,isolated,gaussian_diffuse,2,0.1,20,False,500,49,,,511,520,core,noise_type
153,negative_control,2,main,N0X,1000,5,2,6,elliptical,normal,balanced,0.1,0.0,0,gaussian,0.2,isolated,gaussian_diffuse,2,0.1,20,False,500,49,,,521,530,core,noise_type
154,negative_control,2,main,N0X,1000,5,2,6,elliptical,normal,balanced,0.1,0.0,0,gaussian,0.2,isolated,gaussian_diffuse,2,0.1,20,False,500,49,,,531,540,core,noise_type
155,negative_control,2,main,N0X,1000,5,2,6,elliptical,normal,balanced,0.1,0.0,0,gaussian,0.2,isolated,gaussian_diffuse,2,0.1,20,False,500,49,,,541,550,core,noise_type
156,negative_control,2,main,N0X,1000,5,2,6,elliptical,normal,balanced,0.1,0.0,0,gaussian,0.2,isolated,gaussian_diffuse,2,0.1,20,False,500,49,,,551,560,core,noise_type
157,negative_control,2,main,N0X,1000,5,2,6,elliptical,normal,balanced,0.1,0.0,0,gaussian,0.2,isolated,gaussian_diffuse,2,0.1,20,False,500,49,,,561,570,core,noise_type
158,negative_control,2,main,N0X,1000,5,2,6,elliptical,normal,balanced,0.1,0.0,0,gaussian,0.2,isolated,gaussian_diffuse,2,0.1,20,False,500,49,,,571,580,core,noise_type
159,negative_control,2,main,N0X,1000,5,2,6,elliptical,normal,balanced,0.1,0.0,0,gaussian,0.2,isolated,gaussian_diffuse,2,0.1,20,False,500,49,,,581,590,core,noise_type
160,negative_control,2,main,N0X,1000,5,2,6,elliptical,normal,balanced,0.1,0.0,0,gaussian,0.2,isolated,gaussian_diffuse,2,0.1,20,False,500,49,,,591,600,core,noise_type
161,negative_control,2,main,N0X,1000,5,2,6,elliptical,normal,balanced,0.1,0.0,0,gaussian,0.2,isolated,gaussian_diffuse,2,0.1,20,False,500,49,,,601,610,core,noise_type
162,negative_control,2,main,N0X,1000,5,2,6,elliptical,normal,balanced,0.1,0.0,0,gaussian,0.2,isolated,gaussian_diffuse,2,0.1,20,False,500,49,,,611,620,core,noise_type
163,negative_control,2,main,N0X,1000,5,2,6,elliptical,normal,balanced,0.1,0.0,0,gaussian,0.2,isolated,gaussian_diffuse,2,0.1,20,False,500,49,,,621,630,core,noise_type
164,negative_control,2,main,N0X,1000,5,2,6,elliptical,normal,balanced,0.1,0.0,0,gaussian,0.2,isolated,gaussian_diffuse,2,0.1,20,False,500,49,,,631,640,core,noise_type
165,negative_control,2,main,N0X,1000,5,2,6,elliptical,normal,balanced,0.1,0.0,0,gaussian,0.2,isolated,gaussian_diffuse,2,0.1,20,False,500,49,,,641,650,core,noise_type
166,negative_control,2,main,N0X,1000,5,2,6,elliptical,normal,balanced,0.1,0.0,0,gaussian,0.2,isolated,gaussian_diffuse,2,0.1,20,False,500,49,,,651,660,core,noise_type
167,negative_control,2,main,N0X,1000,5,2,6,elliptical,normal,balanced,0.1,0.0,0,gaussian,0.2,isolated,gaussian_diffuse,2,0.1,20,False,500,49,,,661,670,core,noise_type
168,negative_control,2,main,N0X,1000,5,2,6,elliptical,normal,balanced,0.1,0.0,0,gaussian,0.2,isolated,gaussian_diffuse,2,0.1,20,False,500,49,,,671,680,core,noise_type
169,negative_control,2,main,N0X,1000,5,2,6,elliptical,normal,balanced,0.1,0.0,0,gaussian,0.2,isolated,gaussian_diffuse,2,0.1,20,False,500,49,,,681,690,core,noise_type
170,negative_control,2,main,N0X,1000,5,2,6,elliptical,normal,balanced,0.1,0.0,0,gaussian,0.2,isolated,gaussian_diffuse,2,0.1,20,False,500,49,,,691,700,core,noise_type
171,negative_control,2,main,N0X,1000,5,2,6,elliptical,normal,balanced,0.1,0.0,0,gaussian,0.2,isolated,gaussian_diffuse,2,0.1,20,False,500,49,,,701,710,core,noise_type
172,negative_control,2,main,N0X,1000,5,2,6,elliptical,normal,balanced,0.1,0.0,0,gaussian,0.2,isolated,gaussian_diffuse,2,0.1,20,False,500,49,,,711,720,core,noise_type
173,negative_control,2,main,N0X,1000,5,2,6,elliptical,normal,balanced,0.1,0.0,0,gaussian,0.2,isolated,gaussian_diffuse,2,0.1,20,False,500,49,,,721,730,core,noise_type
174,negative_control,2,main,N0X,1000,5,2,6,elliptical,normal,balanced,0.1,0.0,0,gaussian,0.2,isolated,gaussian_diffuse,2,0.1,20,False,500,49,,,731,740,core,noise_type
175,negative_control,2,main,N0X,1000,5,2,6,elliptical,normal,balanced,0.1,0.0,0,gaussian,0.2,isolated,gaussian_diffuse,2,0.1,20,False,500,49,,,741,750,core,noise_type
176,negative_control,2,main,N0X,1000,5,2,6,elliptical,normal,balanced,0.1,0.0,0,gaussian,0.2,isolated,gaussian_diffuse,2,0.1,20,False,500,49,,,751,760,core,noise_type
177,negative_control,2,main,N0X,1000,5,2,6,elliptical,normal,balanced,0.1,0.0,0,gaussian,0.2,isolated,gaussian_diffuse,2,0.1,20,False,500,49,,,761,770,core,noise_type
178,negative_control,2,main,N0X,1000,5,2,6,elliptical,normal,balanced,0.1,0.0,0,gaussian,0.2,isolated,gaussian_diffuse,2,0.1,20,False,500,49,,,771,780,core,noise_type
179,negative_control,2,main,N0X,1000,5,2,6,elliptical,normal,balanced,0.1,0.0,0,gaussian,0.2,isolated,gaussian_diffuse,2,0.1,20,False,500,49,,,781,790,core,noise_type
180,negative_control,2,main,N0X,1000,5,2,6,elliptical,normal,balanced,0.1,0.0,0,gaussian,0.2,isolated,gaussian_diffuse,2,0.1,20,False,500,49,,,791,800,core,noise_type
181,negative_control,2,main,N0X,1000,5,2,6,elliptical,normal,balanced,0.1,0.0,0,gaussian,0.2,isolated,gaussian_diffuse,2,0.1,20,False,500,49,,,801,810,core,noise_type
182,negative_control,2,main,N0X,1000,5,2,6,elliptical,normal,balanced,0.1,0.0,0,gaussian,0.2,isolated,gaussian_diffuse,2,0.1,20,False,500,49,,,811,820,core,noise_type
183,negative_control,2,main,N0X,1000,5,2,6,elliptical,normal,balanced,0.1,0.0,0,gaussian,0.2,isolated,gaussian_diffuse,2,0.1,20,False,500,49,,,821,830,core,noise_type
184,negative_control,2,main,N0X,1000,5,2,6,elliptical,normal,balanced,0.1,0.0,0,gaussian,0.2,isolated,gaussian_diffuse,2,0.1,20,False,500,49,,,831,840,core,noise_type
185,negative_control,2,main,N0X,1000,5,2,6,elliptical,normal,balanced,0.1,0.0,0,gaussian,0.2,isolated,gaussian_diffuse,2,0.1,20,False,500,49,,,841,850,core,noise_type
186,negative_control,2,main,N0X,1000,5,2,6,elliptical,normal,balanced,0.1,0.0,0,gaussian,0.2,isolated,gaussian_diffuse,2,0.1,20,False,500,49,,,851,860,core,noise_type
187,negative_control,2,main,N0X,1000,5,2,6,elliptical,normal,balanced,0.1,0.0,0,gaussian,0.2,isolated,gaussian_diffuse,2,0.1,20,False,500,49,,,861,870,core,noise_type
188,negative_control,2,main,N0X,1000,5,2,6,elliptical,normal,balanced,0.1,0.0,0,gaussian,0.2,isolated,gaussian_diffuse,2,0.1,20,False,500,49,,,871,880,core,noise_type
189,negative_control,2,main,N0X,1000,5,2,6,elliptical,normal,balanced,0.1,0.0,0,gaussian,0.2,isolated,gaussian_diffuse,2,0.1,20,False,500,49,,,881,890,core,noise_type
190,negative_control,2,main,N0X,1000,5,2,6,elliptical,normal,balanced,0.1,0.0,0,gaussian,0.2,isolated,gaussian_diffuse,2,0.1,20,False,500,49,,,891,900,core,noise_type
191,negative_control,2,main,N0X,1000,5,2,6,elliptical,normal,balanced,0.1,0.0,0,gaussian,0.2,isolated,gaussian_diffuse,2,0.1,20,False,500,49,,,901,910,core,noise_type
192,negative_control,2,main,N0X,1000,5,2,6,elliptical,normal,balanced,0.1,0.0,0,gaussian,0.2,isolated,gaussian_diffuse,2,0.1,20,False,500,49,,,911,920,core,noise_type
193,negative_control,2,main,N0X,1000,5,2,6,elliptical,normal,balanced,0.1,0.0,0,gaussian,0.2,isolated,gaussian_diffuse,2,0.1,20,False,500,49,,,921,930,core,noise_type
194,negative_control,2,main,N0X,1000,5,2,6,elliptical,normal,balanced,0.1,0.0,0,gaussian,0.2,isolated,gaussian_diffuse,2,0.1,20,False,500,49,,,931,940,core,noise_type
195,negative_control,2,main,N0X,1000,5,2,6,elliptical,normal,balanced,0.1,0.0,0,gaussian,0.2,isolated,gaussian_diffuse,2,0.1,20,False,500,49,,,941,950,core,noise_type
196,negative_control,2,main,N0X,1000,5,2,6,elliptical,normal,balanced,0.1,0.0,0,gaussian,0.2,isolated,gaussian_diffuse,2,0.1,20,False,500,49,,,951,960,core,noise_type
197,negative_control,2,main,N0X,1000,5,2,6,elliptical,normal,balanced,0.1,0.0,0,gaussian,0.2,isolated,gaussian_diffuse,2,0.1,20,False,500,49,,,961,970,core,noise_type
198,negative_control,2,main,N0X,1000,5,2,6,elliptical,normal,balanced,0.1,0.0,0,gaussian,0.2,isolated,gaussian_diffuse,2,0.1,20,False,500,49,,,971,980,core,noise_type
199,negative_control,2,main,N0X,1000,5,2,6,elliptical,normal,balanced,0.1,0.0,0,gaussian,0.2,isolated,gaussian_diffuse,2,0.1,20,False,500,49,,,981,990,core,noise_type
200,negative_control,2,main,N0X,1000,5,2,6,elliptical,normal,balanced,0.1,0.0,0,gaussian,0.2,isolated,gaussian_diffuse,2,0.1,20,False,500,49,,,991,1000,core,noise_type
201,negative_control,3,main,N0X,1000,5,2,6,elliptical,normal,balanced,0.1,0.0,0,gaussian,0.2,isolated,bridge,2,0.1,20,False,500,49,,,1,10,core,noise_type
202,negative_control,3,main,N0X,1000,5,2,6,elliptical,normal,balanced,0.1,0.0,0,gaussian,0.2,isolated,bridge,2,0.1,20,False,500,49,,,11,20,core,noise_type
203,negative_control,3,main,N0X,1000,5,2,6,elliptical,normal,balanced,0.1,0.0,0,gaussian,0.2,isolated,bridge,2,0.1,20,False,500,49,,,21,30,core,noise_type
204,negative_control,3,main,N0X,1000,5,2,6,elliptical,normal,balanced,0.1,0.0,0,gaussian,0.2,isolated,bridge,2,0.1,20,False,500,49,,,31,40,core,noise_type
205,negative_control,3,main,N0X,1000,5,2,6,elliptical,normal,balanced,0.1,0.0,0,gaussian,0.2,isolated,bridge,2,0.1,20,False,500,49,,,41,50,core,noise_type
206,negative_control,3,main,N0X,1000,5,2,6,elliptical,normal,balanced,0.1,0.0,0,gaussian,0.2,isolated,bridge,2,0.1,20,False,500,49,,,51,60,core,noise_type
207,negative_control,3,main,N0X,1000,5,2,6,elliptical,normal,balanced,0.1,0.0,0,gaussian,0.2,isolated,bridge,2,0.1,20,False,500,49,,,61,70,core,noise_type
208,negative_control,3,main,N0X,1000,5,2,6,elliptical,normal,balanced,0.1,0.0,0,gaussian,0.2,isolated,bridge,2,0.1,20,False,500,49,,,71,80,core,noise_type
209,negative_control,3,main,N0X,1000,5,2,6,elliptical,normal,balanced,0.1,0.0,0,gaussian,0.2,isolated,bridge,2,0.1,20,False,500,49,,,81,90,core,noise_type
210,negative_control,3,main,N0X,1000,5,2,6,elliptical,normal,balanced,0.1,0.0,0,gaussian,0.2,isolated,bridge,2,0.1,20,False,500,49,,,91,100,core,noise_type
211,negative_control,3,main,N0X,1000,5,2,6,elliptical,normal,balanced,0.1,0.0,0,gaussian,0.2,isolated,bridge,2,0.1,20,False,500,49,,,101,110,core,noise_type
212,negative_control,3,main,N0X,1000,5,2,6,elliptical,normal,balanced,0.1,0.0,0,gaussian,0.2,isolated,bridge,2,0.1,20,False,500,49,,,111,120,core,noise_type
213,negative_control,3,main,N0X,1000,5,2,6,elliptical,normal,balanced,0.1,0.0,0,gaussian,0.2,isolated,bridge,2,0.1,20,False,500,49,,,121,130,core,noise_type
214,negative_control,3,main,N0X,1000,5,2,6,elliptical,normal,balanced,0.1,0.0,0,gaussian,0.2,isolated,bridge,2,0.1,20,False,500,49,,,131,140,core,noise_type
215,negative_control,3,main,N0X,1000,5,2,6,elliptical,normal,balanced,0.1,0.0,0,gaussian,0.2,isolated,bridge,2,0.1,20,False,500,49,,,141,150,core,noise_type
216,negative_control,3,main,N0X,1000,5,2,6,elliptical,normal,balanced,0.1,0.0,0,gaussian,0.2,isolated,bridge,2,0.1,20,False,500,49,,,151,160,core,noise_type
217,negative_control,3,main,N0X,1000,5,2,6,elliptical,normal,balanced,0.1,0.0,0,gaussian,0.2,isolated,bridge,2,0.1,20,False,500,49,,,161,170,core,noise_type
218,negative_control,3,main,N0X,1000,5,2,6,elliptical,normal,balanced,0.1,0.0,0,gaussian,0.2,isolated,bridge,2,0.1,20,False,500,49,,,171,180,core,noise_type
219,negative_control,3,main,N0X,1000,5,2,6,elliptical,normal,balanced,0.1,0.0,0,gaussian,0.2,isolated,bridge,2,0.1,20,False,500,49,,,181,190,core,noise_type
220,negative_control,3,main,N0X,1000,5,2,6,elliptical,normal,balanced,0.1,0.0,0,gaussian,0.2,isolated,bridge,2,0.1,20,False,500,49,,,191,200,core,noise_type
221,negative_control,3,main,N0X,1000,5,2,6,elliptical,normal,balanced,0.1,0.0,0,gaussian,0.2,isolated,bridge,2,0.1,20,False,500,49,,,201,210,core,noise_type
222,negative_control,3,main,N0X,1000,5,2,6,elliptical,normal,balanced,0.1,0.0,0,gaussian,0.2,isolated,bridge,2,0.1,20,False,500,49,,,211,220,core,noise_type
223,negative_control,3,main,N0X,1000,5,2,6,elliptical,normal,balanced,0.1,0.0,0,gaussian,0.2,isolated,bridge,2,0.1,20,False,500,49,,,221,230,core,noise_type
224,negative_control,3,main,N0X,1000,5,2,6,elliptical,normal,balanced,0.1,0.0,0,gaussian,0.2,isolated,bridge,2,0.1,20,False,500,49,,,231,240,core,noise_type
225,negative_control,3,main,N0X,1000,5,2,6,elliptical,normal,balanced,0.1,0.0,0,gaussian,0.2,isolated,bridge,2,0.1,20,False,500,49,,,241,250,core,noise_type
226,negative_control,3,main,N0X,1000,5,2,6,elliptical,normal,balanced,0.1,0.0,0,gaussian,0.2,isolated,bridge,2,0.1,20,False,500,49,,,251,260,core,noise_type
227,negative_control,3,main,N0X,1000,5,2,6,elliptical,normal,balanced,0.1,0.0,0,gaussian,0.2,isolated,bridge,2,0.1,20,False,500,49,,,261,270,core,noise_type
228,negative_control,3,main,N0X,1000,5,2,6,elliptical,normal,balanced,0.1,0.0,0,gaussian,0.2,isolated,bridge,2,0.1,20,False,500,49,,,271,280,core,noise_type
229,negative_control,3,main,N0X,1000,5,2,6,elliptical,normal,balanced,0.1,0.0,0,gaussian,0.2,isolated,bridge,2,0.1,20,False,500,49,,,281,290,core,noise_type
230,negative_control,3,main,N0X,1000,5,2,6,elliptical,normal,balanced,0.1,0.0,0,gaussian,0.2,isolated,bridge,2,0.1,20,False,500,49,,,291,300,core,noise_type
231,negative_control,3,main,N0X,1000,5,2,6,elliptical,normal,balanced,0.1,0.0,0,gaussian,0.2,isolated,bridge,2,0.1,20,False,500,49,,,301,310,core,noise_type
232,negative_control,3,main,N0X,1000,5,2,6,elliptical,normal,balanced,0.1,0.0,0,gaussian,0.2,isolated,bridge,2,0.1,20,False,500,49,,,311,320,core,noise_type
233,negative_control,3,main,N0X,1000,5,2,6,elliptical,normal,balanced,0.1,0.0,0,gaussian,0.2,isolated,bridge,2,0.1,20,False,500,49,,,321,330,core,noise_type
234,negative_control,3,main,N0X,1000,5,2,6,elliptical,normal,balanced,0.1,0.0,0,gaussian,0.2,isolated,bridge,2,0.1,20,False,500,49,,,331,340,core,noise_type
235,negative_control,3,main,N0X,1000,5,2,6,elliptical,normal,balanced,0.1,0.0,0,gaussian,0.2,isolated,bridge,2,0.1,20,False,500,49,,,341,350,core,noise_type
236,negative_control,3,main,N0X,1000,5,2,6,elliptical,normal,balanced,0.1,0.0,0,gaussian,0.2,isolated,bridge,2,0.1,20,False,500,49,,,351,360,core,noise_type
237,negative_control,3,main,N0X,1000,5,2,6,elliptical,normal,balanced,0.1,0.0,0,gaussian,0.2,isolated,bridge,2,0.1,20,False,500,49,,,361,370,core,noise_type
238,negative_control,3,main,N0X,1000,5,2,6,elliptical,normal,balanced,0.1,0.0,0,gaussian,0.2,isolated,bridge,2,0.1,20,False,500,49,,,371,380,core,noise_type
239,negative_control,3,main,N0X,1000,5,2,6,elliptical,normal,balanced,0.1,0.0,0,gaussian,0.2,isolated,bridge,2,0.1,20,False,500,49,,,381,390,core,noise_type
240,negative_control,3,main,N0X,1000,5,2,6,elliptical,normal,balanced,0.1,0.0,0,gaussian,0.2,isolated,bridge,2,0.1,20,False,500,49,,,391,400,core,noise_type
241,negative_control,3,main,N0X,1000,5,2,6,elliptical,normal,balanced,0.1,0.0,0,gaussian,0.2,isolated,bridge,2,0.1,20,False,500,49,,,401,410,core,noise_type
242,negative_control,3,main,N0X,1000,5,2,6,elliptical,normal,balanced,0.1,0.0,0,gaussian,0.2,isolated,bridge,2,0.1,20,False,500,49,,,411,420,core,noise_type
243,negative_control,3,main,N0X,1000,5,2,6,elliptical,normal,balanced,0.1,0.0,0,gaussian,0.2,isolated,bridge,2,0.1,20,False,500,49,,,421,430,core,noise_type
244,negative_control,3,main,N0X,1000,5,2,6,elliptical,normal,balanced,0.1,0.0,0,gaussian,0.2,isolated,bridge,2,0.1,20,False,500,49,,,431,440,core,noise_type
245,negative_control,3,main,N0X,1000,5,2,6,elliptical,normal,balanced,0.1,0.0,0,gaussian,0.2,isolated,bridge,2,0.1,20,False,500,49,,,441,450,core,noise_type
246,negative_control,3,main,N0X,1000,5,2,6,elliptical,normal,balanced,0.1,0.0,0,gaussian,0.2,isolated,bridge,2,0.1,20,False,500,49,,,451,460,core,noise_type
247,negative_control,3,main,N0X,1000,5,2,6,elliptical,normal,balanced,0.1,0.0,0,gaussian,0.2,isolated,bridge,2,0.1,20,False,500,49,,,461,470,core,noise_type
248,negative_control,3,main,N0X,1000,5,2,6,elliptical,normal,balanced,0.1,0.0,0,gaussian,0.2,isolated,bridge,2,0.1,20,False,500,49,,,471,480,core,noise_type
249,negative_control,3,main,N0X,1000,5,2,6,elliptical,normal,balanced,0.1,0.0,0,gaussian,0.2,isolated,bridge,2,0.1,20,False,500,49,,,481,490,core,noise_type
250,negative_control,3,main,N0X,1000,5,2,6,elliptical,normal,balanced,0.1,0.0,0,gaussian,0.2,isolated,bridge,2,0.1,20,False,500,49,,,491,500,core,noise_type
251,negative_control,3,main,N0X,1000,5,2,6,elliptical,normal,balanced,0.1,0.0,0,gaussian,0.2,isolated,bridge,2,0.1,20,False,500,49,,,501,510,core,noise_type
252,negative_control,3,main,N0X,1000,5,2,6,elliptical,normal,balanced,0.1,0.0,0,gaussian,0.2,isolated,bridge,2,0.1,20,False,500,49,,,511,520,core,noise_type
253,negative_control,3,main,N0X,1000,5,2,6,elliptical,normal,balanced,0.1,0.0,0,gaussian,0.2,isolated,bridge,2,0.1,20,False,500,49,,,521,530,core,noise_type
254,negative_control,3,main,N0X,1000,5,2,6,elliptical,normal,balanced,0.1,0.0,0,gaussian,0.2,isolated,bridge,2,0.1,20,False,500,49,,,531,540,core,noise_type
255,negative_control,3,main,N0X,1000,5,2,6,elliptical,normal,balanced,0.1,0.0,0,gaussian,0.2,isolated,bridge,2,0.1,20,False,500,49,,,541,550,core,noise_type
256,negative_control,3,main,N0X,1000,5,2,6,elliptical,normal,balanced,0.1,0.0,0,gaussian,0.2,isolated,bridge,2,0.1,20,False,500,49,,,551,560,core,noise_type
257,negative_control,3,main,N0X,1000,5,2,6,elliptical,normal,balanced,0.1,0.0,0,gaussian,0.2,isolated,bridge,2,0.1,20,False,500,49,,,561,570,core,noise_type
258,negative_control,3,main,N0X,1000,5,2,6,elliptical,normal,balanced,0.1,0.0,0,gaussian,0.2,isolated,bridge,2,0.1,20,False,500,49,,,571,580,core,noise_type
259,negative_control,3,main,N0X,1000,5,2,6,elliptical,normal,balanced,0.1,0.0,0,gaussian,0.2,isolated,bridge,2,0.1,20,False,500,49,,,581,590,core,noise_type
260,negative_control,3,main,N0X,1000,5,2,6,elliptical,normal,balanced,0.1,0.0,0,gaussian,0.2,isolated,bridge,2,0.1,20,False,500,49,,,591,600,core,noise_type
261,negative_control,3,main,N0X,1000,5,2,6,elliptical,normal,balanced,0.1,0.0,0,gaussian,0.2,isolated,bridge,2,0.1,20,False,500,49,,,601,610,core,noise_type
262,negative_control,3,main,N0X,1000,5,2,6,elliptical,normal,balanced,0.1,0.0,0,gaussian,0.2,isolated,bridge,2,0.1,20,False,500,49,,,611,620,core,noise_type
263,negative_control,3,main,N0X,1000,5,2,6,elliptical,normal,balanced,0.1,0.0,0,gaussian,0.2,isolated,bridge,2,0.1,20,False,500,49,,,621,630,core,noise_type
264,negative_control,3,main,N0X,1000,5,2,6,elliptical,normal,balanced,0.1,0.0,0,gaussian,0.2,isolated,bridge,2,0.1,20,False,500,49,,,631,640,core,noise_type
265,negative_control,3,main,N0X,1000,5,2,6,elliptical,normal,balanced,0.1,0.0,0,gaussian,0.2,isolated,bridge,2,0.1,20,False,500,49,,,641,650,core,noise_type
266,negative_control,3,main,N0X,1000,5,2,6,elliptical,normal,balanced,0.1,0.0,0,gaussian,0.2,isolated,bridge,2,0.1,20,False,500,49,,,651,660,core,noise_type
267,negative_control,3,main,N0X,1000,5,2,6,elliptical,normal,balanced,0.1,0.0,0,gaussian,0.2,isolated,bridge,2,0.1,20,False,500,49,,,661,670,core,noise_type
268,negative_control,3,main,N0X,1000,5,2,6,elliptical,normal,balanced,0.1,0.0,0,gaussian,0.2,isolated,bridge,2,0.1,20,False,500,49,,,671,680,core,noise_type
269,negative_control,3,main,N0X,1000,5,2,6,elliptical,normal,balanced,0.1,0.0,0,gaussian,0.2,isolated,bridge,2,0.1,20,False,500,49,,,681,690,core,noise_type
270,negative_control,3,main,N0X,1000,5,2,6,elliptical,normal,balanced,0.1,0.0,0,gaussian,0.2,isolated,bridge,2,0.1,20,False,500,49,,,691,700,core,noise_type
271,negative_control,3,main,N0X,1000,5,2,6,elliptical,normal,balanced,0.1,0.0,0,gaussian,0.2,isolated,bridge,2,0.1,20,False,500,49,,,701,710,core,noise_type
272,negative_control,3,main,N0X,1000,5,2,6,elliptical,normal,balanced,0.1,0.0,0,gaussian,0.2,isolated,bridge,2,0.1,20,False,500,49,,,711,720,core,noise_type
273,negative_control,3,main,N0X,1000,5,2,6,elliptical,normal,balanced,0.1,0.0,0,gaussian,0.2,isolated,bridge,2,0.1,20,False,500,49,,,721,730,core,noise_type
274,negative_control,3,main,N0X,1000,5,2,6,elliptical,normal,balanced,0.1,0.0,0,gaussian,0.2,isolated,bridge,2,0.1,20,False,500,49,,,731,740,core,noise_type
275,negative_control,3,main,N0X,1000,5,2,6,elliptical,normal,balanced,0.1,0.0,0,gaussian,0.2,isolated,bridge,2,0.1,20,False,500,49,,,741,750,core,noise_type
276,negative_control,3,main,N0X,1000,5,2,6,elliptical,normal,balanced,0.1,0.0,0,gaussian,0.2,isolated,bridge,2,0.1,20,False,500,49,,,751,760,core,noise_type
277,negative_control,3,main,N0X,1000,5,2,6,elliptical,normal,balanced,0.1,0.0,0,gaussian,0.2,isolated,bridge,2,0.1,20,False,500,49,,,761,770,core,noise_type
278,negative_control,3,main,N0X,1000,5,2,6,elliptical,normal,balanced,0.1,0.0,0,gaussian,0.2,isolated,bridge,2,0.1,20,False,500,49,,,771,780,core,noise_type
279,negative_control,3,main,N0X,1000,5,2,6,elliptical,normal,balanced,0.1,0.0,0,gaussian,0.2,isolated,bridge,2,0.1,20,False,500,49,,,781,790,core,noise_type
280,negative_control,3,main,N0X,1000,5,2,6,elliptical,normal,balanced,0.1,0.0,0,gaussian,0.2,isolated,bridge,2,0.1,20,False,500,49,,,791,800,core,noise_type
281,negative_control,3,main,N0X,1000,5,2,6,elliptical,normal,balanced,0.1,0.0,0,gaussian,0.2,isolated,bridge,2,0.1,20,False,500,49,,,801,810,core,noise_type
282,negative_control,3,main,N0X,1000,5,2,6,elliptical,normal,balanced,0.1,0.0,0,gaussian,0.2,isolated,bridge,2,0.1,20,False,500,49,,,811,820,core,noise_type
283,negative_control,3,main,N0X,1000,5,2,6,elliptical,normal,balanced,0.1,0.0,0,gaussian,0.2,isolated,bridge,2,0.1,20,False,500,49,,,821,830,core,noise_type
284,negative_control,3,main,N0X,1000,5,2,6,elliptical,normal,balanced,0.1,0.0,0,gaussian,0.2,isolated,bridge,2,0.1,20,False,500,49,,,831,840,core,noise_type
285,negative_control,3,main,N0X,1000,5,2,6,elliptical,normal,balanced,0.1,0.0,0,gaussian,0.2,isolated,bridge,2,0.1,20,False,500,49,,,841,850,core,noise_type
286,negative_control,3,main,N0X,1000,5,2,6,elliptical,normal,balanced,0.1,0.0,0,gaussian,0.2,isolated,bridge,2,0.1,20,False,500,49,,,851,860,core,noise_type
287,negative_control,3,main,N0X,1000,5,2,6,elliptical,normal,balanced,0.1,0.0,0,gaussian,0.2,isolated,bridge,2,0.1,20,False,500,49,,,861,870,core,noise_type
288,negative_control,3,main,N0X,1000,5,2,6,elliptical,normal,balanced,0.1,0.0,0,gaussian,0.2,isolated,bridge,2,0.1,20,False,500,49,,,871,880,core,noise_type
289,negative_control,3,main,N0X,1000,5,2,6,elliptical,normal,balanced,0.1,0.0,0,gaussian,0.2,isolated,bridge,2,0.1,20,False,500,49,,,881,890,core,noise_type
290,negative_control,3,main,N0X,1000,5,2,6,elliptical,normal,balanced,0.1,0.0,0,gaussian,0.2,isolated,bridge,2,0.1,20,False,500,49,,,891,900,core,noise_type
291,negative_control,3,main,N0X,1000,5,2,6,elliptical,normal,balanced,0.1,0.0,0,gaussian,0.2,isolated,bridge,2,0.1,20,False,500,49,,,901,910,core,noise_type
292,negative_control,3,main,N0X,1000,5,2,6,elliptical,normal,balanced,0.1,0.0,0,gaussian,0.2,isolated,bridge,2,0.1,20,False,500,49,,,911,920,core,noise_type
293,negative_control,3,main,N0X,1000,5,2,6,elliptical,normal,balanced,0.1,0.0,0,gaussian,0.2,isolated,bridge,2,0.1,20,False,500,49,,,921,930,core,noise_type
294,negative_control,3,main,N0X,1000,5,2,6,elliptical,normal,balanced,0.1,0.0,0,gaussian,0.2,isolated,bridge,2,0.1,20,False,500,49,,,931,940,core,noise_type
295,negative_control,3,main,N0X,1000,5,2,6,elliptical,normal,balanced,0.1,0.0,0,gaussian,0.2,isolated,bridge,2,0.1,20,False,500,49,,,941,950,core,noise_type
296,negative_control,3,main,N0X,1000,5,2,6,elliptical,normal,balanced,0.1,0.0,0,gaussian,0.2,isolated,bridge,2,0.1,20,False,500,49,,,951,960,core,noise_type
297,negative_control,3,main,N0X,1000,5,2,6,elliptical,normal,balanced,0.1,0.0,0,gaussian,0.2,isolated,bridge,2,0.1,20,False,500,49,,,961,970,core,noise_type
298,negative_control,3,main,N0X,1000,5,2,6,elliptical,normal,balanced,0.1,0.0,0,gaussian,0.2,isolated,bridge,2,0.1,20,False,500,49,,,971,980,core,noise_type
299,negative_control,3,main,N0X,1000,5,2,6,elliptical,normal,balanced,0.1,0.0,0,gaussian,0.2,isolated,bridge,2,0.1,20,False,500,49,,,981,990,core,noise_type
300,negative_control,3,main,N0X,1000,5,2,6,elliptical,normal,balanced,0.1,0.0,0,gaussian,0.2,isolated,bridge,2,0.1,20,False,500,49,,,991,1000,core,noise_type
301,negative_control,4,main,N0X,1000,5,2,6,elliptical,normal,balanced,0.1,0.0,0,gaussian,0.2,isolated,correlated_sheet,2,0.1,20,False,500,49,,,1,10,core,noise_type
302,negative_control,4,main,N0X,1000,5,2,6,elliptical,normal,balanced,0.1,0.0,0,gaussian,0.2,isolated,correlated_sheet,2,0.1,20,False,500,49,,,11,20,core,noise_type
303,negative_control,4,main,N0X,1000,5,2,6,elliptical,normal,balanced,0.1,0.0,0,gaussian,0.2,isolated,correlated_sheet,2,0.1,20,False,500,49,,,21,30,core,noise_type
304,negative_control,4,main,N0X,1000,5,2,6,elliptical,normal,balanced,0.1,0.0,0,gaussian,0.2,isolated,correlated_sheet,2,0.1,20,False,500,49,,,31,40,core,noise_type
305,negative_control,4,main,N0X,1000,5,2,6,elliptical,normal,balanced,0.1,0.0,0,gaussian,0.2,isolated,correlated_sheet,2,0.1,20,False,500,49,,,41,50,core,noise_type
306,negative_control,4,main,N0X,1000,5,2,6,elliptical,normal,balanced,0.1,0.0,0,gaussian,0.2,isolated,correlated_sheet,2,0.1,20,False,500,49,,,51,60,core,noise_type
307,negative_control,4,main,N0X,1000,5,2,6,elliptical,normal,balanced,0.1,0.0,0,gaussian,0.2,isolated,correlated_sheet,2,0.1,20,False,500,49,,,61,70,core,noise_type
308,negative_control,4,main,N0X,1000,5,2,6,elliptical,normal,balanced,0.1,0.0,0,gaussian,0.2,isolated,correlated_sheet,2,0.1,20,False,500,49,,,71,80,core,noise_type
309,negative_control,4,main,N0X,1000,5,2,6,elliptical,normal,balanced,0.1,0.0,0,gaussian,0.2,isolated,correlated_sheet,2,0.1,20,False,500,49,,,81,90,core,noise_type
310,negative_control,4,main,N0X,1000,5,2,6,elliptical,normal,balanced,0.1,0.0,0,gaussian,0.2,isolated,correlated_sheet,2,0.1,20,False,500,49,,,91,100,core,noise_type
311,negative_control,4,main,N0X,1000,5,2,6,elliptical,normal,balanced,0.1,0.0,0,gaussian,0.2,isolated,correlated_sheet,2,0.1,20,False,500,49,,,101,110,core,noise_type
312,negative_control,4,main,N0X,1000,5,2,6,elliptical,normal,balanced,0.1,0.0,0,gaussian,0.2,isolated,correlated_sheet,2,0.1,20,False,500,49,,,111,120,core,noise_type
313,negative_control,4,main,N0X,1000,5,2,6,elliptical,normal,balanced,0.1,0.0,0,gaussian,0.2,isolated,correlated_sheet,2,0.1,20,False,500,49,,,121,130,core,noise_type
314,negative_control,4,main,N0X,1000,5,2,6,elliptical,normal,balanced,0.1,0.0,0,gaussian,0.2,isolated,correlated_sheet,2,0.1,20,False,500,49,,,131,140,core,noise_type
315,negative_control,4,main,N0X,1000,5,2,6,elliptical,normal,balanced,0.1,0.0,0,gaussian,0.2,isolated,correlated_sheet,2,0.1,20,False,500,49,,,141,150,core,noise_type
316,negative_control,4,main,N0X,1000,5,2,6,elliptical,normal,balanced,0.1,0.0,0,gaussian,0.2,isolated,correlated_sheet,2,0.1,20,False,500,49,,,151,160,core,noise_type
317,negative_control,4,main,N0X,1000,5,2,6,elliptical,normal,balanced,0.1,0.0,0,gaussian,0.2,isolated,correlated_sheet,2,0.1,20,False,500,49,,,161,170,core,noise_type
318,negative_control,4,main,N0X,1000,5,2,6,elliptical,normal,balanced,0.1,0.0,0,gaussian,0.2,isolated,correlated_sheet,2,0.1,20,False,500,49,,,171,180,core,noise_type
319,negative_control,4,main,N0X,1000,5,2,6,elliptical,normal,balanced,0.1,0.0,0,gaussian,0.2,isolated,correlated_sheet,2,0.1,20,False,500,49,,,181,190,core,noise_type
320,negative_control,4,main,N0X,1000,5,2,6,elliptical,normal,balanced,0.1,0.0,0,gaussian,0.2,isolated,correlated_sheet,2,0.1,20,False,500,49,,,191,200,core,noise_type
321,negative_control,4,main,N0X,1000,5,2,6,elliptical,normal,balanced,0.1,0.0,0,gaussian,0.2,isolated,correlated_sheet,2,0.1,20,False,500,49,,,201,210,core,noise_type
322,negative_control,4,main,N0X,1000,5,2,6,elliptical,normal,balanced,0.1,0.0,0,gaussian,0.2,isolated,correlated_sheet,2,0.1,20,False,500,49,,,211,220,core,noise_type
323,negative_control,4,main,N0X,1000,5,2,6,elliptical,normal,balanced,0.1,0.0,0,gaussian,0.2,isolated,correlated_sheet,2,0.1,20,False,500,49,,,221,230,core,noise_type
324,negative_control,4,main,N0X,1000,5,2,6,elliptical,normal,balanced,0.1,0.0,0,gaussian,0.2,isolated,correlated_sheet,2,0.1,20,False,500,49,,,231,240,core,noise_type
325,negative_control,4,main,N0X,1000,5,2,6,elliptical,normal,balanced,0.1,0.0,0,gaussian,0.2,isolated,correlated_sheet,2,0.1,20,False,500,49,,,241,250,core,noise_type
326,negative_control,4,main,N0X,1000,5,2,6,elliptical,normal,balanced,0.1,0.0,0,gaussian,0.2,isolated,correlated_sheet,2,0.1,20,False,500,49,,,251,260,core,noise_type
327,negative_control,4,main,N0X,1000,5,2,6,elliptical,normal,balanced,0.1,0.0,0,gaussian,0.2,isolated,correlated_sheet,2,0.1,20,False,500,49,,,261,270,core,noise_type
328,negative_control,4,main,N0X,1000,5,2,6,elliptical,normal,balanced,0.1,0.0,0,gaussian,0.2,isolated,correlated_sheet,2,0.1,20,False,500,49,,,271,280,core,noise_type
329,negative_control,4,main,N0X,1000,5,2,6,elliptical,normal,balanced,0.1,0.0,0,gaussian,0.2,isolated,correlated_sheet,2,0.1,20,False,500,49,,,281,290,core,noise_type
330,negative_control,4,main,N0X,1000,5,2,6,elliptical,normal,balanced,0.1,0.0,0,gaussian,0.2,isolated,correlated_sheet,2,0.1,20,False,500,49,,,291,300,core,noise_type
331,negative_control,4,main,N0X,1000,5,2,6,elliptical,normal,balanced,0.1,0.0,0,gaussian,0.2,isolated,correlated_sheet,2,0.1,20,False,500,49,,,301,310,core,noise_type
332,negative_control,4,main,N0X,1000,5,2,6,elliptical,normal,balanced,0.1,0.0,0,gaussian,0.2,isolated,correlated_sheet,2,0.1,20,False,500,49,,,311,320,core,noise_type
333,negative_control,4,main,N0X,1000,5,2,6,elliptical,normal,balanced,0.1,0.0,0,gaussian,0.2,isolated,correlated_sheet,2,0.1,20,False,500,49,,,321,330,core,noise_type
334,negative_control,4,main,N0X,1000,5,2,6,elliptical,normal,balanced,0.1,0.0,0,gaussian,0.2,isolated,correlated_sheet,2,0.1,20,False,500,49,,,331,340,core,noise_type
335,negative_control,4,main,N0X,1000,5,2,6,elliptical,normal,balanced,0.1,0.0,0,gaussian,0.2,isolated,correlated_sheet,2,0.1,20,False,500,49,,,341,350,core,noise_type
336,negative_control,4,main,N0X,1000,5,2,6,elliptical,normal,balanced,0.1,0.0,0,gaussian,0.2,isolated,correlated_sheet,2,0.1,20,False,500,49,,,351,360,core,noise_type
337,negative_control,4,main,N0X,1000,5,2,6,elliptical,normal,balanced,0.1,0.0,0,gaussian,0.2,isolated,correlated_sheet,2,0.1,20,False,500,49,,,361,370,core,noise_type
338,negative_control,4,main,N0X,1000,5,2,6,elliptical,normal,balanced,0.1,0.0,0,gaussian,0.2,isolated,correlated_sheet,2,0.1,20,False,500,49,,,371,380,core,noise_type
339,negative_control,4,main,N0X,1000,5,2,6,elliptical,normal,balanced,0.1,0.0,0,gaussian,0.2,isolated,correlated_sheet,2,0.1,20,False,500,49,,,381,390,core,noise_type
340,negative_control,4,main,N0X,1000,5,2,6,elliptical,normal,balanced,0.1,0.0,0,gaussian,0.2,isolated,correlated_sheet,2,0.1,20,False,500,49,,,391,400,core,noise_type
341,negative_control,4,main,N0X,1000,5,2,6,elliptical,normal,balanced,0.1,0.0,0,gaussian,0.2,isolated,correlated_sheet,2,0.1,20,False,500,49,,,401,410,core,noise_type
342,negative_control,4,main,N0X,1000,5,2,6,elliptical,normal,balanced,0.1,0.0,0,gaussian,0.2,isolated,correlated_sheet,2,0.1,20,False,500,49,,,411,420,core,noise_type
343,negative_control,4,main,N0X,1000,5,2,6,elliptical,normal,balanced,0.1,0.0,0,gaussian,0.2,isolated,correlated_sheet,2,0.1,20,False,500,49,,,421,430,core,noise_type
344,negative_control,4,main,N0X,1000,5,2,6,elliptical,normal,balanced,0.1,0.0,0,gaussian,0.2,isolated,correlated_sheet,2,0.1,20,False,500,49,,,431,440,core,noise_type
345,negative_control,4,main,N0X,1000,5,2,6,elliptical,normal,balanced,0.1,0.0,0,gaussian,0.2,isolated,correlated_sheet,2,0.1,20,False,500,49,,,441,450,core,noise_type
346,negative_control,4,main,N0X,1000,5,2,6,elliptical,normal,balanced,0.1,0.0,0,gaussian,0.2,isolated,correlated_sheet,2,0.1,20,False,500,49,,,451,460,core,noise_type
347,negative_control,4,main,N0X,1000,5,2,6,elliptical,normal,balanced,0.1,0.0,0,gaussian,0.2,isolated,correlated_sheet,2,0.1,20,False,500,49,,,461,470,core,noise_type
348,negative_control,4,main,N0X,1000,5,2,6,elliptical,normal,balanced,0.1,0.0,0,gaussian,0.2,isolated,correlated_sheet,2,0.1,20,False,500,49,,,471,480,core,noise_type
349,negative_control,4,main,N0X,1000,5,2,6,elliptical,normal,balanced,0.1,0.0,0,gaussian,0.2,isolated,correlated_sheet,2,0.1,20,False,500,49,,,481,490,core,noise_type
350,negative_control,4,main,N0X,1000,5,2,6,elliptical,normal,balanced,0.1,0.0,0,gaussian,0.2,isolated,correlated_sheet,2,0.1,20,False,500,49,,,491,500,core,noise_type
351,negative_control,4,main,N0X,1000,5,2,6,elliptical,normal,balanced,0.1,0.0,0,gaussian,0.2,isolated,correlated_sheet,2,0.1,20,False,500,49,,,501,510,core,noise_type
352,negative_control,4,main,N0X,1000,5,2,6,elliptical,normal,balanced,0.1,0.0,0,gaussian,0.2,isolated,correlated_sheet,2,0.1,20,False,500,49,,,511,520,core,noise_type
353,negative_control,4,main,N0X,1000,5,2,6,elliptical,normal,balanced,0.1,0.0,0,gaussian,0.2,isolated,correlated_sheet,2,0.1,20,False,500,49,,,521,530,core,noise_type
354,negative_control,4,main,N0X,1000,5,2,6,elliptical,normal,balanced,0.1,0.0,0,gaussian,0.2,isolated,correlated_sheet,2,0.1,20,False,500,49,,,531,540,core,noise_type
355,negative_control,4,main,N0X,1000,5,2,6,elliptical,normal,balanced,0.1,0.0,0,gaussian,0.2,isolated,correlated_sheet,2,0.1,20,False,500,49,,,541,550,core,noise_type
356,negative_control,4,main,N0X,1000,5,2,6,elliptical,normal,balanced,0.1,0.0,0,gaussian,0.2,isolated,correlated_sheet,2,0.1,20,False,500,49,,,551,560,core,noise_type
357,negative_control,4,main,N0X,1000,5,2,6,elliptical,normal,balanced,0.1,0.0,0,gaussian,0.2,isolated,correlated_sheet,2,0.1,20,False,500,49,,,561,570,core,noise_type
358,negative_control,4,main,N0X,1000,5,2,6,elliptical,normal,balanced,0.1,0.0,0,gaussian,0.2,isolated,correlated_sheet,2,0.1,20,False,500,49,,,571,580,core,noise_type
359,negative_control,4,main,N0X,1000,5,2,6,elliptical,normal,balanced,0.1,0.0,0,gaussian,0.2,isolated,correlated_sheet,2,0.1,20,False,500,49,,,581,590,core,noise_type
360,negative_control,4,main,N0X,1000,5,2,6,elliptical,normal,balanced,0.1,0.0,0,gaussian,0.2,isolated,correlated_sheet,2,0.1,20,False,500,49,,,591,600,core,noise_type
361,negative_control,4,main,N0X,1000,5,2,6,elliptical,normal,balanced,0.1,0.0,0,gaussian,0.2,isolated,correlated_sheet,2,0.1,20,False,500,49,,,601,610,core,noise_type
362,negative_control,4,main,N0X,1000,5,2,6,elliptical,normal,balanced,0.1,0.0,0,gaussian,0.2,isolated,correlated_sheet,2,0.1,20,False,500,49,,,611,620,core,noise_type
363,negative_control,4,main,N0X,1000,5,2,6,elliptical,normal,balanced,0.1,0.0,0,gaussian,0.2,isolated,correlated_sheet,2,0.1,20,False,500,49,,,621,630,core,noise_type
364,negative_control,4,main,N0X,1000,5,2,6,elliptical,normal,balanced,0.1,0.0,0,gaussian,0.2,isolated,correlated_sheet,2,0.1,20,False,500,49,,,631,640,core,noise_type
365,negative_control,4,main,N0X,1000,5,2,6,elliptical,normal,balanced,0.1,0.0,0,gaussian,0.2,isolated,correlated_sheet,2,0.1,20,False,500,49,,,641,650,core,noise_type
366,negative_control,4,main,N0X,1000,5,2,6,elliptical,normal,balanced,0.1,0.0,0,gaussian,0.2,isolated,correlated_sheet,2,0.1,20,False,500,49,,,651,660,core,noise_type
367,negative_control,4,main,N0X,1000,5,2,6,elliptical,normal,balanced,0.1,0.0,0,gaussian,0.2,isolated,correlated_sheet,2,0.1,20,False,500,49,,,661,670,core,noise_type
368,negative_control,4,main,N0X,1000,5,2,6,elliptical,normal,balanced,0.1,0.0,0,gaussian,0.2,isolated,correlated_sheet,2,0.1,20,False,500,49,,,671,680,core,noise_type
369,negative_control,4,main,N0X,1000,5,2,6,elliptical,normal,balanced,0.1,0.0,0,gaussian,0.2,isolated,correlated_sheet,2,0.1,20,False,500,49,,,681,690,core,noise_type
370,negative_control,4,main,N0X,1000,5,2,6,elliptical,normal,balanced,0.1,0.0,0,gaussian,0.2,isolated,correlated_sheet,2,0.1,20,False,500,49,,,691,700,core,noise_type
371,negative_control,4,main,N0X,1000,5,2,6,elliptical,normal,balanced,0.1,0.0,0,gaussian,0.2,isolated,correlated_sheet,2,0.1,20,False,500,49,,,701,710,core,noise_type
372,negative_control,4,main,N0X,1000,5,2,6,elliptical,normal,balanced,0.1,0.0,0,gaussian,0.2,isolated,correlated_sheet,2,0.1,20,False,500,49,,,711,720,core,noise_type
373,negative_control,4,main,N0X,1000,5,2,6,elliptical,normal,balanced,0.1,0.0,0,gaussian,0.2,isolated,correlated_sheet,2,0.1,20,False,500,49,,,721,730,core,noise_type
374,negative_control,4,main,N0X,1000,5,2,6,elliptical,normal,balanced,0.1,0.0,0,gaussian,0.2,isolated,correlated_sheet,2,0.1,20,False,500,49,,,731,740,core,noise_type
375,negative_control,4,main,N0X,1000,5,2,6,elliptical,normal,balanced,0.1,0.0,0,gaussian,0.2,isolated,correlated_sheet,2,0.1,20,False,500,49,,,741,750,core,noise_type
376,negative_control,4,main,N0X,1000,5,2,6,elliptical,normal,balanced,0.1,0.0,0,gaussian,0.2,isolated,correlated_sheet,2,0.1,20,False,500,49,,,751,760,core,noise_type
377,negative_control,4,main,N0X,1000,5,2,6,elliptical,normal,balanced,0.1,0.0,0,gaussian,0.2,isolated,correlated_sheet,2,0.1,20,False,500,49,,,761,770,core,noise_type
378,negative_control,4,main,N0X,1000,5,2,6,elliptical,normal,balanced,0.1,0.0,0,gaussian,0.2,isolated,correlated_sheet,2,0.1,20,False,500,49,,,771,780,core,noise_type
379,negative_control,4,main,N0X,1000,5,2,6,elliptical,normal,balanced,0.1,0.0,0,gaussian,0.2,isolated,correlated_sheet,2,0.1,20,False,500,49,,,781,790,core,noise_type
380,negative_control,4,main,N0X,1000,5,2,6,elliptical,normal,balanced,0.1,0.0,0,gaussian,0.2,isolated,correlated_sheet,2,0.1,20,False,500,49,,,791,800,core,noise_type
381,negative_control,4,main,N0X,1000,5,2,6,elliptical,normal,balanced,0.1,0.0,0,gaussian,0.2,isolated,correlated_sheet,2,0.1,20,False,500,49,,,801,810,core,noise_type
382,negative_control,4,main,N0X,1000,5,2,6,elliptical,normal,balanced,0.1,0.0,0,gaussian,0.2,isolated,correlated_sheet,2,0.1,20,False,500,49,,,811,820,core,noise_type
383,negative_control,4,main,N0X,1000,5,2,6,elliptical,normal,balanced,0.1,0.0,0,gaussian,0.2,isolated,correlated_sheet,2,0.1,20,False,500,49,,,821,830,core,noise_type
384,negative_control,4,main,N0X,1000,5,2,6,elliptical,normal,balanced,0.1,0.0,0,gaussian,0.2,isolated,correlated_sheet,2,0.1,20,False,500,49,,,831,840,core,noise_type
385,negative_control,4,main,N0X,1000,5,2,6,elliptical,normal,balanced,0.1,0.0,0,gaussian,0.2,isolated,correlated_sheet,2,0.1,20,False,500,49,,,841,850,core,noise_type
386,negative_control,4,main,N0X,1000,5,2,6,elliptical,normal,balanced,0.1,0.0,0,gaussian,0.2,isolated,correlated_sheet,2,0.1,20,False,500,49,,,851,860,core,noise_type
387,negative_control,4,main,N0X,1000,5,2,6,elliptical,normal,balanced,0.1,0.0,0,gaussian,0.2,isolated,correlated_sheet,2,0.1,20,False,500,49,,,861,870,core,noise_type
388,negative_control,4,main,N0X,1000,5,2,6,elliptical,normal,balanced,0.1,0.0,0,gaussian,0.2,isolated,correlated_sheet,2,0.1,20,False,500,49,,,871,880,core,noise_type
389,negative_control,4,main,N0X,1000,5,2,6,elliptical,normal,balanced,0.1,0.0,0,gaussian,0.2,isolated,correlated_sheet,2,0.1,20,False,500,49,,,881,890,core,noise_type
390,negative_control,4,main,N0X,1000,5,2,6,elliptical,normal,balanced,0.1,0.0,0,gaussian,0.2,isolated,correlated_sheet,2,0.1,20,False,500,49,,,891,900,core,noise_type
391,negative_control,4,main,N0X,1000,5,2,6,elliptical,normal,balanced,0.1,0.0,0,gaussian,0.2,isolated,correlated_sheet,2,0.1,20,False,500,49,,,901,910,core,noise_type
392,negative_control,4,main,N0X,1000,5,2,6,elliptical,normal,balanced,0.1,0.0,0,gaussian,0.2,isolated,correlated_sheet,2,0.1,20,False,500,49,,,911,920,core,noise_type
393,negative_control,4,main,N0X,1000,5,2,6,elliptical,normal,balanced,0.1,0.0,0,gaussian,0.2,isolated,correlated_sheet,2,0.1,20,False,500,49,,,921,930,core,noise_type
394,negative_control,4,main,N0X,1000,5,2,6,elliptical,normal,balanced,0.1,0.0,0,gaussian,0.2,isolated,correlated_sheet,2,0.1,20,False,500,49,,,931,940,core,noise_type
395,negative_control,4,main,N0X,1000,5,2,6,elliptical,normal,balanced,0.1,0.0,0,gaussian,0.2,isolated,correlated_sheet,2,0.1,20,False,500,49,,,941,950,core,noise_type
396,negative_control,4,main,N0X,1000,5,2,6,elliptical,normal,balanced,0.1,0.0,0,gaussian,0.2,isolated,correlated_sheet,2,0.1,20,False,500,49,,,951,960,core,noise_type
397,negative_control,4,main,N0X,1000,5,2,6,elliptical,normal,balanced,0.1,0.0,0,gaussian,0.2,isolated,correlated_sheet,2,0.1,20,False,500,49,,,961,970,core,noise_type
398,negative_control,4,main,N0X,1000,5,2,6,elliptical,normal,balanced,0.1,0.0,0,gaussian,0.2,isolated,correlated_sheet,2,0.1,20,False,500,49,,,971,980,core,noise_type
399,negative_control,4,main,N0X,1000,5,2,6,elliptical,normal,balanced,0.1,0.0,0,gaussian,0.2,isolated,correlated_sheet,2,0.1,20,False,500,49,,,981,990,core,noise_type
400,negative_control,4,main,N0X,1000,5,2,6,elliptical,normal,balanced,0.1,0.0,0,gaussian,0.2,isolated,correlated_sheet,2,0.1,20,False,500,49,,,991,1000,core,noise_type
401,negative_control,5,main,N0X,1000,5,2,6,elliptical,t5,balanced,0.1,0.0,0,gaussian,0.2,isolated,uniform,2,0.1,20,False,500,49,,,1,10,core,main_distribution
402,negative_control,5,main,N0X,1000,5,2,6,elliptical,t5,balanced,0.1,0.0,0,gaussian,0.2,isolated,uniform,2,0.1,20,False,500,49,,,11,20,core,main_distribution
403,negative_control,5,main,N0X,1000,5,2,6,elliptical,t5,balanced,0.1,0.0,0,gaussian,0.2,isolated,uniform,2,0.1,20,False,500,49,,,21,30,core,main_distribution
404,negative_control,5,main,N0X,1000,5,2,6,elliptical,t5,balanced,0.1,0.0,0,gaussian,0.2,isolated,uniform,2,0.1,20,False,500,49,,,31,40,core,main_distribution
405,negative_control,5,main,N0X,1000,5,2,6,elliptical,t5,balanced,0.1,0.0,0,gaussian,0.2,isolated,uniform,2,0.1,20,False,500,49,,,41,50,core,main_distribution
406,negative_control,5,main,N0X,1000,5,2,6,elliptical,t5,balanced,0.1,0.0,0,gaussian,0.2,isolated,uniform,2,0.1,20,False,500,49,,,51,60,core,main_distribution
407,negative_control,5,main,N0X,1000,5,2,6,elliptical,t5,balanced,0.1,0.0,0,gaussian,0.2,isolated,uniform,2,0.1,20,False,500,49,,,61,70,core,main_distribution
408,negative_control,5,main,N0X,1000,5,2,6,elliptical,t5,balanced,0.1,0.0,0,gaussian,0.2,isolated,uniform,2,0.1,20,False,500,49,,,71,80,core,main_distribution
409,negative_control,5,main,N0X,1000,5,2,6,elliptical,t5,balanced,0.1,0.0,0,gaussian,0.2,isolated,uniform,2,0.1,20,False,500,49,,,81,90,core,main_distribution
410,negative_control,5,main,N0X,1000,5,2,6,elliptical,t5,balanced,0.1,0.0,0,gaussian,0.2,isolated,uniform,2,0.1,20,False,500,49,,,91,100,core,main_distribution
411,negative_control,5,main,N0X,1000,5,2,6,elliptical,t5,balanced,0.1,0.0,0,gaussian,0.2,isolated,uniform,2,0.1,20,False,500,49,,,101,110,core,main_distribution
412,negative_control,5,main,N0X,1000,5,2,6,elliptical,t5,balanced,0.1,0.0,0,gaussian,0.2,isolated,uniform,2,0.1,20,False,500,49,,,111,120,core,main_distribution
413,negative_control,5,main,N0X,1000,5,2,6,elliptical,t5,balanced,0.1,0.0,0,gaussian,0.2,isolated,uniform,2,0.1,20,False,500,49,,,121,130,core,main_distribution
414,negative_control,5,main,N0X,1000,5,2,6,elliptical,t5,balanced,0.1,0.0,0,gaussian,0.2,isolated,uniform,2,0.1,20,False,500,49,,,131,140,core,main_distribution
415,negative_control,5,main,N0X,1000,5,2,6,elliptical,t5,balanced,0.1,0.0,0,gaussian,0.2,isolated,uniform,2,0.1,20,False,500,49,,,141,150,core,main_distribution
416,negative_control,5,main,N0X,1000,5,2,6,elliptical,t5,balanced,0.1,0.0,0,gaussian,0.2,isolated,uniform,2,0.1,20,False,500,49,,,151,160,core,main_distribution
417,negative_control,5,main,N0X,1000,5,2,6,elliptical,t5,balanced,0.1,0.0,0,gaussian,0.2,isolated,uniform,2,0.1,20,False,500,49,,,161,170,core,main_distribution
418,negative_control,5,main,N0X,1000,5,2,6,elliptical,t5,balanced,0.1,0.0,0,gaussian,0.2,isolated,uniform,2,0.1,20,False,500,49,,,171,180,core,main_distribution
419,negative_control,5,main,N0X,1000,5,2,6,elliptical,t5,balanced,0.1,0.0,0,gaussian,0.2,isolated,uniform,2,0.1,20,False,500,49,,,181,190,core,main_distribution
420,negative_control,5,main,N0X,1000,5,2,6,elliptical,t5,balanced,0.1,0.0,0,gaussian,0.2,isolated,uniform,2,0.1,20,False,500,49,,,191,200,core,main_distribution
421,negative_control,5,main,N0X,1000,5,2,6,elliptical,t5,balanced,0.1,0.0,0,gaussian,0.2,isolated,uniform,2,0.1,20,False,500,49,,,201,210,core,main_distribution
422,negative_control,5,main,N0X,1000,5,2,6,elliptical,t5,balanced,0.1,0.0,0,gaussian,0.2,isolated,uniform,2,0.1,20,False,500,49,,,211,220,core,main_distribution
423,negative_control,5,main,N0X,1000,5,2,6,elliptical,t5,balanced,0.1,0.0,0,gaussian,0.2,isolated,uniform,2,0.1,20,False,500,49,,,221,230,core,main_distribution
424,negative_control,5,main,N0X,1000,5,2,6,elliptical,t5,balanced,0.1,0.0,0,gaussian,0.2,isolated,uniform,2,0.1,20,False,500,49,,,231,240,core,main_distribution
425,negative_control,5,main,N0X,1000,5,2,6,elliptical,t5,balanced,0.1,0.0,0,gaussian,0.2,isolated,uniform,2,0.1,20,False,500,49,,,241,250,core,main_distribution
426,negative_control,5,main,N0X,1000,5,2,6,elliptical,t5,balanced,0.1,0.0,0,gaussian,0.2,isolated,uniform,2,0.1,20,False,500,49,,,251,260,core,main_distribution
427,negative_control,5,main,N0X,1000,5,2,6,elliptical,t5,balanced,0.1,0.0,0,gaussian,0.2,isolated,uniform,2,0.1,20,False,500,49,,,261,270,core,main_distribution
428,negative_control,5,main,N0X,1000,5,2,6,elliptical,t5,balanced,0.1,0.0,0,gaussian,0.2,isolated,uniform,2,0.1,20,False,500,49,,,271,280,core,main_distribution
429,negative_control,5,main,N0X,1000,5,2,6,elliptical,t5,balanced,0.1,0.0,0,gaussian,0.2,isolated,uniform,2,0.1,20,False,500,49,,,281,290,core,main_distribution
430,negative_control,5,main,N0X,1000,5,2,6,elliptical,t5,balanced,0.1,0.0,0,gaussian,0.2,isolated,uniform,2,0.1,20,False,500,49,,,291,300,core,main_distribution
431,negative_control,5,main,N0X,1000,5,2,6,elliptical,t5,balanced,0.1,0.0,0,gaussian,0.2,isolated,uniform,2,0.1,20,False,500,49,,,301,310,core,main_distribution
432,negative_control,5,main,N0X,1000,5,2,6,elliptical,t5,balanced,0.1,0.0,0,gaussian,0.2,isolated,uniform,2,0.1,20,False,500,49,,,311,320,core,main_distribution
433,negative_control,5,main,N0X,1000,5,2,6,elliptical,t5,balanced,0.1,0.0,0,gaussian,0.2,isolated,uniform,2,0.1,20,False,500,49,,,321,330,core,main_distribution
434,negative_control,5,main,N0X,1000,5,2,6,elliptical,t5,balanced,0.1,0.0,0,gaussian,0.2,isolated,uniform,2,0.1,20,False,500,49,,,331,340,core,main_distribution
435,negative_control,5,main,N0X,1000,5,2,6,elliptical,t5,balanced,0.1,0.0,0,gaussian,0.2,isolated,uniform,2,0.1,20,False,500,49,,,341,350,core,main_distribution
436,negative_control,5,main,N0X,1000,5,2,6,elliptical,t5,balanced,0.1,0.0,0,gaussian,0.2,isolated,uniform,2,0.1,20,False,500,49,,,351,360,core,main_distribution
437,negative_control,5,main,N0X,1000,5,2,6,elliptical,t5,balanced,0.1,0.0,0,gaussian,0.2,isolated,uniform,2,0.1,20,False,500,49,,,361,370,core,main_distribution
438,negative_control,5,main,N0X,1000,5,2,6,elliptical,t5,balanced,0.1,0.0,0,gaussian,0.2,isolated,uniform,2,0.1,20,False,500,49,,,371,380,core,main_distribution
439,negative_control,5,main,N0X,1000,5,2,6,elliptical,t5,balanced,0.1,0.0,0,gaussian,0.2,isolated,uniform,2,0.1,20,False,500,49,,,381,390,core,main_distribution
440,negative_control,5,main,N0X,1000,5,2,6,elliptical,t5,balanced,0.1,0.0,0,gaussian,0.2,isolated,uniform,2,0.1,20,False,500,49,,,391,400,core,main_distribution
441,negative_control,5,main,N0X,1000,5,2,6,elliptical,t5,balanced,0.1,0.0,0,gaussian,0.2,isolated,uniform,2,0.1,20,False,500,49,,,401,410,core,main_distribution
442,negative_control,5,main,N0X,1000,5,2,6,elliptical,t5,balanced,0.1,0.0,0,gaussian,0.2,isolated,uniform,2,0.1,20,False,500,49,,,411,420,core,main_distribution
443,negative_control,5,main,N0X,1000,5,2,6,elliptical,t5,balanced,0.1,0.0,0,gaussian,0.2,isolated,uniform,2,0.1,20,False,500,49,,,421,430,core,main_distribution
444,negative_control,5,main,N0X,1000,5,2,6,elliptical,t5,balanced,0.1,0.0,0,gaussian,0.2,isolated,uniform,2,0.1,20,False,500,49,,,431,440,core,main_distribution
445,negative_control,5,main,N0X,1000,5,2,6,elliptical,t5,balanced,0.1,0.0,0,gaussian,0.2,isolated,uniform,2,0.1,20,False,500,49,,,441,450,core,main_distribution
446,negative_control,5,main,N0X,1000,5,2,6,elliptical,t5,balanced,0.1,0.0,0,gaussian,0.2,isolated,uniform,2,0.1,20,False,500,49,,,451,460,core,main_distribution
447,negative_control,5,main,N0X,1000,5,2,6,elliptical,t5,balanced,0.1,0.0,0,gaussian,0.2,isolated,uniform,2,0.1,20,False,500,49,,,461,470,core,main_distribution
448,negative_control,5,main,N0X,1000,5,2,6,elliptical,t5,balanced,0.1,0.0,0,gaussian,0.2,isolated,uniform,2,0.1,20,False,500,49,,,471,480,core,main_distribution
449,negative_control,5,main,N0X,1000,5,2,6,elliptical,t5,balanced,0.1,0.0,0,gaussian,0.2,isolated,uniform,2,0.1,20,False,500,49,,,481,490,core,main_distribution
450,negative_control,5,main,N0X,1000,5,2,6,elliptical,t5,balanced,0.1,0.0,0,gaussian,0.2,isolated,uniform,2,0.1,20,False,500,49,,,491,500,core,main_distribution
451,negative_control,5,main,N0X,1000,5,2,6,elliptical,t5,balanced,0.1,0.0,0,gaussian,0.2,isolated,uniform,2,0.1,20,False,500,49,,,501,510,core,main_distribution
452,negative_control,5,main,N0X,1000,5,2,6,elliptical,t5,balanced,0.1,0.0,0,gaussian,0.2,isolated,uniform,2,0.1,20,False,500,49,,,511,520,core,main_distribution
453,negative_control,5,main,N0X,1000,5,2,6,elliptical,t5,balanced,0.1,0.0,0,gaussian,0.2,isolated,uniform,2,0.1,20,False,500,49,,,521,530,core,main_distribution
454,negative_control,5,main,N0X,1000,5,2,6,elliptical,t5,balanced,0.1,0.0,0,gaussian,0.2,isolated,uniform,2,0.1,20,False,500,49,,,531,540,core,main_distribution
455,negative_control,5,main,N0X,1000,5,2,6,elliptical,t5,balanced,0.1,0.0,0,gaussian,0.2,isolated,uniform,2,0.1,20,False,500,49,,,541,550,core,main_distribution
456,negative_control,5,main,N0X,1000,5,2,6,elliptical,t5,balanced,0.1,0.0,0,gaussian,0.2,isolated,uniform,2,0.1,20,False,500,49,,,551,560,core,main_distribution
457,negative_control,5,main,N0X,1000,5,2,6,elliptical,t5,balanced,0.1,0.0,0,gaussian,0.2,isolated,uniform,2,0.1,20,False,500,49,,,561,570,core,main_distribution
458,negative_control,5,main,N0X,1000,5,2,6,elliptical,t5,balanced,0.1,0.0,0,gaussian,0.2,isolated,uniform,2,0.1,20,False,500,49,,,571,580,core,main_distribution
459,negative_control,5,main,N0X,1000,5,2,6,elliptical,t5,balanced,0.1,0.0,0,gaussian,0.2,isolated,uniform,2,0.1,20,False,500,49,,,581,590,core,main_distribution
460,negative_control,5,main,N0X,1000,5,2,6,elliptical,t5,balanced,0.1,0.0,0,gaussian,0.2,isolated,uniform,2,0.1,20,False,500,49,,,591,600,core,main_distribution
461,negative_control,5,main,N0X,1000,5,2,6,elliptical,t5,balanced,0.1,0.0,0,gaussian,0.2,isolated,uniform,2,0.1,20,False,500,49,,,601,610,core,main_distribution
462,negative_control,5,main,N0X,1000,5,2,6,elliptical,t5,balanced,0.1,0.0,0,gaussian,0.2,isolated,uniform,2,0.1,20,False,500,49,,,611,620,core,main_distribution
463,negative_control,5,main,N0X,1000,5,2,6,elliptical,t5,balanced,0.1,0.0,0,gaussian,0.2,isolated,uniform,2,0.1,20,False,500,49,,,621,630,core,main_distribution
464,negative_control,5,main,N0X,1000,5,2,6,elliptical,t5,balanced,0.1,0.0,0,gaussian,0.2,isolated,uniform,2,0.1,20,False,500,49,,,631,640,core,main_distribution
465,negative_control,5,main,N0X,1000,5,2,6,elliptical,t5,balanced,0.1,0.0,0,gaussian,0.2,isolated,uniform,2,0.1,20,False,500,49,,,641,650,core,main_distribution
466,negative_control,5,main,N0X,1000,5,2,6,elliptical,t5,balanced,0.1,0.0,0,gaussian,0.2,isolated,uniform,2,0.1,20,False,500,49,,,651,660,core,main_distribution
467,negative_control,5,main,N0X,1000,5,2,6,elliptical,t5,balanced,0.1,0.0,0,gaussian,0.2,isolated,uniform,2,0.1,20,False,500,49,,,661,670,core,main_distribution
468,negative_control,5,main,N0X,1000,5,2,6,elliptical,t5,balanced,0.1,0.0,0,gaussian,0.2,isolated,uniform,2,0.1,20,False,500,49,,,671,680,core,main_distribution
469,negative_control,5,main,N0X,1000,5,2,6,elliptical,t5,balanced,0.1,0.0,0,gaussian,0.2,isolated,uniform,2,0.1,20,False,500,49,,,681,690,core,main_distribution
470,negative_control,5,main,N0X,1000,5,2,6,elliptical,t5,balanced,0.1,0.0,0,gaussian,0.2,isolated,uniform,2,0.1,20,False,500,49,,,691,700,core,main_distribution
471,negative_control,5,main,N0X,1000,5,2,6,elliptical,t5,balanced,0.1,0.0,0,gaussian,0.2,isolated,uniform,2,0.1,20,False,500,49,,,701,710,core,main_distribution
472,negative_control,5,main,N0X,1000,5,2,6,elliptical,t5,balanced,0.1,0.0,0,gaussian,0.2,isolated,uniform,2,0.1,20,False,500,49,,,711,720,core,main_distribution
473,negative_control,5,main,N0X,1000,5,2,6,elliptical,t5,balanced,0.1,0.0,0,gaussian,0.2,isolated,uniform,2,0.1,20,False,500,49,,,721,730,core,main_distribution
474,negative_control,5,main,N0X,1000,5,2,6,elliptical,t5,balanced,0.1,0.0,0,gaussian,0.2,isolated,uniform,2,0.1,20,False,500,49,,,731,740,core,main_distribution
475,negative_control,5,main,N0X,1000,5,2,6,elliptical,t5,balanced,0.1,0.0,0,gaussian,0.2,isolated,uniform,2,0.1,20,False,500,49,,,741,750,core,main_distribution
476,negative_control,5,main,N0X,1000,5,2,6,elliptical,t5,balanced,0.1,0.0,0,gaussian,0.2,isolated,uniform,2,0.1,20,False,500,49,,,751,760,core,main_distribution
477,negative_control,5,main,N0X,1000,5,2,6,elliptical,t5,balanced,0.1,0.0,0,gaussian,0.2,isolated,uniform,2,0.1,20,False,500,49,,,761,770,core,main_distribution
478,negative_control,5,main,N0X,1000,5,2,6,elliptical,t5,balanced,0.1,0.0,0,gaussian,0.2,isolated,uniform,2,0.1,20,False,500,49,,,771,780,core,main_distribution
479,negative_control,5,main,N0X,1000,5,2,6,elliptical,t5,balanced,0.1,0.0,0,gaussian,0.2,isolated,uniform,2,0.1,20,False,500,49,,,781,790,core,main_distribution
480,negative_control,5,main,N0X,1000,5,2,6,elliptical,t5,balanced,0.1,0.0,0,gaussian,0.2,isolated,uniform,2,0.1,20,False,500,49,,,791,800,core,main_distribution
481,negative_control,5,main,N0X,1000,5,2,6,elliptical,t5,balanced,0.1,0.0,0,gaussian,0.2,isolated,uniform,2,0.1,20,False,500,49,,,801,810,core,main_distribution
482,negative_control,5,main,N0X,1000,5,2,6,elliptical,t5,balanced,0.1,0.0,0,gaussian,0.2,isolated,uniform,2,0.1,20,False,500,49,,,811,820,core,main_distribution
483,negative_control,5,main,N0X,1000,5,2,6,elliptical,t5,balanced,0.1,0.0,0,gaussian,0.2,isolated,uniform,2,0.1,20,False,500,49,,,821,830,core,main_distribution
484,negative_control,5,main,N0X,1000,5,2,6,elliptical,t5,balanced,0.1,0.0,0,gaussian,0.2,isolated,uniform,2,0.1,20,False,500,49,,,831,840,core,main_distribution
485,negative_control,5,main,N0X,1000,5,2,6,elliptical,t5,balanced,0.1,0.0,0,gaussian,0.2,isolated,uniform,2,0.1,20,False,500,49,,,841,850,core,main_distribution
486,negative_control,5,main,N0X,1000,5,2,6,elliptical,t5,balanced,0.1,0.0,0,gaussian,0.2,isolated,uniform,2,0.1,20,False,500,49,,,851,860,core,main_distribution
487,negative_control,5,main,N0X,1000,5,2,6,elliptical,t5,balanced,0.1,0.0,0,gaussian,0.2,isolated,uniform,2,0.1,20,False,500,49,,,861,870,core,main_distribution
488,negative_control,5,main,N0X,1000,5,2,6,elliptical,t5,balanced,0.1,0.0,0,gaussian,0.2,isolated,uniform,2,0.1,20,False,500,49,,,871,880,core,main_distribution
489,negative_control,5,main,N0X,1000,5,2,6,elliptical,t5,balanced,0.1,0.0,0,gaussian,0.2,isolated,uniform,2,0.1,20,False,500,49,,,881,890,core,main_distribution
490,negative_control,5,main,N0X,1000,5,2,6,elliptical,t5,balanced,0.1,0.0,0,gaussian,0.2,isolated,uniform,2,0.1,20,False,500,49,,,891,900,core,main_distribution
491,negative_control,5,main,N0X,1000,5,2,6,elliptical,t5,balanced,0.1,0.0,0,gaussian,0.2,isolated,uniform,2,0.1,20,False,500,49,,,901,910,core,main_distribution
492,negative_control,5,main,N0X,1000,5,2,6,elliptical,t5,balanced,0.1,0.0,0,gaussian,0.2,isolated,uniform,2,0.1,20,False,500,49,,,911,920,core,main_distribution
493,negative_control,5,main,N0X,1000,5,2,6,elliptical,t5,balanced,0.1,0.0,0,gaussian,0.2,isolated,uniform,2,0.1,20,False,500,49,,,921,930,core,main_distribution
494,negative_control,5,main,N0X,1000,5,2,6,elliptical,t5,balanced,0.1,0.0,0,gaussian,0.2,isolated,uniform,2,0.1,20,False,500,49,,,931,940,core,main_distribution
495,negative_control,5,main,N0X,1000,5,2,6,elliptical,t5,balanced,0.1,0.0,0,gaussian,0.2,isolated,uniform,2,0.1,20,False,500,49,,,941,950,core,main_distribution
496,negative_control,5,main,N0X,1000,5,2,6,elliptical,t5,balanced,0.1,0.0,0,gaussian,0.2,isolated,uniform,2,0.1,20,False,500,49,,,951,960,core,main_distribution
497,negative_control,5,main,N0X,1000,5,2,6,elliptical,t5,balanced,0.1,0.0,0,gaussian,0.2,isolated,uniform,2,0.1,20,False,500,49,,,961,970,core,main_distribution
498,negative_control,5,main,N0X,1000,5,2,6,elliptical,t5,balanced,0.1,0.0,0,gaussian,0.2,isolated,uniform,2,0.1,20,False,500,49,,,971,980,core,main_distribution
499,negative_control,5,main,N0X,1000,5,2,6,elliptical,t5,balanced,0.1,0.0,0,gaussian,0.2,isolated,uniform,2,0.1,20,False,500,49,,,981,990,core,main_distribution
500,negative_control,5,main,N0X,1000,5,2,6,elliptical,t5,balanced,0.1,0.0,0,gaussian,0.2,isolated,uniform,2,0.1,20,False,500,49,,,991,1000,core,main_distribution
501,negative_control,6,main,N0X,1000,5,2,6,elliptical,t3,balanced,0.1,0.0,0,gaussian,0.2,isolated,uniform,2,0.1,20,False,500,49,,,1,10,core,main_distribution
502,negative_control,6,main,N0X,1000,5,2,6,elliptical,t3,balanced,0.1,0.0,0,gaussian,0.2,isolated,uniform,2,0.1,20,False,500,49,,,11,20,core,main_distribution
503,negative_control,6,main,N0X,1000,5,2,6,elliptical,t3,balanced,0.1,0.0,0,gaussian,0.2,isolated,uniform,2,0.1,20,False,500,49,,,21,30,core,main_distribution
504,negative_control,6,main,N0X,1000,5,2,6,elliptical,t3,balanced,0.1,0.0,0,gaussian,0.2,isolated,uniform,2,0.1,20,False,500,49,,,31,40,core,main_distribution
505,negative_control,6,main,N0X,1000,5,2,6,elliptical,t3,balanced,0.1,0.0,0,gaussian,0.2,isolated,uniform,2,0.1,20,False,500,49,,,41,50,core,main_distribution
506,negative_control,6,main,N0X,1000,5,2,6,elliptical,t3,balanced,0.1,0.0,0,gaussian,0.2,isolated,uniform,2,0.1,20,False,500,49,,,51,60,core,main_distribution
507,negative_control,6,main,N0X,1000,5,2,6,elliptical,t3,balanced,0.1,0.0,0,gaussian,0.2,isolated,uniform,2,0.1,20,False,500,49,,,61,70,core,main_distribution
508,negative_control,6,main,N0X,1000,5,2,6,elliptical,t3,balanced,0.1,0.0,0,gaussian,0.2,isolated,uniform,2,0.1,20,False,500,49,,,71,80,core,main_distribution
509,negative_control,6,main,N0X,1000,5,2,6,elliptical,t3,balanced,0.1,0.0,0,gaussian,0.2,isolated,uniform,2,0.1,20,False,500,49,,,81,90,core,main_distribution
510,negative_control,6,main,N0X,1000,5,2,6,elliptical,t3,balanced,0.1,0.0,0,gaussian,0.2,isolated,uniform,2,0.1,20,False,500,49,,,91,100,core,main_distribution
511,negative_control,6,main,N0X,1000,5,2,6,elliptical,t3,balanced,0.1,0.0,0,gaussian,0.2,isolated,uniform,2,0.1,20,False,500,49,,,101,110,core,main_distribution
512,negative_control,6,main,N0X,1000,5,2,6,elliptical,t3,balanced,0.1,0.0,0,gaussian,0.2,isolated,uniform,2,0.1,20,False,500,49,,,111,120,core,main_distribution
513,negative_control,6,main,N0X,1000,5,2,6,elliptical,t3,balanced,0.1,0.0,0,gaussian,0.2,isolated,uniform,2,0.1,20,False,500,49,,,121,130,core,main_distribution
514,negative_control,6,main,N0X,1000,5,2,6,elliptical,t3,balanced,0.1,0.0,0,gaussian,0.2,isolated,uniform,2,0.1,20,False,500,49,,,131,140,core,main_distribution
515,negative_control,6,main,N0X,1000,5,2,6,elliptical,t3,balanced,0.1,0.0,0,gaussian,0.2,isolated,uniform,2,0.1,20,False,500,49,,,141,150,core,main_distribution
516,negative_control,6,main,N0X,1000,5,2,6,elliptical,t3,balanced,0.1,0.0,0,gaussian,0.2,isolated,uniform,2,0.1,20,False,500,49,,,151,160,core,main_distribution
517,negative_control,6,main,N0X,1000,5,2,6,elliptical,t3,balanced,0.1,0.0,0,gaussian,0.2,isolated,uniform,2,0.1,20,False,500,49,,,161,170,core,main_distribution
518,negative_control,6,main,N0X,1000,5,2,6,elliptical,t3,balanced,0.1,0.0,0,gaussian,0.2,isolated,uniform,2,0.1,20,False,500,49,,,171,180,core,main_distribution
519,negative_control,6,main,N0X,1000,5,2,6,elliptical,t3,balanced,0.1,0.0,0,gaussian,0.2,isolated,uniform,2,0.1,20,False,500,49,,,181,190,core,main_distribution
520,negative_control,6,main,N0X,1000,5,2,6,elliptical,t3,balanced,0.1,0.0,0,gaussian,0.2,isolated,uniform,2,0.1,20,False,500,49,,,191,200,core,main_distribution
521,negative_control,6,main,N0X,1000,5,2,6,elliptical,t3,balanced,0.1,0.0,0,gaussian,0.2,isolated,uniform,2,0.1,20,False,500,49,,,201,210,core,main_distribution
522,negative_control,6,main,N0X,1000,5,2,6,elliptical,t3,balanced,0.1,0.0,0,gaussian,0.2,isolated,uniform,2,0.1,20,False,500,49,,,211,220,core,main_distribution
523,negative_control,6,main,N0X,1000,5,2,6,elliptical,t3,balanced,0.1,0.0,0,gaussian,0.2,isolated,uniform,2,0.1,20,False,500,49,,,221,230,core,main_distribution
524,negative_control,6,main,N0X,1000,5,2,6,elliptical,t3,balanced,0.1,0.0,0,gaussian,0.2,isolated,uniform,2,0.1,20,False,500,49,,,231,240,core,main_distribution
525,negative_control,6,main,N0X,1000,5,2,6,elliptical,t3,balanced,0.1,0.0,0,gaussian,0.2,isolated,uniform,2,0.1,20,False,500,49,,,241,250,core,main_distribution
526,negative_control,6,main,N0X,1000,5,2,6,elliptical,t3,balanced,0.1,0.0,0,gaussian,0.2,isolated,uniform,2,0.1,20,False,500,49,,,251,260,core,main_distribution
527,negative_control,6,main,N0X,1000,5,2,6,elliptical,t3,balanced,0.1,0.0,0,gaussian,0.2,isolated,uniform,2,0.1,20,False,500,49,,,261,270,core,main_distribution
528,negative_control,6,main,N0X,1000,5,2,6,elliptical,t3,balanced,0.1,0.0,0,gaussian,0.2,isolated,uniform,2,0.1,20,False,500,49,,,271,280,core,main_distribution
529,negative_control,6,main,N0X,1000,5,2,6,elliptical,t3,balanced,0.1,0.0,0,gaussian,0.2,isolated,uniform,2,0.1,20,False,500,49,,,281,290,core,main_distribution
530,negative_control,6,main,N0X,1000,5,2,6,elliptical,t3,balanced,0.1,0.0,0,gaussian,0.2,isolated,uniform,2,0.1,20,False,500,49,,,291,300,core,main_distribution
531,negative_control,6,main,N0X,1000,5,2,6,elliptical,t3,balanced,0.1,0.0,0,gaussian,0.2,isolated,uniform,2,0.1,20,False,500,49,,,301,310,core,main_distribution
532,negative_control,6,main,N0X,1000,5,2,6,elliptical,t3,balanced,0.1,0.0,0,gaussian,0.2,isolated,uniform,2,0.1,20,False,500,49,,,311,320,core,main_distribution
533,negative_control,6,main,N0X,1000,5,2,6,elliptical,t3,balanced,0.1,0.0,0,gaussian,0.2,isolated,uniform,2,0.1,20,False,500,49,,,321,330,core,main_distribution
534,negative_control,6,main,N0X,1000,5,2,6,elliptical,t3,balanced,0.1,0.0,0,gaussian,0.2,isolated,uniform,2,0.1,20,False,500,49,,,331,340,core,main_distribution
535,negative_control,6,main,N0X,1000,5,2,6,elliptical,t3,balanced,0.1,0.0,0,gaussian,0.2,isolated,uniform,2,0.1,20,False,500,49,,,341,350,core,main_distribution
536,negative_control,6,main,N0X,1000,5,2,6,elliptical,t3,balanced,0.1,0.0,0,gaussian,0.2,isolated,uniform,2,0.1,20,False,500,49,,,351,360,core,main_distribution
537,negative_control,6,main,N0X,1000,5,2,6,elliptical,t3,balanced,0.1,0.0,0,gaussian,0.2,isolated,uniform,2,0.1,20,False,500,49,,,361,370,core,main_distribution
538,negative_control,6,main,N0X,1000,5,2,6,elliptical,t3,balanced,0.1,0.0,0,gaussian,0.2,isolated,uniform,2,0.1,20,False,500,49,,,371,380,core,main_distribution
539,negative_control,6,main,N0X,1000,5,2,6,elliptical,t3,balanced,0.1,0.0,0,gaussian,0.2,isolated,uniform,2,0.1,20,False,500,49,,,381,390,core,main_distribution
540,negative_control,6,main,N0X,1000,5,2,6,elliptical,t3,balanced,0.1,0.0,0,gaussian,0.2,isolated,uniform,2,0.1,20,False,500,49,,,391,400,core,main_distribution
541,negative_control,6,main,N0X,1000,5,2,6,elliptical,t3,balanced,0.1,0.0,0,gaussian,0.2,isolated,uniform,2,0.1,20,False,500,49,,,401,410,core,main_distribution
542,negative_control,6,main,N0X,1000,5,2,6,elliptical,t3,balanced,0.1,0.0,0,gaussian,0.2,isolated,uniform,2,0.1,20,False,500,49,,,411,420,core,main_distribution
543,negative_control,6,main,N0X,1000,5,2,6,elliptical,t3,balanced,0.1,0.0,0,gaussian,0.2,isolated,uniform,2,0.1,20,False,500,49,,,421,430,core,main_distribution
544,negative_control,6,main,N0X,1000,5,2,6,elliptical,t3,balanced,0.1,0.0,0,gaussian,0.2,isolated,uniform,2,0.1,20,False,500,49,,,431,440,core,main_distribution
545,negative_control,6,main,N0X,1000,5,2,6,elliptical,t3,balanced,0.1,0.0,0,gaussian,0.2,isolated,uniform,2,0.1,20,False,500,49,,,441,450,core,main_distribution
546,negative_control,6,main,N0X,1000,5,2,6,elliptical,t3,balanced,0.1,0.0,0,gaussian,0.2,isolated,uniform,2,0.1,20,False,500,49,,,451,460,core,main_distribution
547,negative_control,6,main,N0X,1000,5,2,6,elliptical,t3,balanced,0.1,0.0,0,gaussian,0.2,isolated,uniform,2,0.1,20,False,500,49,,,461,470,core,main_distribution
548,negative_control,6,main,N0X,1000,5,2,6,elliptical,t3,balanced,0.1,0.0,0,gaussian,0.2,isolated,uniform,2,0.1,20,False,500,49,,,471,480,core,main_distribution
549,negative_control,6,main,N0X,1000,5,2,6,elliptical,t3,balanced,0.1,0.0,0,gaussian,0.2,isolated,uniform,2,0.1,20,False,500,49,,,481,490,core,main_distribution
550,negative_control,6,main,N0X,1000,5,2,6,elliptical,t3,balanced,0.1,0.0,0,gaussian,0.2,isolated,uniform,2,0.1,20,False,500,49,,,491,500,core,main_distribution
551,negative_control,6,main,N0X,1000,5,2,6,elliptical,t3,balanced,0.1,0.0,0,gaussian,0.2,isolated,uniform,2,0.1,20,False,500,49,,,501,510,core,main_distribution
552,negative_control,6,main,N0X,1000,5,2,6,elliptical,t3,balanced,0.1,0.0,0,gaussian,0.2,isolated,uniform,2,0.1,20,False,500,49,,,511,520,core,main_distribution
553,negative_control,6,main,N0X,1000,5,2,6,elliptical,t3,balanced,0.1,0.0,0,gaussian,0.2,isolated,uniform,2,0.1,20,False,500,49,,,521,530,core,main_distribution
554,negative_control,6,main,N0X,1000,5,2,6,elliptical,t3,balanced,0.1,0.0,0,gaussian,0.2,isolated,uniform,2,0.1,20,False,500,49,,,531,540,core,main_distribution
555,negative_control,6,main,N0X,1000,5,2,6,elliptical,t3,balanced,0.1,0.0,0,gaussian,0.2,isolated,uniform,2,0.1,20,False,500,49,,,541,550,core,main_distribution
556,negative_control,6,main,N0X,1000,5,2,6,elliptical,t3,balanced,0.1,0.0,0,gaussian,0.2,isolated,uniform,2,0.1,20,False,500,49,,,551,560,core,main_distribution
557,negative_control,6,main,N0X,1000,5,2,6,elliptical,t3,balanced,0.1,0.0,0,gaussian,0.2,isolated,uniform,2,0.1,20,False,500,49,,,561,570,core,main_distribution
558,negative_control,6,main,N0X,1000,5,2,6,elliptical,t3,balanced,0.1,0.0,0,gaussian,0.2,isolated,uniform,2,0.1,20,False,500,49,,,571,580,core,main_distribution
559,negative_control,6,main,N0X,1000,5,2,6,elliptical,t3,balanced,0.1,0.0,0,gaussian,0.2,isolated,uniform,2,0.1,20,False,500,49,,,581,590,core,main_distribution
560,negative_control,6,main,N0X,1000,5,2,6,elliptical,t3,balanced,0.1,0.0,0,gaussian,0.2,isolated,uniform,2,0.1,20,False,500,49,,,591,600,core,main_distribution
561,negative_control,6,main,N0X,1000,5,2,6,elliptical,t3,balanced,0.1,0.0,0,gaussian,0.2,isolated,uniform,2,0.1,20,False,500,49,,,601,610,core,main_distribution
562,negative_control,6,main,N0X,1000,5,2,6,elliptical,t3,balanced,0.1,0.0,0,gaussian,0.2,isolated,uniform,2,0.1,20,False,500,49,,,611,620,core,main_distribution
563,negative_control,6,main,N0X,1000,5,2,6,elliptical,t3,balanced,0.1,0.0,0,gaussian,0.2,isolated,uniform,2,0.1,20,False,500,49,,,621,630,core,main_distribution
564,negative_control,6,main,N0X,1000,5,2,6,elliptical,t3,balanced,0.1,0.0,0,gaussian,0.2,isolated,uniform,2,0.1,20,False,500,49,,,631,640,core,main_distribution
565,negative_control,6,main,N0X,1000,5,2,6,elliptical,t3,balanced,0.1,0.0,0,gaussian,0.2,isolated,uniform,2,0.1,20,False,500,49,,,641,650,core,main_distribution
566,negative_control,6,main,N0X,1000,5,2,6,elliptical,t3,balanced,0.1,0.0,0,gaussian,0.2,isolated,uniform,2,0.1,20,False,500,49,,,651,660,core,main_distribution
567,negative_control,6,main,N0X,1000,5,2,6,elliptical,t3,balanced,0.1,0.0,0,gaussian,0.2,isolated,uniform,2,0.1,20,False,500,49,,,661,670,core,main_distribution
568,negative_control,6,main,N0X,1000,5,2,6,elliptical,t3,balanced,0.1,0.0,0,gaussian,0.2,isolated,uniform,2,0.1,20,False,500,49,,,671,680,core,main_distribution
569,negative_control,6,main,N0X,1000,5,2,6,elliptical,t3,balanced,0.1,0.0,0,gaussian,0.2,isolated,uniform,2,0.1,20,False,500,49,,,681,690,core,main_distribution
570,negative_control,6,main,N0X,1000,5,2,6,elliptical,t3,balanced,0.1,0.0,0,gaussian,0.2,isolated,uniform,2,0.1,20,False,500,49,,,691,700,core,main_distribution
571,negative_control,6,main,N0X,1000,5,2,6,elliptical,t3,balanced,0.1,0.0,0,gaussian,0.2,isolated,uniform,2,0.1,20,False,500,49,,,701,710,core,main_distribution
572,negative_control,6,main,N0X,1000,5,2,6,elliptical,t3,balanced,0.1,0.0,0,gaussian,0.2,isolated,uniform,2,0.1,20,False,500,49,,,711,720,core,main_distribution
573,negative_control,6,main,N0X,1000,5,2,6,elliptical,t3,balanced,0.1,0.0,0,gaussian,0.2,isolated,uniform,2,0.1,20,False,500,49,,,721,730,core,main_distribution
574,negative_control,6,main,N0X,1000,5,2,6,elliptical,t3,balanced,0.1,0.0,0,gaussian,0.2,isolated,uniform,2,0.1,20,False,500,49,,,731,740,core,main_distribution
575,negative_control,6,main,N0X,1000,5,2,6,elliptical,t3,balanced,0.1,0.0,0,gaussian,0.2,isolated,uniform,2,0.1,20,False,500,49,,,741,750,core,main_distribution
576,negative_control,6,main,N0X,1000,5,2,6,elliptical,t3,balanced,0.1,0.0,0,gaussian,0.2,isolated,uniform,2,0.1,20,False,500,49,,,751,760,core,main_distribution
577,negative_control,6,main,N0X,1000,5,2,6,elliptical,t3,balanced,0.1,0.0,0,gaussian,0.2,isolated,uniform,2,0.1,20,False,500,49,,,761,770,core,main_distribution
578,negative_control,6,main,N0X,1000,5,2,6,elliptical,t3,balanced,0.1,0.0,0,gaussian,0.2,isolated,uniform,2,0.1,20,False,500,49,,,771,780,core,main_distribution
579,negative_control,6,main,N0X,1000,5,2,6,elliptical,t3,balanced,0.1,0.0,0,gaussian,0.2,isolated,uniform,2,0.1,20,False,500,49,,,781,790,core,main_distribution
580,negative_control,6,main,N0X,1000,5,2,6,elliptical,t3,balanced,0.1,0.0,0,gaussian,0.2,isolated,uniform,2,0.1,20,False,500,49,,,791,800,core,main_distribution
581,negative_control,6,main,N0X,1000,5,2,6,elliptical,t3,balanced,0.1,0.0,0,gaussian,0.2,isolated,uniform,2,0.1,20,False,500,49,,,801,810,core,main_distribution
582,negative_control,6,main,N0X,1000,5,2,6,elliptical,t3,balanced,0.1,0.0,0,gaussian,0.2,isolated,uniform,2,0.1,20,False,500,49,,,811,820,core,main_distribution
583,negative_control,6,main,N0X,1000,5,2,6,elliptical,t3,balanced,0.1,0.0,0,gaussian,0.2,isolated,uniform,2,0.1,20,False,500,49,,,821,830,core,main_distribution
584,negative_control,6,main,N0X,1000,5,2,6,elliptical,t3,balanced,0.1,0.0,0,gaussian,0.2,isolated,uniform,2,0.1,20,False,500,49,,,831,840,core,main_distribution
585,negative_control,6,main,N0X,1000,5,2,6,elliptical,t3,balanced,0.1,0.0,0,gaussian,0.2,isolated,uniform,2,0.1,20,False,500,49,,,841,850,core,main_distribution
586,negative_control,6,main,N0X,1000,5,2,6,elliptical,t3,balanced,0.1,0.0,0,gaussian,0.2,isolated,uniform,2,0.1,20,False,500,49,,,851,860,core,main_distribution
587,negative_control,6,main,N0X,1000,5,2,6,elliptical,t3,balanced,0.1,0.0,0,gaussian,0.2,isolated,uniform,2,0.1,20,False,500,49,,,861,870,core,main_distribution
588,negative_control,6,main,N0X,1000,5,2,6,elliptical,t3,balanced,0.1,0.0,0,gaussian,0.2,isolated,uniform,2,0.1,20,False,500,49,,,871,880,core,main_distribution
589,negative_control,6,main,N0X,1000,5,2,6,elliptical,t3,balanced,0.1,0.0,0,gaussian,0.2,isolated,uniform,2,0.1,20,False,500,49,,,881,890,core,main_distribution
590,negative_control,6,main,N0X,1000,5,2,6,elliptical,t3,balanced,0.1,0.0,0,gaussian,0.2,isolated,uniform,2,0.1,20,False,500,49,,,891,900,core,main_distribution
591,negative_control,6,main,N0X,1000,5,2,6,elliptical,t3,balanced,0.1,0.0,0,gaussian,0.2,isolated,uniform,2,0.1,20,False,500,49,,,901,910,core,main_distribution
592,negative_control,6,main,N0X,1000,5,2,6,elliptical,t3,balanced,0.1,0.0,0,gaussian,0.2,isolated,uniform,2,0.1,20,False,500,49,,,911,920,core,main_distribution
593,negative_control,6,main,N0X,1000,5,2,6,elliptical,t3,balanced,0.1,0.0,0,gaussian,0.2,isolated,uniform,2,0.1,20,False,500,49,,,921,930,core,main_distribution
594,negative_control,6,main,N0X,1000,5,2,6,elliptical,t3,balanced,0.1,0.0,0,gaussian,0.2,isolated,uniform,2,0.1,20,False,500,49,,,931,940,core,main_distribution
595,negative_control,6,main,N0X,1000,5,2,6,elliptical,t3,balanced,0.1,0.0,0,gaussian,0.2,isolated,uniform,2,0.1,20,False,500,49,,,941,950,core,main_distribution
596,negative_control,6,main,N0X,1000,5,2,6,elliptical,t3,balanced,0.1,0.0,0,gaussian,0.2,isolated,uniform,2,0.1,20,False,500,49,,,951,960,core,main_distribution
597,negative_control,6,main,N0X,1000,5,2,6,elliptical,t3,balanced,0.1,0.0,0,gaussian,0.2,isolated,uniform,2,0.1,20,False,500,49,,,961,970,core,main_distribution
598,negative_control,6,main,N0X,1000,5,2,6,elliptical,t3,balanced,0.1,0.0,0,gaussian,0.2,isolated,uniform,2,0.1,20,False,500,49,,,971,980,core,main_distribution
599,negative_control,6,main,N0X,1000,5,2,6,elliptical,t3,balanced,0.1,0.0,0,gaussian,0.2,isolated,uniform,2,0.1,20,False,500,49,,,981,990,core,main_distribution
600,negative_control,6,main,N0X,1000,5,2,6,elliptical,t3,balanced,0.1,0.0,0,gaussian,0.2,isolated,uniform,2,0.1,20,False,500,49,,,991,1000,core,main_distribution
601,negative_control,7,main,N0X,1000,10,2,6,elliptical,normal,balanced,0.1,0.0,0,gaussian,0.2,isolated,uniform,2,0.1,20,False,500,49,,,1,10,core,p
602,negative_control,7,main,N0X,1000,10,2,6,elliptical,normal,balanced,0.1,0.0,0,gaussian,0.2,isolated,uniform,2,0.1,20,False,500,49,,,11,20,core,p
603,negative_control,7,main,N0X,1000,10,2,6,elliptical,normal,balanced,0.1,0.0,0,gaussian,0.2,isolated,uniform,2,0.1,20,False,500,49,,,21,30,core,p
604,negative_control,7,main,N0X,1000,10,2,6,elliptical,normal,balanced,0.1,0.0,0,gaussian,0.2,isolated,uniform,2,0.1,20,False,500,49,,,31,40,core,p
605,negative_control,7,main,N0X,1000,10,2,6,elliptical,normal,balanced,0.1,0.0,0,gaussian,0.2,isolated,uniform,2,0.1,20,False,500,49,,,41,50,core,p
606,negative_control,7,main,N0X,1000,10,2,6,elliptical,normal,balanced,0.1,0.0,0,gaussian,0.2,isolated,uniform,2,0.1,20,False,500,49,,,51,60,core,p
607,negative_control,7,main,N0X,1000,10,2,6,elliptical,normal,balanced,0.1,0.0,0,gaussian,0.2,isolated,uniform,2,0.1,20,False,500,49,,,61,70,core,p
608,negative_control,7,main,N0X,1000,10,2,6,elliptical,normal,balanced,0.1,0.0,0,gaussian,0.2,isolated,uniform,2,0.1,20,False,500,49,,,71,80,core,p
609,negative_control,7,main,N0X,1000,10,2,6,elliptical,normal,balanced,0.1,0.0,0,gaussian,0.2,isolated,uniform,2,0.1,20,False,500,49,,,81,90,core,p
610,negative_control,7,main,N0X,1000,10,2,6,elliptical,normal,balanced,0.1,0.0,0,gaussian,0.2,isolated,uniform,2,0.1,20,False,500,49,,,91,100,core,p
611,negative_control,7,main,N0X,1000,10,2,6,elliptical,normal,balanced,0.1,0.0,0,gaussian,0.2,isolated,uniform,2,0.1,20,False,500,49,,,101,110,core,p
612,negative_control,7,main,N0X,1000,10,2,6,elliptical,normal,balanced,0.1,0.0,0,gaussian,0.2,isolated,uniform,2,0.1,20,False,500,49,,,111,120,core,p
613,negative_control,7,main,N0X,1000,10,2,6,elliptical,normal,balanced,0.1,0.0,0,gaussian,0.2,isolated,uniform,2,0.1,20,False,500,49,,,121,130,core,p
614,negative_control,7,main,N0X,1000,10,2,6,elliptical,normal,balanced,0.1,0.0,0,gaussian,0.2,isolated,uniform,2,0.1,20,False,500,49,,,131,140,core,p
615,negative_control,7,main,N0X,1000,10,2,6,elliptical,normal,balanced,0.1,0.0,0,gaussian,0.2,isolated,uniform,2,0.1,20,False,500,49,,,141,150,core,p
616,negative_control,7,main,N0X,1000,10,2,6,elliptical,normal,balanced,0.1,0.0,0,gaussian,0.2,isolated,uniform,2,0.1,20,False,500,49,,,151,160,core,p
617,negative_control,7,main,N0X,1000,10,2,6,elliptical,normal,balanced,0.1,0.0,0,gaussian,0.2,isolated,uniform,2,0.1,20,False,500,49,,,161,170,core,p
618,negative_control,7,main,N0X,1000,10,2,6,elliptical,normal,balanced,0.1,0.0,0,gaussian,0.2,isolated,uniform,2,0.1,20,False,500,49,,,171,180,core,p
619,negative_control,7,main,N0X,1000,10,2,6,elliptical,normal,balanced,0.1,0.0,0,gaussian,0.2,isolated,uniform,2,0.1,20,False,500,49,,,181,190,core,p
620,negative_control,7,main,N0X,1000,10,2,6,elliptical,normal,balanced,0.1,0.0,0,gaussian,0.2,isolated,uniform,2,0.1,20,False,500,49,,,191,200,core,p
621,negative_control,7,main,N0X,1000,10,2,6,elliptical,normal,balanced,0.1,0.0,0,gaussian,0.2,isolated,uniform,2,0.1,20,False,500,49,,,201,210,core,p
622,negative_control,7,main,N0X,1000,10,2,6,elliptical,normal,balanced,0.1,0.0,0,gaussian,0.2,isolated,uniform,2,0.1,20,False,500,49,,,211,220,core,p
623,negative_control,7,main,N0X,1000,10,2,6,elliptical,normal,balanced,0.1,0.0,0,gaussian,0.2,isolated,uniform,2,0.1,20,False,500,49,,,221,230,core,p
624,negative_control,7,main,N0X,1000,10,2,6,elliptical,normal,balanced,0.1,0.0,0,gaussian,0.2,isolated,uniform,2,0.1,20,False,500,49,,,231,240,core,p
625,negative_control,7,main,N0X,1000,10,2,6,elliptical,normal,balanced,0.1,0.0,0,gaussian,0.2,isolated,uniform,2,0.1,20,False,500,49,,,241,250,core,p
626,negative_control,7,main,N0X,1000,10,2,6,elliptical,normal,balanced,0.1,0.0,0,gaussian,0.2,isolated,uniform,2,0.1,20,False,500,49,,,251,260,core,p
627,negative_control,7,main,N0X,1000,10,2,6,elliptical,normal,balanced,0.1,0.0,0,gaussian,0.2,isolated,uniform,2,0.1,20,False,500,49,,,261,270,core,p
628,negative_control,7,main,N0X,1000,10,2,6,elliptical,normal,balanced,0.1,0.0,0,gaussian,0.2,isolated,uniform,2,0.1,20,False,500,49,,,271,280,core,p
629,negative_control,7,main,N0X,1000,10,2,6,elliptical,normal,balanced,0.1,0.0,0,gaussian,0.2,isolated,uniform,2,0.1,20,False,500,49,,,281,290,core,p
630,negative_control,7,main,N0X,1000,10,2,6,elliptical,normal,balanced,0.1,0.0,0,gaussian,0.2,isolated,uniform,2,0.1,20,False,500,49,,,291,300,core,p
631,negative_control,7,main,N0X,1000,10,2,6,elliptical,normal,balanced,0.1,0.0,0,gaussian,0.2,isolated,uniform,2,0.1,20,False,500,49,,,301,310,core,p
632,negative_control,7,main,N0X,1000,10,2,6,elliptical,normal,balanced,0.1,0.0,0,gaussian,0.2,isolated,uniform,2,0.1,20,False,500,49,,,311,320,core,p
633,negative_control,7,main,N0X,1000,10,2,6,elliptical,normal,balanced,0.1,0.0,0,gaussian,0.2,isolated,uniform,2,0.1,20,False,500,49,,,321,330,core,p
634,negative_control,7,main,N0X,1000,10,2,6,elliptical,normal,balanced,0.1,0.0,0,gaussian,0.2,isolated,uniform,2,0.1,20,False,500,49,,,331,340,core,p
635,negative_control,7,main,N0X,1000,10,2,6,elliptical,normal,balanced,0.1,0.0,0,gaussian,0.2,isolated,uniform,2,0.1,20,False,500,49,,,341,350,core,p
636,negative_control,7,main,N0X,1000,10,2,6,elliptical,normal,balanced,0.1,0.0,0,gaussian,0.2,isolated,uniform,2,0.1,20,False,500,49,,,351,360,core,p
637,negative_control,7,main,N0X,1000,10,2,6,elliptical,normal,balanced,0.1,0.0,0,gaussian,0.2,isolated,uniform,2,0.1,20,False,500,49,,,361,370,core,p
638,negative_control,7,main,N0X,1000,10,2,6,elliptical,normal,balanced,0.1,0.0,0,gaussian,0.2,isolated,uniform,2,0.1,20,False,500,49,,,371,380,core,p
639,negative_control,7,main,N0X,1000,10,2,6,elliptical,normal,balanced,0.1,0.0,0,gaussian,0.2,isolated,uniform,2,0.1,20,False,500,49,,,381,390,core,p
640,negative_control,7,main,N0X,1000,10,2,6,elliptical,normal,balanced,0.1,0.0,0,gaussian,0.2,isolated,uniform,2,0.1,20,False,500,49,,,391,400,core,p
641,negative_control,7,main,N0X,1000,10,2,6,elliptical,normal,balanced,0.1,0.0,0,gaussian,0.2,isolated,uniform,2,0.1,20,False,500,49,,,401,410,core,p
642,negative_control,7,main,N0X,1000,10,2,6,elliptical,normal,balanced,0.1,0.0,0,gaussian,0.2,isolated,uniform,2,0.1,20,False,500,49,,,411,420,core,p
643,negative_control,7,main,N0X,1000,10,2,6,elliptical,normal,balanced,0.1,0.0,0,gaussian,0.2,isolated,uniform,2,0.1,20,False,500,49,,,421,430,core,p
644,negative_control,7,main,N0X,1000,10,2,6,elliptical,normal,balanced,0.1,0.0,0,gaussian,0.2,isolated,uniform,2,0.1,20,False,500,49,,,431,440,core,p
645,negative_control,7,main,N0X,1000,10,2,6,elliptical,normal,balanced,0.1,0.0,0,gaussian,0.2,isolated,uniform,2,0.1,20,False,500,49,,,441,450,core,p
646,negative_control,7,main,N0X,1000,10,2,6,elliptical,normal,balanced,0.1,0.0,0,gaussian,0.2,isolated,uniform,2,0.1,20,False,500,49,,,451,460,core,p
647,negative_control,7,main,N0X,1000,10,2,6,elliptical,normal,balanced,0.1,0.0,0,gaussian,0.2,isolated,uniform,2,0.1,20,False,500,49,,,461,470,core,p
648,negative_control,7,main,N0X,1000,10,2,6,elliptical,normal,balanced,0.1,0.0,0,gaussian,0.2,isolated,uniform,2,0.1,20,False,500,49,,,471,480,core,p
649,negative_control,7,main,N0X,1000,10,2,6,elliptical,normal,balanced,0.1,0.0,0,gaussian,0.2,isolated,uniform,2,0.1,20,False,500,49,,,481,490,core,p
650,negative_control,7,main,N0X,1000,10,2,6,elliptical,normal,balanced,0.1,0.0,0,gaussian,0.2,isolated,uniform,2,0.1,20,False,500,49,,,491,500,core,p
651,negative_control,7,main,N0X,1000,10,2,6,elliptical,normal,balanced,0.1,0.0,0,gaussian,0.2,isolated,uniform,2,0.1,20,False,500,49,,,501,510,core,p
652,negative_control,7,main,N0X,1000,10,2,6,elliptical,normal,balanced,0.1,0.0,0,gaussian,0.2,isolated,uniform,2,0.1,20,False,500,49,,,511,520,core,p
653,negative_control,7,main,N0X,1000,10,2,6,elliptical,normal,balanced,0.1,0.0,0,gaussian,0.2,isolated,uniform,2,0.1,20,False,500,49,,,521,530,core,p
654,negative_control,7,main,N0X,1000,10,2,6,elliptical,normal,balanced,0.1,0.0,0,gaussian,0.2,isolated,uniform,2,0.1,20,False,500,49,,,531,540,core,p
655,negative_control,7,main,N0X,1000,10,2,6,elliptical,normal,balanced,0.1,0.0,0,gaussian,0.2,isolated,uniform,2,0.1,20,False,500,49,,,541,550,core,p
656,negative_control,7,main,N0X,1000,10,2,6,elliptical,normal,balanced,0.1,0.0,0,gaussian,0.2,isolated,uniform,2,0.1,20,False,500,49,,,551,560,core,p
657,negative_control,7,main,N0X,1000,10,2,6,elliptical,normal,balanced,0.1,0.0,0,gaussian,0.2,isolated,uniform,2,0.1,20,False,500,49,,,561,570,core,p
658,negative_control,7,main,N0X,1000,10,2,6,elliptical,normal,balanced,0.1,0.0,0,gaussian,0.2,isolated,uniform,2,0.1,20,False,500,49,,,571,580,core,p
659,negative_control,7,main,N0X,1000,10,2,6,elliptical,normal,balanced,0.1,0.0,0,gaussian,0.2,isolated,uniform,2,0.1,20,False,500,49,,,581,590,core,p
660,negative_control,7,main,N0X,1000,10,2,6,elliptical,normal,balanced,0.1,0.0,0,gaussian,0.2,isolated,uniform,2,0.1,20,False,500,49,,,591,600,core,p
661,negative_control,7,main,N0X,1000,10,2,6,elliptical,normal,balanced,0.1,0.0,0,gaussian,0.2,isolated,uniform,2,0.1,20,False,500,49,,,601,610,core,p
662,negative_control,7,main,N0X,1000,10,2,6,elliptical,normal,balanced,0.1,0.0,0,gaussian,0.2,isolated,uniform,2,0.1,20,False,500,49,,,611,620,core,p
663,negative_control,7,main,N0X,1000,10,2,6,elliptical,normal,balanced,0.1,0.0,0,gaussian,0.2,isolated,uniform,2,0.1,20,False,500,49,,,621,630,core,p
664,negative_control,7,main,N0X,1000,10,2,6,elliptical,normal,balanced,0.1,0.0,0,gaussian,0.2,isolated,uniform,2,0.1,20,False,500,49,,,631,640,core,p
665,negative_control,7,main,N0X,1000,10,2,6,elliptical,normal,balanced,0.1,0.0,0,gaussian,0.2,isolated,uniform,2,0.1,20,False,500,49,,,641,650,core,p
666,negative_control,7,main,N0X,1000,10,2,6,elliptical,normal,balanced,0.1,0.0,0,gaussian,0.2,isolated,uniform,2,0.1,20,False,500,49,,,651,660,core,p
667,negative_control,7,main,N0X,1000,10,2,6,elliptical,normal,balanced,0.1,0.0,0,gaussian,0.2,isolated,uniform,2,0.1,20,False,500,49,,,661,670,core,p
668,negative_control,7,main,N0X,1000,10,2,6,elliptical,normal,balanced,0.1,0.0,0,gaussian,0.2,isolated,uniform,2,0.1,20,False,500,49,,,671,680,core,p
669,negative_control,7,main,N0X,1000,10,2,6,elliptical,normal,balanced,0.1,0.0,0,gaussian,0.2,isolated,uniform,2,0.1,20,False,500,49,,,681,690,core,p
670,negative_control,7,main,N0X,1000,10,2,6,elliptical,normal,balanced,0.1,0.0,0,gaussian,0.2,isolated,uniform,2,0.1,20,False,500,49,,,691,700,core,p
671,negative_control,7,main,N0X,1000,10,2,6,elliptical,normal,balanced,0.1,0.0,0,gaussian,0.2,isolated,uniform,2,0.1,20,False,500,49,,,701,710,core,p
672,negative_control,7,main,N0X,1000,10,2,6,elliptical,normal,balanced,0.1,0.0,0,gaussian,0.2,isolated,uniform,2,0.1,20,False,500,49,,,711,720,core,p
673,negative_control,7,main,N0X,1000,10,2,6,elliptical,normal,balanced,0.1,0.0,0,gaussian,0.2,isolated,uniform,2,0.1,20,False,500,49,,,721,730,core,p
674,negative_control,7,main,N0X,1000,10,2,6,elliptical,normal,balanced,0.1,0.0,0,gaussian,0.2,isolated,uniform,2,0.1,20,False,500,49,,,731,740,core,p
675,negative_control,7,main,N0X,1000,10,2,6,elliptical,normal,balanced,0.1,0.0,0,gaussian,0.2,isolated,uniform,2,0.1,20,False,500,49,,,741,750,core,p
676,negative_control,7,main,N0X,1000,10,2,6,elliptical,normal,balanced,0.1,0.0,0,gaussian,0.2,isolated,uniform,2,0.1,20,False,500,49,,,751,760,core,p
677,negative_control,7,main,N0X,1000,10,2,6,elliptical,normal,balanced,0.1,0.0,0,gaussian,0.2,isolated,uniform,2,0.1,20,False,500,49,,,761,770,core,p
678,negative_control,7,main,N0X,1000,10,2,6,elliptical,normal,balanced,0.1,0.0,0,gaussian,0.2,isolated,uniform,2,0.1,20,False,500,49,,,771,780,core,p
679,negative_control,7,main,N0X,1000,10,2,6,elliptical,normal,balanced,0.1,0.0,0,gaussian,0.2,isolated,uniform,2,0.1,20,False,500,49,,,781,790,core,p
680,negative_control,7,main,N0X,1000,10,2,6,elliptical,normal,balanced,0.1,0.0,0,gaussian,0.2,isolated,uniform,2,0.1,20,False,500,49,,,791,800,core,p
681,negative_control,7,main,N0X,1000,10,2,6,elliptical,normal,balanced,0.1,0.0,0,gaussian,0.2,isolated,uniform,2,0.1,20,False,500,49,,,801,810,core,p
682,negative_control,7,main,N0X,1000,10,2,6,elliptical,normal,balanced,0.1,0.0,0,gaussian,0.2,isolated,uniform,2,0.1,20,False,500,49,,,811,820,core,p
683,negative_control,7,main,N0X,1000,10,2,6,elliptical,normal,balanced,0.1,0.0,0,gaussian,0.2,isolated,uniform,2,0.1,20,False,500,49,,,821,830,core,p
684,negative_control,7,main,N0X,1000,10,2,6,elliptical,normal,balanced,0.1,0.0,0,gaussian,0.2,isolated,uniform,2,0.1,20,False,500,49,,,831,840,core,p
685,negative_control,7,main,N0X,1000,10,2,6,elliptical,normal,balanced,0.1,0.0,0,gaussian,0.2,isolated,uniform,2,0.1,20,False,500,49,,,841,850,core,p
686,negative_control,7,main,N0X,1000,10,2,6,elliptical,normal,balanced,0.1,0.0,0,gaussian,0.2,isolated,uniform,2,0.1,20,False,500,49,,,851,860,core,p
687,negative_control,7,main,N0X,1000,10,2,6,elliptical,normal,balanced,0.1,0.0,0,gaussian,0.2,isolated,uniform,2,0.1,20,False,500,49,,,861,870,core,p
688,negative_control,7,main,N0X,1000,10,2,6,elliptical,normal,balanced,0.1,0.0,0,gaussian,0.2,isolated,uniform,2,0.1,20,False,500,49,,,871,880,core,p
689,negative_control,7,main,N0X,1000,10,2,6,elliptical,normal,balanced,0.1,0.0,0,gaussian,0.2,isolated,uniform,2,0.1,20,False,500,49,,,881,890,core,p
690,negative_control,7,main,N0X,1000,10,2,6,elliptical,normal,balanced,0.1,0.0,0,gaussian,0.2,isolated,uniform,2,0.1,20,False,500,49,,,891,900,core,p
691,negative_control,7,main,N0X,1000,10,2,6,elliptical,normal,balanced,0.1,0.0,0,gaussian,0.2,isolated,uniform,2,0.1,20,False,500,49,,,901,910,core,p
692,negative_control,7,main,N0X,1000,10,2,6,elliptical,normal,balanced,0.1,0.0,0,gaussian,0.2,isolated,uniform,2,0.1,20,False,500,49,,,911,920,core,p
693,negative_control,7,main,N0X,1000,10,2,6,elliptical,normal,balanced,0.1,0.0,0,gaussian,0.2,isolated,uniform,2,0.1,20,False,500,49,,,921,930,core,p
694,negative_control,7,main,N0X,1000,10,2,6,elliptical,normal,balanced,0.1,0.0,0,gaussian,0.2,isolated,uniform,2,0.1,20,False,500,49,,,931,940,core,p
695,negative_control,7,main,N0X,1000,10,2,6,elliptical,normal,balanced,0.1,0.0,0,gaussian,0.2,isolated,uniform,2,0.1,20,False,500,49,,,941,950,core,p
696,negative_control,7,main,N0X,1000,10,2,6,elliptical,normal,balanced,0.1,0.0,0,gaussian,0.2,isolated,uniform,2,0.1,20,False,500,49,,,951,960,core,p
697,negative_control,7,main,N0X,1000,10,2,6,elliptical,normal,balanced,0.1,0.0,0,gaussian,0.2,isolated,uniform,2,0.1,20,False,500,49,,,961,970,core,p
698,negative_control,7,main,N0X,1000,10,2,6,elliptical,normal,balanced,0.1,0.0,0,gaussian,0.2,isolated,uniform,2,0.1,20,False,500,49,,,971,980,core,p
699,negative_control,7,main,N0X,1000,10,2,6,elliptical,normal,balanced,0.1,0.0,0,gaussian,0.2,isolated,uniform,2,0.1,20,False,500,49,,,981,990,core,p
700,negative_control,7,main,N0X,1000,10,2,6,elliptical,normal,balanced,0.1,0.0,0,gaussian,0.2,isolated,uniform,2,0.1,20,False,500,49,,,991,1000,core,p
701,negative_control,8,main,N0X,1000,25,2,6,elliptical,normal,balanced,0.1,0.0,0,gaussian,0.2,isolated,uniform,2,0.1,20,False,500,49,,,1,10,core,p
702,negative_control,8,main,N0X,1000,25,2,6,elliptical,normal,balanced,0.1,0.0,0,gaussian,0.2,isolated,uniform,2,0.1,20,False,500,49,,,11,20,core,p
703,negative_control,8,main,N0X,1000,25,2,6,elliptical,normal,balanced,0.1,0.0,0,gaussian,0.2,isolated,uniform,2,0.1,20,False,500,49,,,21,30,core,p
704,negative_control,8,main,N0X,1000,25,2,6,elliptical,normal,balanced,0.1,0.0,0,gaussian,0.2,isolated,uniform,2,0.1,20,False,500,49,,,31,40,core,p
705,negative_control,8,main,N0X,1000,25,2,6,elliptical,normal,balanced,0.1,0.0,0,gaussian,0.2,isolated,uniform,2,0.1,20,False,500,49,,,41,50,core,p
706,negative_control,8,main,N0X,1000,25,2,6,elliptical,normal,balanced,0.1,0.0,0,gaussian,0.2,isolated,uniform,2,0.1,20,False,500,49,,,51,60,core,p
707,negative_control,8,main,N0X,1000,25,2,6,elliptical,normal,balanced,0.1,0.0,0,gaussian,0.2,isolated,uniform,2,0.1,20,False,500,49,,,61,70,core,p
708,negative_control,8,main,N0X,1000,25,2,6,elliptical,normal,balanced,0.1,0.0,0,gaussian,0.2,isolated,uniform,2,0.1,20,False,500,49,,,71,80,core,p
709,negative_control,8,main,N0X,1000,25,2,6,elliptical,normal,balanced,0.1,0.0,0,gaussian,0.2,isolated,uniform,2,0.1,20,False,500,49,,,81,90,core,p
710,negative_control,8,main,N0X,1000,25,2,6,elliptical,normal,balanced,0.1,0.0,0,gaussian,0.2,isolated,uniform,2,0.1,20,False,500,49,,,91,100,core,p
711,negative_control,8,main,N0X,1000,25,2,6,elliptical,normal,balanced,0.1,0.0,0,gaussian,0.2,isolated,uniform,2,0.1,20,False,500,49,,,101,110,core,p
712,negative_control,8,main,N0X,1000,25,2,6,elliptical,normal,balanced,0.1,0.0,0,gaussian,0.2,isolated,uniform,2,0.1,20,False,500,49,,,111,120,core,p
713,negative_control,8,main,N0X,1000,25,2,6,elliptical,normal,balanced,0.1,0.0,0,gaussian,0.2,isolated,uniform,2,0.1,20,False,500,49,,,121,130,core,p
714,negative_control,8,main,N0X,1000,25,2,6,elliptical,normal,balanced,0.1,0.0,0,gaussian,0.2,isolated,uniform,2,0.1,20,False,500,49,,,131,140,core,p
715,negative_control,8,main,N0X,1000,25,2,6,elliptical,normal,balanced,0.1,0.0,0,gaussian,0.2,isolated,uniform,2,0.1,20,False,500,49,,,141,150,core,p
716,negative_control,8,main,N0X,1000,25,2,6,elliptical,normal,balanced,0.1,0.0,0,gaussian,0.2,isolated,uniform,2,0.1,20,False,500,49,,,151,160,core,p
717,negative_control,8,main,N0X,1000,25,2,6,elliptical,normal,balanced,0.1,0.0,0,gaussian,0.2,isolated,uniform,2,0.1,20,False,500,49,,,161,170,core,p
718,negative_control,8,main,N0X,1000,25,2,6,elliptical,normal,balanced,0.1,0.0,0,gaussian,0.2,isolated,uniform,2,0.1,20,False,500,49,,,171,180,core,p
719,negative_control,8,main,N0X,1000,25,2,6,elliptical,normal,balanced,0.1,0.0,0,gaussian,0.2,isolated,uniform,2,0.1,20,False,500,49,,,181,190,core,p
720,negative_control,8,main,N0X,1000,25,2,6,elliptical,normal,balanced,0.1,0.0,0,gaussian,0.2,isolated,uniform,2,0.1,20,False,500,49,,,191,200,core,p
721,negative_control,8,main,N0X,1000,25,2,6,elliptical,normal,balanced,0.1,0.0,0,gaussian,0.2,isolated,uniform,2,0.1,20,False,500,49,,,201,210,core,p
722,negative_control,8,main,N0X,1000,25,2,6,elliptical,normal,balanced,0.1,0.0,0,gaussian,0.2,isolated,uniform,2,0.1,20,False,500,49,,,211,220,core,p
723,negative_control,8,main,N0X,1000,25,2,6,elliptical,normal,balanced,0.1,0.0,0,gaussian,0.2,isolated,uniform,2,0.1,20,False,500,49,,,221,230,core,p
724,negative_control,8,main,N0X,1000,25,2,6,elliptical,normal,balanced,0.1,0.0,0,gaussian,0.2,isolated,uniform,2,0.1,20,False,500,49,,,231,240,core,p
725,negative_control,8,main,N0X,1000,25,2,6,elliptical,normal,balanced,0.1,0.0,0,gaussian,0.2,isolated,uniform,2,0.1,20,False,500,49,,,241,250,core,p
726,negative_control,8,main,N0X,1000,25,2,6,elliptical,normal,balanced,0.1,0.0,0,gaussian,0.2,isolated,uniform,2,0.1,20,False,500,49,,,251,260,core,p
727,negative_control,8,main,N0X,1000,25,2,6,elliptical,normal,balanced,0.1,0.0,0,gaussian,0.2,isolated,uniform,2,0.1,20,False,500,49,,,261,270,core,p
728,negative_control,8,main,N0X,1000,25,2,6,elliptical,normal,balanced,0.1,0.0,0,gaussian,0.2,isolated,uniform,2,0.1,20,False,500,49,,,271,280,core,p
729,negative_control,8,main,N0X,1000,25,2,6,elliptical,normal,balanced,0.1,0.0,0,gaussian,0.2,isolated,uniform,2,0.1,20,False,500,49,,,281,290,core,p
730,negative_control,8,main,N0X,1000,25,2,6,elliptical,normal,balanced,0.1,0.0,0,gaussian,0.2,isolated,uniform,2,0.1,20,False,500,49,,,291,300,core,p
731,negative_control,8,main,N0X,1000,25,2,6,elliptical,normal,balanced,0.1,0.0,0,gaussian,0.2,isolated,uniform,2,0.1,20,False,500,49,,,301,310,core,p
732,negative_control,8,main,N0X,1000,25,2,6,elliptical,normal,balanced,0.1,0.0,0,gaussian,0.2,isolated,uniform,2,0.1,20,False,500,49,,,311,320,core,p
733,negative_control,8,main,N0X,1000,25,2,6,elliptical,normal,balanced,0.1,0.0,0,gaussian,0.2,isolated,uniform,2,0.1,20,False,500,49,,,321,330,core,p
734,negative_control,8,main,N0X,1000,25,2,6,elliptical,normal,balanced,0.1,0.0,0,gaussian,0.2,isolated,uniform,2,0.1,20,False,500,49,,,331,340,core,p
735,negative_control,8,main,N0X,1000,25,2,6,elliptical,normal,balanced,0.1,0.0,0,gaussian,0.2,isolated,uniform,2,0.1,20,False,500,49,,,341,350,core,p
736,negative_control,8,main,N0X,1000,25,2,6,elliptical,normal,balanced,0.1,0.0,0,gaussian,0.2,isolated,uniform,2,0.1,20,False,500,49,,,351,360,core,p
737,negative_control,8,main,N0X,1000,25,2,6,elliptical,normal,balanced,0.1,0.0,0,gaussian,0.2,isolated,uniform,2,0.1,20,False,500,49,,,361,370,core,p
738,negative_control,8,main,N0X,1000,25,2,6,elliptical,normal,balanced,0.1,0.0,0,gaussian,0.2,isolated,uniform,2,0.1,20,False,500,49,,,371,380,core,p
739,negative_control,8,main,N0X,1000,25,2,6,elliptical,normal,balanced,0.1,0.0,0,gaussian,0.2,isolated,uniform,2,0.1,20,False,500,49,,,381,390,core,p
740,negative_control,8,main,N0X,1000,25,2,6,elliptical,normal,balanced,0.1,0.0,0,gaussian,0.2,isolated,uniform,2,0.1,20,False,500,49,,,391,400,core,p
741,negative_control,8,main,N0X,1000,25,2,6,elliptical,normal,balanced,0.1,0.0,0,gaussian,0.2,isolated,uniform,2,0.1,20,False,500,49,,,401,410,core,p
742,negative_control,8,main,N0X,1000,25,2,6,elliptical,normal,balanced,0.1,0.0,0,gaussian,0.2,isolated,uniform,2,0.1,20,False,500,49,,,411,420,core,p
743,negative_control,8,main,N0X,1000,25,2,6,elliptical,normal,balanced,0.1,0.0,0,gaussian,0.2,isolated,uniform,2,0.1,20,False,500,49,,,421,430,core,p
744,negative_control,8,main,N0X,1000,25,2,6,elliptical,normal,balanced,0.1,0.0,0,gaussian,0.2,isolated,uniform,2,0.1,20,False,500,49,,,431,440,core,p
745,negative_control,8,main,N0X,1000,25,2,6,elliptical,normal,balanced,0.1,0.0,0,gaussian,0.2,isolated,uniform,2,0.1,20,False,500,49,,,441,450,core,p
746,negative_control,8,main,N0X,1000,25,2,6,elliptical,normal,balanced,0.1,0.0,0,gaussian,0.2,isolated,uniform,2,0.1,20,False,500,49,,,451,460,core,p
747,negative_control,8,main,N0X,1000,25,2,6,elliptical,normal,balanced,0.1,0.0,0,gaussian,0.2,isolated,uniform,2,0.1,20,False,500,49,,,461,470,core,p
748,negative_control,8,main,N0X,1000,25,2,6,elliptical,normal,balanced,0.1,0.0,0,gaussian,0.2,isolated,uniform,2,0.1,20,False,500,49,,,471,480,core,p
749,negative_control,8,main,N0X,1000,25,2,6,elliptical,normal,balanced,0.1,0.0,0,gaussian,0.2,isolated,uniform,2,0.1,20,False,500,49,,,481,490,core,p
750,negative_control,8,main,N0X,1000,25,2,6,elliptical,normal,balanced,0.1,0.0,0,gaussian,0.2,isolated,uniform,2,0.1,20,False,500,49,,,491,500,core,p
751,negative_control,8,main,N0X,1000,25,2,6,elliptical,normal,balanced,0.1,0.0,0,gaussian,0.2,isolated,uniform,2,0.1,20,False,500,49,,,501,510,core,p
752,negative_control,8,main,N0X,1000,25,2,6,elliptical,normal,balanced,0.1,0.0,0,gaussian,0.2,isolated,uniform,2,0.1,20,False,500,49,,,511,520,core,p
753,negative_control,8,main,N0X,1000,25,2,6,elliptical,normal,balanced,0.1,0.0,0,gaussian,0.2,isolated,uniform,2,0.1,20,False,500,49,,,521,530,core,p
754,negative_control,8,main,N0X,1000,25,2,6,elliptical,normal,balanced,0.1,0.0,0,gaussian,0.2,isolated,uniform,2,0.1,20,False,500,49,,,531,540,core,p
755,negative_control,8,main,N0X,1000,25,2,6,elliptical,normal,balanced,0.1,0.0,0,gaussian,0.2,isolated,uniform,2,0.1,20,False,500,49,,,541,550,core,p
756,negative_control,8,main,N0X,1000,25,2,6,elliptical,normal,balanced,0.1,0.0,0,gaussian,0.2,isolated,uniform,2,0.1,20,False,500,49,,,551,560,core,p
757,negative_control,8,main,N0X,1000,25,2,6,elliptical,normal,balanced,0.1,0.0,0,gaussian,0.2,isolated,uniform,2,0.1,20,False,500,49,,,561,570,core,p
758,negative_control,8,main,N0X,1000,25,2,6,elliptical,normal,balanced,0.1,0.0,0,gaussian,0.2,isolated,uniform,2,0.1,20,False,500,49,,,571,580,core,p
759,negative_control,8,main,N0X,1000,25,2,6,elliptical,normal,balanced,0.1,0.0,0,gaussian,0.2,isolated,uniform,2,0.1,20,False,500,49,,,581,590,core,p
760,negative_control,8,main,N0X,1000,25,2,6,elliptical,normal,balanced,0.1,0.0,0,gaussian,0.2,isolated,uniform,2,0.1,20,False,500,49,,,591,600,core,p
761,negative_control,8,main,N0X,1000,25,2,6,elliptical,normal,balanced,0.1,0.0,0,gaussian,0.2,isolated,uniform,2,0.1,20,False,500,49,,,601,610,core,p
762,negative_control,8,main,N0X,1000,25,2,6,elliptical,normal,balanced,0.1,0.0,0,gaussian,0.2,isolated,uniform,2,0.1,20,False,500,49,,,611,620,core,p
763,negative_control,8,main,N0X,1000,25,2,6,elliptical,normal,balanced,0.1,0.0,0,gaussian,0.2,isolated,uniform,2,0.1,20,False,500,49,,,621,630,core,p
764,negative_control,8,main,N0X,1000,25,2,6,elliptical,normal,balanced,0.1,0.0,0,gaussian,0.2,isolated,uniform,2,0.1,20,False,500,49,,,631,640,core,p
765,negative_control,8,main,N0X,1000,25,2,6,elliptical,normal,balanced,0.1,0.0,0,gaussian,0.2,isolated,uniform,2,0.1,20,False,500,49,,,641,650,core,p
766,negative_control,8,main,N0X,1000,25,2,6,elliptical,normal,balanced,0.1,0.0,0,gaussian,0.2,isolated,uniform,2,0.1,20,False,500,49,,,651,660,core,p
767,negative_control,8,main,N0X,1000,25,2,6,elliptical,normal,balanced,0.1,0.0,0,gaussian,0.2,isolated,uniform,2,0.1,20,False,500,49,,,661,670,core,p
768,negative_control,8,main,N0X,1000,25,2,6,elliptical,normal,balanced,0.1,0.0,0,gaussian,0.2,isolated,uniform,2,0.1,20,False,500,49,,,671,680,core,p
769,negative_control,8,main,N0X,1000,25,2,6,elliptical,normal,balanced,0.1,0.0,0,gaussian,0.2,isolated,uniform,2,0.1,20,False,500,49,,,681,690,core,p
770,negative_control,8,main,N0X,1000,25,2,6,elliptical,normal,balanced,0.1,0.0,0,gaussian,0.2,isolated,uniform,2,0.1,20,False,500,49,,,691,700,core,p
771,negative_control,8,main,N0X,1000,25,2,6,elliptical,normal,balanced,0.1,0.0,0,gaussian,0.2,isolated,uniform,2,0.1,20,False,500,49,,,701,710,core,p
772,negative_control,8,main,N0X,1000,25,2,6,elliptical,normal,balanced,0.1,0.0,0,gaussian,0.2,isolated,uniform,2,0.1,20,False,500,49,,,711,720,core,p
773,negative_control,8,main,N0X,1000,25,2,6,elliptical,normal,balanced,0.1,0.0,0,gaussian,0.2,isolated,uniform,2,0.1,20,False,500,49,,,721,730,core,p
774,negative_control,8,main,N0X,1000,25,2,6,elliptical,normal,balanced,0.1,0.0,0,gaussian,0.2,isolated,uniform,2,0.1,20,False,500,49,,,731,740,core,p
775,negative_control,8,main,N0X,1000,25,2,6,elliptical,normal,balanced,0.1,0.0,0,gaussian,0.2,isolated,uniform,2,0.1,20,False,500,49,,,741,750,core,p
776,negative_control,8,main,N0X,1000,25,2,6,elliptical,normal,balanced,0.1,0.0,0,gaussian,0.2,isolated,uniform,2,0.1,20,False,500,49,,,751,760,core,p
777,negative_control,8,main,N0X,1000,25,2,6,elliptical,normal,balanced,0.1,0.0,0,gaussian,0.2,isolated,uniform,2,0.1,20,False,500,49,,,761,770,core,p
778,negative_control,8,main,N0X,1000,25,2,6,elliptical,normal,balanced,0.1,0.0,0,gaussian,0.2,isolated,uniform,2,0.1,20,False,500,49,,,771,780,core,p
779,negative_control,8,main,N0X,1000,25,2,6,elliptical,normal,balanced,0.1,0.0,0,gaussian,0.2,isolated,uniform,2,0.1,20,False,500,49,,,781,790,core,p
780,negative_control,8,main,N0X,1000,25,2,6,elliptical,normal,balanced,0.1,0.0,0,gaussian,0.2,isolated,uniform,2,0.1,20,False,500,49,,,791,800,core,p
781,negative_control,8,main,N0X,1000,25,2,6,elliptical,normal,balanced,0.1,0.0,0,gaussian,0.2,isolated,uniform,2,0.1,20,False,500,49,,,801,810,core,p
782,negative_control,8,main,N0X,1000,25,2,6,elliptical,normal,balanced,0.1,0.0,0,gaussian,0.2,isolated,uniform,2,0.1,20,False,500,49,,,811,820,core,p
783,negative_control,8,main,N0X,1000,25,2,6,elliptical,normal,balanced,0.1,0.0,0,gaussian,0.2,isolated,uniform,2,0.1,20,False,500,49,,,821,830,core,p
784,negative_control,8,main,N0X,1000,25,2,6,elliptical,normal,balanced,0.1,0.0,0,gaussian,0.2,isolated,uniform,2,0.1,20,False,500,49,,,831,840,core,p
785,negative_control,8,main,N0X,1000,25,2,6,elliptical,normal,balanced,0.1,0.0,0,gaussian,0.2,isolated,uniform,2,0.1,20,False,500,49,,,841,850,core,p
786,negative_control,8,main,N0X,1000,25,2,6,elliptical,normal,balanced,0.1,0.0,0,gaussian,0.2,isolated,uniform,2,0.1,20,False,500,49,,,851,860,core,p
787,negative_control,8,main,N0X,1000,25,2,6,elliptical,normal,balanced,0.1,0.0,0,gaussian,0.2,isolated,uniform,2,0.1,20,False,500,49,,,861,870,core,p
788,negative_control,8,main,N0X,1000,25,2,6,elliptical,normal,balanced,0.1,0.0,0,gaussian,0.2,isolated,uniform,2,0.1,20,False,500,49,,,871,880,core,p
789,negative_control,8,main,N0X,1000,25,2,6,elliptical,normal,balanced,0.1,0.0,0,gaussian,0.2,isolated,uniform,2,0.1,20,False,500,49,,,881,890,core,p
790,negative_control,8,main,N0X,1000,25,2,6,elliptical,normal,balanced,0.1,0.0,0,gaussian,0.2,isolated,uniform,2,0.1,20,False,500,49,,,891,900,core,p
791,negative_control,8,main,N0X,1000,25,2,6,elliptical,normal,balanced,0.1,0.0,0,gaussian,0.2,isolated,uniform,2,0.1,20,False,500,49,,,901,910,core,p
792,negative_control,8,main,N0X,1000,25,2,6,elliptical,normal,balanced,0.1,0.0,0,gaussian,0.2,isolated,uniform,2,0.1,20,False,500,49,,,911,920,core,p
793,negative_control,8,main,N0X,1000,25,2,6,elliptical,normal,balanced,0.1,0.0,0,gaussian,0.2,isolated,uniform,2,0.1,20,False,500,49,,,921,930,core,p
794,negative_control,8,main,N0X,1000,25,2,6,elliptical,normal,balanced,0.1,0.0,0,gaussian,0.2,isolated,uniform,2,0.1,20,False,500,49,,,931,940,core,p
795,negative_control,8,main,N0X,1000,25,2,6,elliptical,normal,balanced,0.1,0.0,0,gaussian,0.2,isolated,uniform,2,0.1,20,False,500,49,,,941,950,core,p
796,negative_control,8,main,N0X,1000,25,2,6,elliptical,normal,balanced,0.1,0.0,0,gaussian,0.2,isolated,uniform,2,0.1,20,False,500,49,,,951,960,core,p
797,negative_control,8,main,N0X,1000,25,2,6,elliptical,normal,balanced,0.1,0.0,0,gaussian,0.2,isolated,uniform,2,0.1,20,False,500,49,,,961,970,core,p
798,negative_control,8,main,N0X,1000,25,2,6,elliptical,normal,balanced,0.1,0.0,0,gaussian,0.2,isolated,uniform,2,0.1,20,False,500,49,,,971,980,core,p
799,negative_control,8,main,N0X,1000,25,2,6,elliptical,normal,balanced,0.1,0.0,0,gaussian,0.2,isolated,uniform,2,0.1,20,False,500,49,,,981,990,core,p
800,negative_control,8,main,N0X,1000,25,2,6,elliptical,normal,balanced,0.1,0.0,0,gaussian,0.2,isolated,uniform,2,0.1,20,False,500,49,,,991,1000,core,p
801,negative_control,9,main,N0X,1000,5,2,6,elliptical,normal,balanced,0.05,0.0,0,gaussian,0.2,isolated,uniform,2,0.05,20,False,500,49,,,1,10,core,residual_total
802,negative_control,9,main,N0X,1000,5,2,6,elliptical,normal,balanced,0.05,0.0,0,gaussian,0.2,isolated,uniform,2,0.05,20,False,500,49,,,11,20,core,residual_total
803,negative_control,9,main,N0X,1000,5,2,6,elliptical,normal,balanced,0.05,0.0,0,gaussian,0.2,isolated,uniform,2,0.05,20,False,500,49,,,21,30,core,residual_total
804,negative_control,9,main,N0X,1000,5,2,6,elliptical,normal,balanced,0.05,0.0,0,gaussian,0.2,isolated,uniform,2,0.05,20,False,500,49,,,31,40,core,residual_total
805,negative_control,9,main,N0X,1000,5,2,6,elliptical,normal,balanced,0.05,0.0,0,gaussian,0.2,isolated,uniform,2,0.05,20,False,500,49,,,41,50,core,residual_total
806,negative_control,9,main,N0X,1000,5,2,6,elliptical,normal,balanced,0.05,0.0,0,gaussian,0.2,isolated,uniform,2,0.05,20,False,500,49,,,51,60,core,residual_total
807,negative_control,9,main,N0X,1000,5,2,6,elliptical,normal,balanced,0.05,0.0,0,gaussian,0.2,isolated,uniform,2,0.05,20,False,500,49,,,61,70,core,residual_total
808,negative_control,9,main,N0X,1000,5,2,6,elliptical,normal,balanced,0.05,0.0,0,gaussian,0.2,isolated,uniform,2,0.05,20,False,500,49,,,71,80,core,residual_total
809,negative_control,9,main,N0X,1000,5,2,6,elliptical,normal,balanced,0.05,0.0,0,gaussian,0.2,isolated,uniform,2,0.05,20,False,500,49,,,81,90,core,residual_total
810,negative_control,9,main,N0X,1000,5,2,6,elliptical,normal,balanced,0.05,0.0,0,gaussian,0.2,isolated,uniform,2,0.05,20,False,500,49,,,91,100,core,residual_total
811,negative_control,9,main,N0X,1000,5,2,6,elliptical,normal,balanced,0.05,0.0,0,gaussian,0.2,isolated,uniform,2,0.05,20,False,500,49,,,101,110,core,residual_total
812,negative_control,9,main,N0X,1000,5,2,6,elliptical,normal,balanced,0.05,0.0,0,gaussian,0.2,isolated,uniform,2,0.05,20,False,500,49,,,111,120,core,residual_total
813,negative_control,9,main,N0X,1000,5,2,6,elliptical,normal,balanced,0.05,0.0,0,gaussian,0.2,isolated,uniform,2,0.05,20,False,500,49,,,121,130,core,residual_total
814,negative_control,9,main,N0X,1000,5,2,6,elliptical,normal,balanced,0.05,0.0,0,gaussian,0.2,isolated,uniform,2,0.05,20,False,500,49,,,131,140,core,residual_total
815,negative_control,9,main,N0X,1000,5,2,6,elliptical,normal,balanced,0.05,0.0,0,gaussian,0.2,isolated,uniform,2,0.05,20,False,500,49,,,141,150,core,residual_total
816,negative_control,9,main,N0X,1000,5,2,6,elliptical,normal,balanced,0.05,0.0,0,gaussian,0.2,isolated,uniform,2,0.05,20,False,500,49,,,151,160,core,residual_total
817,negative_control,9,main,N0X,1000,5,2,6,elliptical,normal,balanced,0.05,0.0,0,gaussian,0.2,isolated,uniform,2,0.05,20,False,500,49,,,161,170,core,residual_total
818,negative_control,9,main,N0X,1000,5,2,6,elliptical,normal,balanced,0.05,0.0,0,gaussian,0.2,isolated,uniform,2,0.05,20,False,500,49,,,171,180,core,residual_total
819,negative_control,9,main,N0X,1000,5,2,6,elliptical,normal,balanced,0.05,0.0,0,gaussian,0.2,isolated,uniform,2,0.05,20,False,500,49,,,181,190,core,residual_total
820,negative_control,9,main,N0X,1000,5,2,6,elliptical,normal,balanced,0.05,0.0,0,gaussian,0.2,isolated,uniform,2,0.05,20,False,500,49,,,191,200,core,residual_total
821,negative_control,9,main,N0X,1000,5,2,6,elliptical,normal,balanced,0.05,0.0,0,gaussian,0.2,isolated,uniform,2,0.05,20,False,500,49,,,201,210,core,residual_total
822,negative_control,9,main,N0X,1000,5,2,6,elliptical,normal,balanced,0.05,0.0,0,gaussian,0.2,isolated,uniform,2,0.05,20,False,500,49,,,211,220,core,residual_total
823,negative_control,9,main,N0X,1000,5,2,6,elliptical,normal,balanced,0.05,0.0,0,gaussian,0.2,isolated,uniform,2,0.05,20,False,500,49,,,221,230,core,residual_total
824,negative_control,9,main,N0X,1000,5,2,6,elliptical,normal,balanced,0.05,0.0,0,gaussian,0.2,isolated,uniform,2,0.05,20,False,500,49,,,231,240,core,residual_total
825,negative_control,9,main,N0X,1000,5,2,6,elliptical,normal,balanced,0.05,0.0,0,gaussian,0.2,isolated,uniform,2,0.05,20,False,500,49,,,241,250,core,residual_total
826,negative_control,9,main,N0X,1000,5,2,6,elliptical,normal,balanced,0.05,0.0,0,gaussian,0.2,isolated,uniform,2,0.05,20,False,500,49,,,251,260,core,residual_total
827,negative_control,9,main,N0X,1000,5,2,6,elliptical,normal,balanced,0.05,0.0,0,gaussian,0.2,isolated,uniform,2,0.05,20,False,500,49,,,261,270,core,residual_total
828,negative_control,9,main,N0X,1000,5,2,6,elliptical,normal,balanced,0.05,0.0,0,gaussian,0.2,isolated,uniform,2,0.05,20,False,500,49,,,271,280,core,residual_total
829,negative_control,9,main,N0X,1000,5,2,6,elliptical,normal,balanced,0.05,0.0,0,gaussian,0.2,isolated,uniform,2,0.05,20,False,500,49,,,281,290,core,residual_total
830,negative_control,9,main,N0X,1000,5,2,6,elliptical,normal,balanced,0.05,0.0,0,gaussian,0.2,isolated,uniform,2,0.05,20,False,500,49,,,291,300,core,residual_total
831,negative_control,9,main,N0X,1000,5,2,6,elliptical,normal,balanced,0.05,0.0,0,gaussian,0.2,isolated,uniform,2,0.05,20,False,500,49,,,301,310,core,residual_total
832,negative_control,9,main,N0X,1000,5,2,6,elliptical,normal,balanced,0.05,0.0,0,gaussian,0.2,isolated,uniform,2,0.05,20,False,500,49,,,311,320,core,residual_total
833,negative_control,9,main,N0X,1000,5,2,6,elliptical,normal,balanced,0.05,0.0,0,gaussian,0.2,isolated,uniform,2,0.05,20,False,500,49,,,321,330,core,residual_total
834,negative_control,9,main,N0X,1000,5,2,6,elliptical,normal,balanced,0.05,0.0,0,gaussian,0.2,isolated,uniform,2,0.05,20,False,500,49,,,331,340,core,residual_total
835,negative_control,9,main,N0X,1000,5,2,6,elliptical,normal,balanced,0.05,0.0,0,gaussian,0.2,isolated,uniform,2,0.05,20,False,500,49,,,341,350,core,residual_total
836,negative_control,9,main,N0X,1000,5,2,6,elliptical,normal,balanced,0.05,0.0,0,gaussian,0.2,isolated,uniform,2,0.05,20,False,500,49,,,351,360,core,residual_total
837,negative_control,9,main,N0X,1000,5,2,6,elliptical,normal,balanced,0.05,0.0,0,gaussian,0.2,isolated,uniform,2,0.05,20,False,500,49,,,361,370,core,residual_total
838,negative_control,9,main,N0X,1000,5,2,6,elliptical,normal,balanced,0.05,0.0,0,gaussian,0.2,isolated,uniform,2,0.05,20,False,500,49,,,371,380,core,residual_total
839,negative_control,9,main,N0X,1000,5,2,6,elliptical,normal,balanced,0.05,0.0,0,gaussian,0.2,isolated,uniform,2,0.05,20,False,500,49,,,381,390,core,residual_total
840,negative_control,9,main,N0X,1000,5,2,6,elliptical,normal,balanced,0.05,0.0,0,gaussian,0.2,isolated,uniform,2,0.05,20,False,500,49,,,391,400,core,residual_total
841,negative_control,9,main,N0X,1000,5,2,6,elliptical,normal,balanced,0.05,0.0,0,gaussian,0.2,isolated,uniform,2,0.05,20,False,500,49,,,401,410,core,residual_total
842,negative_control,9,main,N0X,1000,5,2,6,elliptical,normal,balanced,0.05,0.0,0,gaussian,0.2,isolated,uniform,2,0.05,20,False,500,49,,,411,420,core,residual_total
843,negative_control,9,main,N0X,1000,5,2,6,elliptical,normal,balanced,0.05,0.0,0,gaussian,0.2,isolated,uniform,2,0.05,20,False,500,49,,,421,430,core,residual_total
844,negative_control,9,main,N0X,1000,5,2,6,elliptical,normal,balanced,0.05,0.0,0,gaussian,0.2,isolated,uniform,2,0.05,20,False,500,49,,,431,440,core,residual_total
845,negative_control,9,main,N0X,1000,5,2,6,elliptical,normal,balanced,0.05,0.0,0,gaussian,0.2,isolated,uniform,2,0.05,20,False,500,49,,,441,450,core,residual_total
846,negative_control,9,main,N0X,1000,5,2,6,elliptical,normal,balanced,0.05,0.0,0,gaussian,0.2,isolated,uniform,2,0.05,20,False,500,49,,,451,460,core,residual_total
847,negative_control,9,main,N0X,1000,5,2,6,elliptical,normal,balanced,0.05,0.0,0,gaussian,0.2,isolated,uniform,2,0.05,20,False,500,49,,,461,470,core,residual_total
848,negative_control,9,main,N0X,1000,5,2,6,elliptical,normal,balanced,0.05,0.0,0,gaussian,0.2,isolated,uniform,2,0.05,20,False,500,49,,,471,480,core,residual_total
849,negative_control,9,main,N0X,1000,5,2,6,elliptical,normal,balanced,0.05,0.0,0,gaussian,0.2,isolated,uniform,2,0.05,20,False,500,49,,,481,490,core,residual_total
850,negative_control,9,main,N0X,1000,5,2,6,elliptical,normal,balanced,0.05,0.0,0,gaussian,0.2,isolated,uniform,2,0.05,20,False,500,49,,,491,500,core,residual_total
851,negative_control,9,main,N0X,1000,5,2,6,elliptical,normal,balanced,0.05,0.0,0,gaussian,0.2,isolated,uniform,2,0.05,20,False,500,49,,,501,510,core,residual_total
852,negative_control,9,main,N0X,1000,5,2,6,elliptical,normal,balanced,0.05,0.0,0,gaussian,0.2,isolated,uniform,2,0.05,20,False,500,49,,,511,520,core,residual_total
853,negative_control,9,main,N0X,1000,5,2,6,elliptical,normal,balanced,0.05,0.0,0,gaussian,0.2,isolated,uniform,2,0.05,20,False,500,49,,,521,530,core,residual_total
854,negative_control,9,main,N0X,1000,5,2,6,elliptical,normal,balanced,0.05,0.0,0,gaussian,0.2,isolated,uniform,2,0.05,20,False,500,49,,,531,540,core,residual_total
855,negative_control,9,main,N0X,1000,5,2,6,elliptical,normal,balanced,0.05,0.0,0,gaussian,0.2,isolated,uniform,2,0.05,20,False,500,49,,,541,550,core,residual_total
856,negative_control,9,main,N0X,1000,5,2,6,elliptical,normal,balanced,0.05,0.0,0,gaussian,0.2,isolated,uniform,2,0.05,20,False,500,49,,,551,560,core,residual_total
857,negative_control,9,main,N0X,1000,5,2,6,elliptical,normal,balanced,0.05,0.0,0,gaussian,0.2,isolated,uniform,2,0.05,20,False,500,49,,,561,570,core,residual_total
858,negative_control,9,main,N0X,1000,5,2,6,elliptical,normal,balanced,0.05,0.0,0,gaussian,0.2,isolated,uniform,2,0.05,20,False,500,49,,,571,580,core,residual_total
859,negative_control,9,main,N0X,1000,5,2,6,elliptical,normal,balanced,0.05,0.0,0,gaussian,0.2,isolated,uniform,2,0.05,20,False,500,49,,,581,590,core,residual_total
860,negative_control,9,main,N0X,1000,5,2,6,elliptical,normal,balanced,0.05,0.0,0,gaussian,0.2,isolated,uniform,2,0.05,20,False,500,49,,,591,600,core,residual_total
861,negative_control,9,main,N0X,1000,5,2,6,elliptical,normal,balanced,0.05,0.0,0,gaussian,0.2,isolated,uniform,2,0.05,20,False,500,49,,,601,610,core,residual_total
862,negative_control,9,main,N0X,1000,5,2,6,elliptical,normal,balanced,0.05,0.0,0,gaussian,0.2,isolated,uniform,2,0.05,20,False,500,49,,,611,620,core,residual_total
863,negative_control,9,main,N0X,1000,5,2,6,elliptical,normal,balanced,0.05,0.0,0,gaussian,0.2,isolated,uniform,2,0.05,20,False,500,49,,,621,630,core,residual_total
864,negative_control,9,main,N0X,1000,5,2,6,elliptical,normal,balanced,0.05,0.0,0,gaussian,0.2,isolated,uniform,2,0.05,20,False,500,49,,,631,640,core,residual_total
865,negative_control,9,main,N0X,1000,5,2,6,elliptical,normal,balanced,0.05,0.0,0,gaussian,0.2,isolated,uniform,2,0.05,20,False,500,49,,,641,650,core,residual_total
866,negative_control,9,main,N0X,1000,5,2,6,elliptical,normal,balanced,0.05,0.0,0,gaussian,0.2,isolated,uniform,2,0.05,20,False,500,49,,,651,660,core,residual_total
867,negative_control,9,main,N0X,1000,5,2,6,elliptical,normal,balanced,0.05,0.0,0,gaussian,0.2,isolated,uniform,2,0.05,20,False,500,49,,,661,670,core,residual_total
868,negative_control,9,main,N0X,1000,5,2,6,elliptical,normal,balanced,0.05,0.0,0,gaussian,0.2,isolated,uniform,2,0.05,20,False,500,49,,,671,680,core,residual_total
869,negative_control,9,main,N0X,1000,5,2,6,elliptical,normal,balanced,0.05,0.0,0,gaussian,0.2,isolated,uniform,2,0.05,20,False,500,49,,,681,690,core,residual_total
870,negative_control,9,main,N0X,1000,5,2,6,elliptical,normal,balanced,0.05,0.0,0,gaussian,0.2,isolated,uniform,2,0.05,20,False,500,49,,,691,700,core,residual_total
871,negative_control,9,main,N0X,1000,5,2,6,elliptical,normal,balanced,0.05,0.0,0,gaussian,0.2,isolated,uniform,2,0.05,20,False,500,49,,,701,710,core,residual_total
872,negative_control,9,main,N0X,1000,5,2,6,elliptical,normal,balanced,0.05,0.0,0,gaussian,0.2,isolated,uniform,2,0.05,20,False,500,49,,,711,720,core,residual_total
873,negative_control,9,main,N0X,1000,5,2,6,elliptical,normal,balanced,0.05,0.0,0,gaussian,0.2,isolated,uniform,2,0.05,20,False,500,49,,,721,730,core,residual_total
874,negative_control,9,main,N0X,1000,5,2,6,elliptical,normal,balanced,0.05,0.0,0,gaussian,0.2,isolated,uniform,2,0.05,20,False,500,49,,,731,740,core,residual_total
875,negative_control,9,main,N0X,1000,5,2,6,elliptical,normal,balanced,0.05,0.0,0,gaussian,0.2,isolated,uniform,2,0.05,20,False,500,49,,,741,750,core,residual_total
876,negative_control,9,main,N0X,1000,5,2,6,elliptical,normal,balanced,0.05,0.0,0,gaussian,0.2,isolated,uniform,2,0.05,20,False,500,49,,,751,760,core,residual_total
877,negative_control,9,main,N0X,1000,5,2,6,elliptical,normal,balanced,0.05,0.0,0,gaussian,0.2,isolated,uniform,2,0.05,20,False,500,49,,,761,770,core,residual_total
878,negative_control,9,main,N0X,1000,5,2,6,elliptical,normal,balanced,0.05,0.0,0,gaussian,0.2,isolated,uniform,2,0.05,20,False,500,49,,,771,780,core,residual_total
879,negative_control,9,main,N0X,1000,5,2,6,elliptical,normal,balanced,0.05,0.0,0,gaussian,0.2,isolated,uniform,2,0.05,20,False,500,49,,,781,790,core,residual_total
880,negative_control,9,main,N0X,1000,5,2,6,elliptical,normal,balanced,0.05,0.0,0,gaussian,0.2,isolated,uniform,2,0.05,20,False,500,49,,,791,800,core,residual_total
881,negative_control,9,main,N0X,1000,5,2,6,elliptical,normal,balanced,0.05,0.0,0,gaussian,0.2,isolated,uniform,2,0.05,20,False,500,49,,,801,810,core,residual_total
882,negative_control,9,main,N0X,1000,5,2,6,elliptical,normal,balanced,0.05,0.0,0,gaussian,0.2,isolated,uniform,2,0.05,20,False,500,49,,,811,820,core,residual_total
883,negative_control,9,main,N0X,1000,5,2,6,elliptical,normal,balanced,0.05,0.0,0,gaussian,0.2,isolated,uniform,2,0.05,20,False,500,49,,,821,830,core,residual_total
884,negative_control,9,main,N0X,1000,5,2,6,elliptical,normal,balanced,0.05,0.0,0,gaussian,0.2,isolated,uniform,2,0.05,20,False,500,49,,,831,840,core,residual_total
885,negative_control,9,main,N0X,1000,5,2,6,elliptical,normal,balanced,0.05,0.0,0,gaussian,0.2,isolated,uniform,2,0.05,20,False,500,49,,,841,850,core,residual_total
886,negative_control,9,main,N0X,1000,5,2,6,elliptical,normal,balanced,0.05,0.0,0,gaussian,0.2,isolated,uniform,2,0.05,20,False,500,49,,,851,860,core,residual_total
887,negative_control,9,main,N0X,1000,5,2,6,elliptical,normal,balanced,0.05,0.0,0,gaussian,0.2,isolated,uniform,2,0.05,20,False,500,49,,,861,870,core,residual_total
888,negative_control,9,main,N0X,1000,5,2,6,elliptical,normal,balanced,0.05,0.0,0,gaussian,0.2,isolated,uniform,2,0.05,20,False,500,49,,,871,880,core,residual_total
889,negative_control,9,main,N0X,1000,5,2,6,elliptical,normal,balanced,0.05,0.0,0,gaussian,0.2,isolated,uniform,2,0.05,20,False,500,49,,,881,890,core,residual_total
890,negative_control,9,main,N0X,1000,5,2,6,elliptical,normal,balanced,0.05,0.0,0,gaussian,0.2,isolated,uniform,2,0.05,20,False,500,49,,,891,900,core,residual_total
891,negative_control,9,main,N0X,1000,5,2,6,elliptical,normal,balanced,0.05,0.0,0,gaussian,0.2,isolated,uniform,2,0.05,20,False,500,49,,,901,910,core,residual_total
892,negative_control,9,main,N0X,1000,5,2,6,elliptical,normal,balanced,0.05,0.0,0,gaussian,0.2,isolated,uniform,2,0.05,20,False,500,49,,,911,920,core,residual_total
893,negative_control,9,main,N0X,1000,5,2,6,elliptical,normal,balanced,0.05,0.0,0,gaussian,0.2,isolated,uniform,2,0.05,20,False,500,49,,,921,930,core,residual_total
894,negative_control,9,main,N0X,1000,5,2,6,elliptical,normal,balanced,0.05,0.0,0,gaussian,0.2,isolated,uniform,2,0.05,20,False,500,49,,,931,940,core,residual_total
895,negative_control,9,main,N0X,1000,5,2,6,elliptical,normal,balanced,0.05,0.0,0,gaussian,0.2,isolated,uniform,2,0.05,20,False,500,49,,,941,950,core,residual_total
896,negative_control,9,main,N0X,1000,5,2,6,elliptical,normal,balanced,0.05,0.0,0,gaussian,0.2,isolated,uniform,2,0.05,20,False,500,49,,,951,960,core,residual_total
897,negative_control,9,main,N0X,1000,5,2,6,elliptical,normal,balanced,0.05,0.0,0,gaussian,0.2,isolated,uniform,2,0.05,20,False,500,49,,,961,970,core,residual_total
898,negative_control,9,main,N0X,1000,5,2,6,elliptical,normal,balanced,0.05,0.0,0,gaussian,0.2,isolated,uniform,2,0.05,20,False,500,49,,,971,980,core,residual_total
899,negative_control,9,main,N0X,1000,5,2,6,elliptical,normal,balanced,0.05,0.0,0,gaussian,0.2,isolated,uniform,2,0.05,20,False,500,49,,,981,990,core,residual_total
900,negative_control,9,main,N0X,1000,5,2,6,elliptical,normal,balanced,0.05,0.0,0,gaussian,0.2,isolated,uniform,2,0.05,20,False,500,49,,,991,1000,core,residual_total
901,negative_control,10,main,N0X,1000,5,2,6,elliptical,normal,balanced,0.2,0.0,0,gaussian,0.2,isolated,uniform,2,0.2,20,False,500,49,,,1,10,core,residual_total
902,negative_control,10,main,N0X,1000,5,2,6,elliptical,normal,balanced,0.2,0.0,0,gaussian,0.2,isolated,uniform,2,0.2,20,False,500,49,,,11,20,core,residual_total
903,negative_control,10,main,N0X,1000,5,2,6,elliptical,normal,balanced,0.2,0.0,0,gaussian,0.2,isolated,uniform,2,0.2,20,False,500,49,,,21,30,core,residual_total
904,negative_control,10,main,N0X,1000,5,2,6,elliptical,normal,balanced,0.2,0.0,0,gaussian,0.2,isolated,uniform,2,0.2,20,False,500,49,,,31,40,core,residual_total
905,negative_control,10,main,N0X,1000,5,2,6,elliptical,normal,balanced,0.2,0.0,0,gaussian,0.2,isolated,uniform,2,0.2,20,False,500,49,,,41,50,core,residual_total
906,negative_control,10,main,N0X,1000,5,2,6,elliptical,normal,balanced,0.2,0.0,0,gaussian,0.2,isolated,uniform,2,0.2,20,False,500,49,,,51,60,core,residual_total
907,negative_control,10,main,N0X,1000,5,2,6,elliptical,normal,balanced,0.2,0.0,0,gaussian,0.2,isolated,uniform,2,0.2,20,False,500,49,,,61,70,core,residual_total
908,negative_control,10,main,N0X,1000,5,2,6,elliptical,normal,balanced,0.2,0.0,0,gaussian,0.2,isolated,uniform,2,0.2,20,False,500,49,,,71,80,core,residual_total
909,negative_control,10,main,N0X,1000,5,2,6,elliptical,normal,balanced,0.2,0.0,0,gaussian,0.2,isolated,uniform,2,0.2,20,False,500,49,,,81,90,core,residual_total
910,negative_control,10,main,N0X,1000,5,2,6,elliptical,normal,balanced,0.2,0.0,0,gaussian,0.2,isolated,uniform,2,0.2,20,False,500,49,,,91,100,core,residual_total
911,negative_control,10,main,N0X,1000,5,2,6,elliptical,normal,balanced,0.2,0.0,0,gaussian,0.2,isolated,uniform,2,0.2,20,False,500,49,,,101,110,core,residual_total
912,negative_control,10,main,N0X,1000,5,2,6,elliptical,normal,balanced,0.2,0.0,0,gaussian,0.2,isolated,uniform,2,0.2,20,False,500,49,,,111,120,core,residual_total
913,negative_control,10,main,N0X,1000,5,2,6,elliptical,normal,balanced,0.2,0.0,0,gaussian,0.2,isolated,uniform,2,0.2,20,False,500,49,,,121,130,core,residual_total
914,negative_control,10,main,N0X,1000,5,2,6,elliptical,normal,balanced,0.2,0.0,0,gaussian,0.2,isolated,uniform,2,0.2,20,False,500,49,,,131,140,core,residual_total
915,negative_control,10,main,N0X,1000,5,2,6,elliptical,normal,balanced,0.2,0.0,0,gaussian,0.2,isolated,uniform,2,0.2,20,False,500,49,,,141,150,core,residual_total
916,negative_control,10,main,N0X,1000,5,2,6,elliptical,normal,balanced,0.2,0.0,0,gaussian,0.2,isolated,uniform,2,0.2,20,False,500,49,,,151,160,core,residual_total
917,negative_control,10,main,N0X,1000,5,2,6,elliptical,normal,balanced,0.2,0.0,0,gaussian,0.2,isolated,uniform,2,0.2,20,False,500,49,,,161,170,core,residual_total
918,negative_control,10,main,N0X,1000,5,2,6,elliptical,normal,balanced,0.2,0.0,0,gaussian,0.2,isolated,uniform,2,0.2,20,False,500,49,,,171,180,core,residual_total
919,negative_control,10,main,N0X,1000,5,2,6,elliptical,normal,balanced,0.2,0.0,0,gaussian,0.2,isolated,uniform,2,0.2,20,False,500,49,,,181,190,core,residual_total
920,negative_control,10,main,N0X,1000,5,2,6,elliptical,normal,balanced,0.2,0.0,0,gaussian,0.2,isolated,uniform,2,0.2,20,False,500,49,,,191,200,core,residual_total
921,negative_control,10,main,N0X,1000,5,2,6,elliptical,normal,balanced,0.2,0.0,0,gaussian,0.2,isolated,uniform,2,0.2,20,False,500,49,,,201,210,core,residual_total
922,negative_control,10,main,N0X,1000,5,2,6,elliptical,normal,balanced,0.2,0.0,0,gaussian,0.2,isolated,uniform,2,0.2,20,False,500,49,,,211,220,core,residual_total
923,negative_control,10,main,N0X,1000,5,2,6,elliptical,normal,balanced,0.2,0.0,0,gaussian,0.2,isolated,uniform,2,0.2,20,False,500,49,,,221,230,core,residual_total
924,negative_control,10,main,N0X,1000,5,2,6,elliptical,normal,balanced,0.2,0.0,0,gaussian,0.2,isolated,uniform,2,0.2,20,False,500,49,,,231,240,core,residual_total
925,negative_control,10,main,N0X,1000,5,2,6,elliptical,normal,balanced,0.2,0.0,0,gaussian,0.2,isolated,uniform,2,0.2,20,False,500,49,,,241,250,core,residual_total
926,negative_control,10,main,N0X,1000,5,2,6,elliptical,normal,balanced,0.2,0.0,0,gaussian,0.2,isolated,uniform,2,0.2,20,False,500,49,,,251,260,core,residual_total
927,negative_control,10,main,N0X,1000,5,2,6,elliptical,normal,balanced,0.2,0.0,0,gaussian,0.2,isolated,uniform,2,0.2,20,False,500,49,,,261,270,core,residual_total
928,negative_control,10,main,N0X,1000,5,2,6,elliptical,normal,balanced,0.2,0.0,0,gaussian,0.2,isolated,uniform,2,0.2,20,False,500,49,,,271,280,core,residual_total
929,negative_control,10,main,N0X,1000,5,2,6,elliptical,normal,balanced,0.2,0.0,0,gaussian,0.2,isolated,uniform,2,0.2,20,False,500,49,,,281,290,core,residual_total
930,negative_control,10,main,N0X,1000,5,2,6,elliptical,normal,balanced,0.2,0.0,0,gaussian,0.2,isolated,uniform,2,0.2,20,False,500,49,,,291,300,core,residual_total
931,negative_control,10,main,N0X,1000,5,2,6,elliptical,normal,balanced,0.2,0.0,0,gaussian,0.2,isolated,uniform,2,0.2,20,False,500,49,,,301,310,core,residual_total
932,negative_control,10,main,N0X,1000,5,2,6,elliptical,normal,balanced,0.2,0.0,0,gaussian,0.2,isolated,uniform,2,0.2,20,False,500,49,,,311,320,core,residual_total
933,negative_control,10,main,N0X,1000,5,2,6,elliptical,normal,balanced,0.2,0.0,0,gaussian,0.2,isolated,uniform,2,0.2,20,False,500,49,,,321,330,core,residual_total
934,negative_control,10,main,N0X,1000,5,2,6,elliptical,normal,balanced,0.2,0.0,0,gaussian,0.2,isolated,uniform,2,0.2,20,False,500,49,,,331,340,core,residual_total
935,negative_control,10,main,N0X,1000,5,2,6,elliptical,normal,balanced,0.2,0.0,0,gaussian,0.2,isolated,uniform,2,0.2,20,False,500,49,,,341,350,core,residual_total
936,negative_control,10,main,N0X,1000,5,2,6,elliptical,normal,balanced,0.2,0.0,0,gaussian,0.2,isolated,uniform,2,0.2,20,False,500,49,,,351,360,core,residual_total
937,negative_control,10,main,N0X,1000,5,2,6,elliptical,normal,balanced,0.2,0.0,0,gaussian,0.2,isolated,uniform,2,0.2,20,False,500,49,,,361,370,core,residual_total
938,negative_control,10,main,N0X,1000,5,2,6,elliptical,normal,balanced,0.2,0.0,0,gaussian,0.2,isolated,uniform,2,0.2,20,False,500,49,,,371,380,core,residual_total
939,negative_control,10,main,N0X,1000,5,2,6,elliptical,normal,balanced,0.2,0.0,0,gaussian,0.2,isolated,uniform,2,0.2,20,False,500,49,,,381,390,core,residual_total
940,negative_control,10,main,N0X,1000,5,2,6,elliptical,normal,balanced,0.2,0.0,0,gaussian,0.2,isolated,uniform,2,0.2,20,False,500,49,,,391,400,core,residual_total
941,negative_control,10,main,N0X,1000,5,2,6,elliptical,normal,balanced,0.2,0.0,0,gaussian,0.2,isolated,uniform,2,0.2,20,False,500,49,,,401,410,core,residual_total
942,negative_control,10,main,N0X,1000,5,2,6,elliptical,normal,balanced,0.2,0.0,0,gaussian,0.2,isolated,uniform,2,0.2,20,False,500,49,,,411,420,core,residual_total
943,negative_control,10,main,N0X,1000,5,2,6,elliptical,normal,balanced,0.2,0.0,0,gaussian,0.2,isolated,uniform,2,0.2,20,False,500,49,,,421,430,core,residual_total
944,negative_control,10,main,N0X,1000,5,2,6,elliptical,normal,balanced,0.2,0.0,0,gaussian,0.2,isolated,uniform,2,0.2,20,False,500,49,,,431,440,core,residual_total
945,negative_control,10,main,N0X,1000,5,2,6,elliptical,normal,balanced,0.2,0.0,0,gaussian,0.2,isolated,uniform,2,0.2,20,False,500,49,,,441,450,core,residual_total
946,negative_control,10,main,N0X,1000,5,2,6,elliptical,normal,balanced,0.2,0.0,0,gaussian,0.2,isolated,uniform,2,0.2,20,False,500,49,,,451,460,core,residual_total
947,negative_control,10,main,N0X,1000,5,2,6,elliptical,normal,balanced,0.2,0.0,0,gaussian,0.2,isolated,uniform,2,0.2,20,False,500,49,,,461,470,core,residual_total
948,negative_control,10,main,N0X,1000,5,2,6,elliptical,normal,balanced,0.2,0.0,0,gaussian,0.2,isolated,uniform,2,0.2,20,False,500,49,,,471,480,core,residual_total
949,negative_control,10,main,N0X,1000,5,2,6,elliptical,normal,balanced,0.2,0.0,0,gaussian,0.2,isolated,uniform,2,0.2,20,False,500,49,,,481,490,core,residual_total
950,negative_control,10,main,N0X,1000,5,2,6,elliptical,normal,balanced,0.2,0.0,0,gaussian,0.2,isolated,uniform,2,0.2,20,False,500,49,,,491,500,core,residual_total
951,negative_control,10,main,N0X,1000,5,2,6,elliptical,normal,balanced,0.2,0.0,0,gaussian,0.2,isolated,uniform,2,0.2,20,False,500,49,,,501,510,core,residual_total
952,negative_control,10,main,N0X,1000,5,2,6,elliptical,normal,balanced,0.2,0.0,0,gaussian,0.2,isolated,uniform,2,0.2,20,False,500,49,,,511,520,core,residual_total
953,negative_control,10,main,N0X,1000,5,2,6,elliptical,normal,balanced,0.2,0.0,0,gaussian,0.2,isolated,uniform,2,0.2,20,False,500,49,,,521,530,core,residual_total
954,negative_control,10,main,N0X,1000,5,2,6,elliptical,normal,balanced,0.2,0.0,0,gaussian,0.2,isolated,uniform,2,0.2,20,False,500,49,,,531,540,core,residual_total
955,negative_control,10,main,N0X,1000,5,2,6,elliptical,normal,balanced,0.2,0.0,0,gaussian,0.2,isolated,uniform,2,0.2,20,False,500,49,,,541,550,core,residual_total
956,negative_control,10,main,N0X,1000,5,2,6,elliptical,normal,balanced,0.2,0.0,0,gaussian,0.2,isolated,uniform,2,0.2,20,False,500,49,,,551,560,core,residual_total
957,negative_control,10,main,N0X,1000,5,2,6,elliptical,normal,balanced,0.2,0.0,0,gaussian,0.2,isolated,uniform,2,0.2,20,False,500,49,,,561,570,core,residual_total
958,negative_control,10,main,N0X,1000,5,2,6,elliptical,normal,balanced,0.2,0.0,0,gaussian,0.2,isolated,uniform,2,0.2,20,False,500,49,,,571,580,core,residual_total
959,negative_control,10,main,N0X,1000,5,2,6,elliptical,normal,balanced,0.2,0.0,0,gaussian,0.2,isolated,uniform,2,0.2,20,False,500,49,,,581,590,core,residual_total
960,negative_control,10,main,N0X,1000,5,2,6,elliptical,normal,balanced,0.2,0.0,0,gaussian,0.2,isolated,uniform,2,0.2,20,False,500,49,,,591,600,core,residual_total
961,negative_control,10,main,N0X,1000,5,2,6,elliptical,normal,balanced,0.2,0.0,0,gaussian,0.2,isolated,uniform,2,0.2,20,False,500,49,,,601,610,core,residual_total
962,negative_control,10,main,N0X,1000,5,2,6,elliptical,normal,balanced,0.2,0.0,0,gaussian,0.2,isolated,uniform,2,0.2,20,False,500,49,,,611,620,core,residual_total
963,negative_control,10,main,N0X,1000,5,2,6,elliptical,normal,balanced,0.2,0.0,0,gaussian,0.2,isolated,uniform,2,0.2,20,False,500,49,,,621,630,core,residual_total
964,negative_control,10,main,N0X,1000,5,2,6,elliptical,normal,balanced,0.2,0.0,0,gaussian,0.2,isolated,uniform,2,0.2,20,False,500,49,,,631,640,core,residual_total
965,negative_control,10,main,N0X,1000,5,2,6,elliptical,normal,balanced,0.2,0.0,0,gaussian,0.2,isolated,uniform,2,0.2,20,False,500,49,,,641,650,core,residual_total
966,negative_control,10,main,N0X,1000,5,2,6,elliptical,normal,balanced,0.2,0.0,0,gaussian,0.2,isolated,uniform,2,0.2,20,False,500,49,,,651,660,core,residual_total
967,negative_control,10,main,N0X,1000,5,2,6,elliptical,normal,balanced,0.2,0.0,0,gaussian,0.2,isolated,uniform,2,0.2,20,False,500,49,,,661,670,core,residual_total
968,negative_control,10,main,N0X,1000,5,2,6,elliptical,normal,balanced,0.2,0.0,0,gaussian,0.2,isolated,uniform,2,0.2,20,False,500,49,,,671,680,core,residual_total
969,negative_control,10,main,N0X,1000,5,2,6,elliptical,normal,balanced,0.2,0.0,0,gaussian,0.2,isolated,uniform,2,0.2,20,False,500,49,,,681,690,core,residual_total
970,negative_control,10,main,N0X,1000,5,2,6,elliptical,normal,balanced,0.2,0.0,0,gaussian,0.2,isolated,uniform,2,0.2,20,False,500,49,,,691,700,core,residual_total
971,negative_control,10,main,N0X,1000,5,2,6,elliptical,normal,balanced,0.2,0.0,0,gaussian,0.2,isolated,uniform,2,0.2,20,False,500,49,,,701,710,core,residual_total
972,negative_control,10,main,N0X,1000,5,2,6,elliptical,normal,balanced,0.2,0.0,0,gaussian,0.2,isolated,uniform,2,0.2,20,False,500,49,,,711,720,core,residual_total
973,negative_control,10,main,N0X,1000,5,2,6,elliptical,normal,balanced,0.2,0.0,0,gaussian,0.2,isolated,uniform,2,0.2,20,False,500,49,,,721,730,core,residual_total
974,negative_control,10,main,N0X,1000,5,2,6,elliptical,normal,balanced,0.2,0.0,0,gaussian,0.2,isolated,uniform,2,0.2,20,False,500,49,,,731,740,core,residual_total
975,negative_control,10,main,N0X,1000,5,2,6,elliptical,normal,balanced,0.2,0.0,0,gaussian,0.2,isolated,uniform,2,0.2,20,False,500,49,,,741,750,core,residual_total
976,negative_control,10,main,N0X,1000,5,2,6,elliptical,normal,balanced,0.2,0.0,0,gaussian,0.2,isolated,uniform,2,0.2,20,False,500,49,,,751,760,core,residual_total
977,negative_control,10,main,N0X,1000,5,2,6,elliptical,normal,balanced,0.2,0.0,0,gaussian,0.2,isolated,uniform,2,0.2,20,False,500,49,,,761,770,core,residual_total
978,negative_control,10,main,N0X,1000,5,2,6,elliptical,normal,balanced,0.2,0.0,0,gaussian,0.2,isolated,uniform,2,0.2,20,False,500,49,,,771,780,core,residual_total
979,negative_control,10,main,N0X,1000,5,2,6,elliptical,normal,balanced,0.2,0.0,0,gaussian,0.2,isolated,uniform,2,0.2,20,False,500,49,,,781,790,core,residual_total
980,negative_control,10,main,N0X,1000,5,2,6,elliptical,normal,balanced,0.2,0.0,0,gaussian,0.2,isolated,uniform,2,0.2,20,False,500,49,,,791,800,core,residual_total
981,negative_control,10,main,N0X,1000,5,2,6,elliptical,normal,balanced,0.2,0.0,0,gaussian,0.2,isolated,uniform,2,0.2,20,False,500,49,,,801,810,core,residual_total
982,negative_control,10,main,N0X,1000,5,2,6,elliptical,normal,balanced,0.2,0.0,0,gaussian,0.2,isolated,uniform,2,0.2,20,False,500,49,,,811,820,core,residual_total
983,negative_control,10,main,N0X,1000,5,2,6,elliptical,normal,balanced,0.2,0.0,0,gaussian,0.2,isolated,uniform,2,0.2,20,False,500,49,,,821,830,core,residual_total
984,negative_control,10,main,N0X,1000,5,2,6,elliptical,normal,balanced,0.2,0.0,0,gaussian,0.2,isolated,uniform,2,0.2,20,False,500,49,,,831,840,core,residual_total
985,negative_control,10,main,N0X,1000,5,2,6,elliptical,normal,balanced,0.2,0.0,0,gaussian,0.2,isolated,uniform,2,0.2,20,False,500,49,,,841,850,core,residual_total
986,negative_control,10,main,N0X,1000,5,2,6,elliptical,normal,balanced,0.2,0.0,0,gaussian,0.2,isolated,uniform,2,0.2,20,False,500,49,,,851,860,core,residual_total
987,negative_control,10,main,N0X,1000,5,2,6,elliptical,normal,balanced,0.2,0.0,0,gaussian,0.2,isolated,uniform,2,0.2,20,False,500,49,,,861,870,core,residual_total
988,negative_control,10,main,N0X,1000,5,2,6,elliptical,normal,balanced,0.2,0.0,0,gaussian,0.2,isolated,uniform,2,0.2,20,False,500,49,,,871,880,core,residual_total
989,negative_control,10,main,N0X,1000,5,2,6,elliptical,normal,balanced,0.2,0.0,0,gaussian,0.2,isolated,uniform,2,0.2,20,False,500,49,,,881,890,core,residual_total
990,negative_control,10,main,N0X,1000,5,2,6,elliptical,normal,balanced,0.2,0.0,0,gaussian,0.2,isolated,uniform,2,0.2,20,False,500,49,,,891,900,core,residual_total
991,negative_control,10,main,N0X,1000,5,2,6,elliptical,normal,balanced,0.2,0.0,0,gaussian,0.2,isolated,uniform,2,0.2,20,False,500,49,,,901,910,core,residual_total
992,negative_control,10,main,N0X,1000,5,2,6,elliptical,normal,balanced,0.2,0.0,0,gaussian,0.2,isolated,uniform,2,0.2,20,False,500,49,,,911,920,core,residual_total
993,negative_control,10,main,N0X,1000,5,2,6,elliptical,normal,balanced,0.2,0.0,0,gaussian,0.2,isolated,uniform,2,0.2,20,False,500,49,,,921,930,core,residual_total
994,negative_control,10,main,N0X,1000,5,2,6,elliptical,normal,balanced,0.2,0.0,0,gaussian,0.2,isolated,uniform,2,0.2,20,False,500,49,,,931,940,core,residual_total
995,negative_control,10,main,N0X,1000,5,2,6,elliptical,normal,balanced,0.2,0.0,0,gaussian,0.2,isolated,uniform,2,0.2,20,False,500,49,,,941,950,core,residual_total
996,negative_control,10,main,N0X,1000,5,2,6,elliptical,normal,balanced,0.2,0.0,0,gaussian,0.2,isolated,uniform,2,0.2,20,False,500,49,,,951,960,core,residual_total
997,negative_control,10,main,N0X,1000,5,2,6,elliptical,normal,balanced,0.2,0.0,0,gaussian,0.2,isolated,uniform,2,0.2,20,False,500,49,,,961,970,core,residual_total
998,negative_control,10,main,N0X,1000,5,2,6,elliptical,normal,balanced,0.2,0.0,0,gaussian,0.2,isolated,uniform,2,0.2,20,False,500,49,,,971,980,core,residual_total
999,negative_control,10,main,N0X,1000,5,2,6,elliptical,normal,balanced,0.2,0.0,0,gaussian,0.2,isolated,uniform,2,0.2,20,False,500,49,,,981,990,core,residual_total
1000,negative_control,10,main,N0X,1000,5,2,6,elliptical,normal,balanced,0.2,0.0,0,gaussian,0.2,isolated,uniform,2,0.2,20,False,500,49,,,991,1000,core,residual_total
