task_id,study,cell_id,job_type,scenario_code,n,p,main_k,separation,main_structure,main_distribution,main_weights,residual_total,minority_ratio,q,minority_shape,minority_sd,minority_proximity,noise_type,k_fit,alpha_fit,restr_fact,auto_macro,nstart,null_reps,nstart_values,null_reps_values,rep_start,rep_end,method_set,factor_changed
1,stress,1,main,M1,1000,5,2,6,elliptical,normal,balanced,0.1,0.05,1,gaussian,0.2,isolated,uniform,2,0.1,20,False,500,49,,,1,10,core,baseline
2,stress,1,main,M1,1000,5,2,6,elliptical,normal,balanced,0.1,0.05,1,gaussian,0.2,isolated,uniform,2,0.1,20,False,500,49,,,11,20,core,baseline
3,stress,1,main,M1,1000,5,2,6,elliptical,normal,balanced,0.1,0.05,1,gaussian,0.2,isolated,uniform,2,0.1,20,False,500,49,,,21,30,core,baseline
4,stress,1,main,M1,1000,5,2,6,elliptical,normal,balanced,0.1,0.05,1,gaussian,0.2,isolated,uniform,2,0.1,20,False,500,49,,,31,40,core,baseline
5,stress,1,main,M1,1000,5,2,6,elliptical,normal,balanced,0.1,0.05,1,gaussian,0.2,isolated,uniform,2,0.1,20,False,500,49,,,41,50,core,baseline
6,stress,1,main,M1,1000,5,2,6,elliptical,normal,balanced,0.1,0.05,1,gaussian,0.2,isolated,uniform,2,0.1,20,False,500,49,,,51,60,core,baseline
7,stress,1,main,M1,1000,5,2,6,elliptical,normal,balanced,0.1,0.05,1,gaussian,0.2,isolated,uniform,2,0.1,20,False,500,49,,,61,70,core,baseline
8,stress,1,main,M1,1000,5,2,6,elliptical,normal,balanced,0.1,0.05,1,gaussian,0.2,isolated,uniform,2,0.1,20,False,500,49,,,71,80,core,baseline
9,stress,1,main,M1,1000,5,2,6,elliptical,normal,balanced,0.1,0.05,1,gaussian,0.2,isolated,uniform,2,0.1,20,False,500,49,,,81,90,core,baseline
10,stress,1,main,M1,1000,5,2,6,elliptical,normal,balanced,0.1,0.05,1,gaussian,0.2,isolated,uniform,2,0.1,20,False,500,49,,,91,100,core,baseline
11,stress,1,main,M1,1000,5,2,6,elliptical,normal,balanced,0.1,0.05,1,gaussian,0.2,isolated,uniform,2,0.1,20,False,500,49,,,101,110,core,baseline
12,stress,1,main,M1,1000,5,2,6,elliptical,normal,balanced,0.1,0.05,1,gaussian,0.2,isolated,uniform,2,0.1,20,False,500,49,,,111,120,core,baseline
13,stress,1,main,M1,1000,5,2,6,elliptical,normal,balanced,0.1,0.05,1,gaussian,0.2,isolated,uniform,2,0.1,20,False,500,49,,,121,130,core,baseline
14,stress,1,main,M1,1000,5,2,6,elliptical,normal,balanced,0.1,0.05,1,gaussian,0.2,isolated,uniform,2,0.1,20,False,500,49,,,131,140,core,baseline
15,stress,1,main,M1,1000,5,2,6,elliptical,normal,balanced,0.1,0.05,1,gaussian,0.2,isolated,uniform,2,0.1,20,False,500,49,,,141,150,core,baseline
16,stress,1,main,M1,1000,5,2,6,elliptical,normal,balanced,0.1,0.05,1,gaussian,0.2,isolated,uniform,2,0.1,20,False,500,49,,,151,160,core,baseline
17,stress,1,main,M1,1000,5,2,6,elliptical,normal,balanced,0.1,0.05,1,gaussian,0.2,isolated,uniform,2,0.1,20,False,500,49,,,161,170,core,baseline
18,stress,1,main,M1,1000,5,2,6,elliptical,normal,balanced,0.1,0.05,1,gaussian,0.2,isolated,uniform,2,0.1,20,False,500,49,,,171,180,core,baseline
19,stress,1,main,M1,1000,5,2,6,elliptical,normal,balanced,0.1,0.05,1,gaussian,0.2,isolated,uniform,2,0.1,20,False,500,49,,,181,190,core,baseline
20,stress,1,main,M1,1000,5,2,6,elliptical,normal,balanced,0.1,0.05,1,gaussian,0.2,isolated,uniform,2,0.1,20,False,500,49,,,191,200,core,baseline
21,stress,1,main,M1,1000,5,2,6,elliptical,normal,balanced,0.1,0.05,1,gaussian,0.2,isolated,uniform,2,0.1,20,False,500,49,,,201,210,core,baseline
22,stress,1,main,M1,1000,5,2,6,elliptical,normal,balanced,0.1,0.05,1,gaussian,0.2,isolated,uniform,2,0.1,20,False,500,49,,,211,220,core,baseline
23,stress,1,main,M1,1000,5,2,6,elliptical,normal,balanced,0.1,0.05,1,gaussian,0.2,isolated,uniform,2,0.1,20,False,500,49,,,221,230,core,baseline
24,stress,1,main,M1,1000,5,2,6,elliptical,normal,balanced,0.1,0.05,1,gaussian,0.2,isolated,uniform,2,0.1,20,False,500,49,,,231,240,core,baseline
25,stress,1,main,M1,1000,5,2,6,elliptical,normal,balanced,0.1,0.05,1,gaussian,0.2,isolated,uniform,2,0.1,20,False,500,49,,,241,250,core,baseline
26,stress,1,main,M1,1000,5,2,6,elliptical,normal,balanced,0.1,0.05,1,gaussian,0.2,isolated,uniform,2,0.1,20,False,500,49,,,251,260,core,baseline
27,stress,1,main,M1,1000,5,2,6,elliptical,normal,balanced,0.1,0.05,1,gaussian,0.2,isolated,uniform,2,0.1,20,False,500,49,,,261,270,core,baseline
28,stress,1,main,M1,1000,5,2,6,elliptical,normal,balanced,0.1,0.05,1,gaussian,0.2,isolated,uniform,2,0.1,20,False,500,49,,,271,280,core,baseline
29,stress,1,main,M1,1000,5,2,6,elliptical,normal,balanced,0.1,0.05,1,gaussian,0.2,isolated,uniform,2,0.1,20,False,500,49,,,281,290,core,baseline
30,stress,1,main,M1,1000,5,2,6,elliptical,normal,balanced,0.1,0.05,1,gaussian,0.2,isolated,uniform,2,0.1,20,False,500,49,,,291,300,core,baseline
31,stress,2,main,M1,300,5,2,6,elliptical,normal,balanced,0.1,0.05,1,gaussian,0.2,isolated,uniform,2,0.1,20,False,500,49,,,1,10,core,n
32,stress,2,main,M1,300,5,2,6,elliptical,normal,balanced,0.1,0.05,1,gaussian,0.2,isolated,uniform,2,0.1,20,False,500,49,,,11,20,core,n
33,stress,2,main,M1,300,5,2,6,elliptical,normal,balanced,0.1,0.05,1,gaussian,0.2,isolated,uniform,2,0.1,20,False,500,49,,,21,30,core,n
34,stress,2,main,M1,300,5,2,6,elliptical,normal,balanced,0.1,0.05,1,gaussian,0.2,isolated,uniform,2,0.1,20,False,500,49,,,31,40,core,n
35,stress,2,main,M1,300,5,2,6,elliptical,normal,balanced,0.1,0.05,1,gaussian,0.2,isolated,uniform,2,0.1,20,False,500,49,,,41,50,core,n
36,stress,2,main,M1,300,5,2,6,elliptical,normal,balanced,0.1,0.05,1,gaussian,0.2,isolated,uniform,2,0.1,20,False,500,49,,,51,60,core,n
37,stress,2,main,M1,300,5,2,6,elliptical,normal,balanced,0.1,0.05,1,gaussian,0.2,isolated,uniform,2,0.1,20,False,500,49,,,61,70,core,n
38,stress,2,main,M1,300,5,2,6,elliptical,normal,balanced,0.1,0.05,1,gaussian,0.2,isolated,uniform,2,0.1,20,False,500,49,,,71,80,core,n
39,stress,2,main,M1,300,5,2,6,elliptical,normal,balanced,0.1,0.05,1,gaussian,0.2,isolated,uniform,2,0.1,20,False,500,49,,,81,90,core,n
40,stress,2,main,M1,300,5,2,6,elliptical,normal,balanced,0.1,0.05,1,gaussian,0.2,isolated,uniform,2,0.1,20,False,500,49,,,91,100,core,n
41,stress,2,main,M1,300,5,2,6,elliptical,normal,balanced,0.1,0.05,1,gaussian,0.2,isolated,uniform,2,0.1,20,False,500,49,,,101,110,core,n
42,stress,2,main,M1,300,5,2,6,elliptical,normal,balanced,0.1,0.05,1,gaussian,0.2,isolated,uniform,2,0.1,20,False,500,49,,,111,120,core,n
43,stress,2,main,M1,300,5,2,6,elliptical,normal,balanced,0.1,0.05,1,gaussian,0.2,isolated,uniform,2,0.1,20,False,500,49,,,121,130,core,n
44,stress,2,main,M1,300,5,2,6,elliptical,normal,balanced,0.1,0.05,1,gaussian,0.2,isolated,uniform,2,0.1,20,False,500,49,,,131,140,core,n
45,stress,2,main,M1,300,5,2,6,elliptical,normal,balanced,0.1,0.05,1,gaussian,0.2,isolated,uniform,2,0.1,20,False,500,49,,,141,150,core,n
46,stress,2,main,M1,300,5,2,6,elliptical,normal,balanced,0.1,0.05,1,gaussian,0.2,isolated,uniform,2,0.1,20,False,500,49,,,151,160,core,n
47,stress,2,main,M1,300,5,2,6,elliptical,normal,balanced,0.1,0.05,1,gaussian,0.2,isolated,uniform,2,0.1,20,False,500,49,,,161,170,core,n
48,stress,2,main,M1,300,5,2,6,elliptical,normal,balanced,0.1,0.05,1,gaussian,0.2,isolated,uniform,2,0.1,20,False,500,49,,,171,180,core,n
49,stress,2,main,M1,300,5,2,6,elliptical,normal,balanced,0.1,0.05,1,gaussian,0.2,isolated,uniform,2,0.1,20,False,500,49,,,181,190,core,n
50,stress,2,main,M1,300,5,2,6,elliptical,normal,balanced,0.1,0.05,1,gaussian,0.2,isolated,uniform,2,0.1,20,False,500,49,,,191,200,core,n
51,stress,2,main,M1,300,5,2,6,elliptical,normal,balanced,0.1,0.05,1,gaussian,0.2,isolated,uniform,2,0.1,20,False,500,49,,,201,210,core,n
52,stress,2,main,M1,300,5,2,6,elliptical,normal,balanced,0.1,0.05,1,gaussian,0.2,isolated,uniform,2,0.1,20,False,500,49,,,211,220,core,n
53,stress,2,main,M1,300,5,2,6,elliptical,normal,balanced,0.1,0.05,1,gaussian,0.2,isolated,uniform,2,0.1,20,False,500,49,,,221,230,core,n
54,stress,2,main,M1,300,5,2,6,elliptical,normal,balanced,0.1,0.05,1,gaussian,0.2,isolated,uniform,2,0.1,20,False,500,49,,,231,240,core,n
55,stress,2,main,M1,300,5,2,6,elliptical,normal,balanced,0.1,0.05,1,gaussian,0.2,isolated,uniform,2,0.1,20,False,500,49,,,241,250,core,n
56,stress,2,main,M1,300,5,2,6,elliptical,normal,balanced,0.1,0.05,1,gaussian,0.2,isolated,uniform,2,0.1,20,False,500,49,,,251,260,core,n
57,stress,2,main,M1,300,5,2,6,elliptical,normal,balanced,0.1,0.05,1,gaussian,0.2,isolated,uniform,2,0.1,20,False,500,49,,,261,270,core,n
58,stress,2,main,M1,300,5,2,6,elliptical,normal,balanced,0.1,0.05,1,gaussian,0.2,isolated,uniform,2,0.1,20,False,500,49,,,271,280,core,n
59,stress,2,main,M1,300,5,2,6,elliptical,normal,balanced,0.1,0.05,1,gaussian,0.2,isolated,uniform,2,0.1,20,False,500,49,,,281,290,core,n
60,stress,2,main,M1,300,5,2,6,elliptical,normal,balanced,0.1,0.05,1,gaussian,0.2,isolated,uniform,2,0.1,20,False,500,49,,,291,300,core,n
61,stress,3,main,M1,500,5,2,6,elliptical,normal,balanced,0.1,0.05,1,gaussian,0.2,isolated,uniform,2,0.1,20,False,500,49,,,1,10,core,n
62,stress,3,main,M1,500,5,2,6,elliptical,normal,balanced,0.1,0.05,1,gaussian,0.2,isolated,uniform,2,0.1,20,False,500,49,,,11,20,core,n
63,stress,3,main,M1,500,5,2,6,elliptical,normal,balanced,0.1,0.05,1,gaussian,0.2,isolated,uniform,2,0.1,20,False,500,49,,,21,30,core,n
64,stress,3,main,M1,500,5,2,6,elliptical,normal,balanced,0.1,0.05,1,gaussian,0.2,isolated,uniform,2,0.1,20,False,500,49,,,31,40,core,n
65,stress,3,main,M1,500,5,2,6,elliptical,normal,balanced,0.1,0.05,1,gaussian,0.2,isolated,uniform,2,0.1,20,False,500,49,,,41,50,core,n
66,stress,3,main,M1,500,5,2,6,elliptical,normal,balanced,0.1,0.05,1,gaussian,0.2,isolated,uniform,2,0.1,20,False,500,49,,,51,60,core,n
67,stress,3,main,M1,500,5,2,6,elliptical,normal,balanced,0.1,0.05,1,gaussian,0.2,isolated,uniform,2,0.1,20,False,500,49,,,61,70,core,n
68,stress,3,main,M1,500,5,2,6,elliptical,normal,balanced,0.1,0.05,1,gaussian,0.2,isolated,uniform,2,0.1,20,False,500,49,,,71,80,core,n
69,stress,3,main,M1,500,5,2,6,elliptical,normal,balanced,0.1,0.05,1,gaussian,0.2,isolated,uniform,2,0.1,20,False,500,49,,,81,90,core,n
70,stress,3,main,M1,500,5,2,6,elliptical,normal,balanced,0.1,0.05,1,gaussian,0.2,isolated,uniform,2,0.1,20,False,500,49,,,91,100,core,n
71,stress,3,main,M1,500,5,2,6,elliptical,normal,balanced,0.1,0.05,1,gaussian,0.2,isolated,uniform,2,0.1,20,False,500,49,,,101,110,core,n
72,stress,3,main,M1,500,5,2,6,elliptical,normal,balanced,0.1,0.05,1,gaussian,0.2,isolated,uniform,2,0.1,20,False,500,49,,,111,120,core,n
73,stress,3,main,M1,500,5,2,6,elliptical,normal,balanced,0.1,0.05,1,gaussian,0.2,isolated,uniform,2,0.1,20,False,500,49,,,121,130,core,n
74,stress,3,main,M1,500,5,2,6,elliptical,normal,balanced,0.1,0.05,1,gaussian,0.2,isolated,uniform,2,0.1,20,False,500,49,,,131,140,core,n
75,stress,3,main,M1,500,5,2,6,elliptical,normal,balanced,0.1,0.05,1,gaussian,0.2,isolated,uniform,2,0.1,20,False,500,49,,,141,150,core,n
76,stress,3,main,M1,500,5,2,6,elliptical,normal,balanced,0.1,0.05,1,gaussian,0.2,isolated,uniform,2,0.1,20,False,500,49,,,151,160,core,n
77,stress,3,main,M1,500,5,2,6,elliptical,normal,balanced,0.1,0.05,1,gaussian,0.2,isolated,uniform,2,0.1,20,False,500,49,,,161,170,core,n
78,stress,3,main,M1,500,5,2,6,elliptical,normal,balanced,0.1,0.05,1,gaussian,0.2,isolated,uniform,2,0.1,20,False,500,49,,,171,180,core,n
79,stress,3,main,M1,500,5,2,6,elliptical,normal,balanced,0.1,0.05,1,gaussian,0.2,isolated,uniform,2,0.1,20,False,500,49,,,181,190,core,n
80,stress,3,main,M1,500,5,2,6,elliptical,normal,balanced,0.1,0.05,1,gaussian,0.2,isolated,uniform,2,0.1,20,False,500,49,,,191,200,core,n
81,stress,3,main,M1,500,5,2,6,elliptical,normal,balanced,0.1,0.05,1,gaussian,0.2,isolated,uniform,2,0.1,20,False,500,49,,,201,210,core,n
82,stress,3,main,M1,500,5,2,6,elliptical,normal,balanced,0.1,0.05,1,gaussian,0.2,isolated,uniform,2,0.1,20,False,500,49,,,211,220,core,n
83,stress,3,main,M1,500,5,2,6,elliptical,normal,balanced,0.1,0.05,1,gaussian,0.2,isolated,uniform,2,0.1,20,False,500,49,,,221,230,core,n
84,stress,3,main,M1,500,5,2,6,elliptical,normal,balanced,0.1,0.05,1,gaussian,0.2,isolated,uniform,2,0.1,20,False,500,49,,,231,240,core,n
85,stress,3,main,M1,500,5,2,6,elliptical,normal,balanced,0.1,0.05,1,gaussian,0.2,isolated,uniform,2,0.1,20,False,500,49,,,241,250,core,n
86,stress,3,main,M1,500,5,2,6,elliptical,normal,balanced,0.1,0.05,1,gaussian,0.2,isolated,uniform,2,0.1,20,False,500,49,,,251,260,core,n
87,stress,3,main,M1,500,5,2,6,elliptical,normal,balanced,0.1,0.05,1,gaussian,0.2,isolated,uniform,2,0.1,20,False,500,49,,,261,270,core,n
88,stress,3,main,M1,500,5,2,6,elliptical,normal,balanced,0.1,0.05,1,gaussian,0.2,isolated,uniform,2,0.1,20,False,500,49,,,271,280,core,n
89,stress,3,main,M1,500,5,2,6,elliptical,normal,balanced,0.1,0.05,1,gaussian,0.2,isolated,uniform,2,0.1,20,False,500,49,,,281,290,core,n
90,stress,3,main,M1,500,5,2,6,elliptical,normal,balanced,0.1,0.05,1,gaussian,0.2,isolated,uniform,2,0.1,20,False,500,49,,,291,300,core,n
91,stress,4,main,M1,3000,5,2,6,elliptical,normal,balanced,0.1,0.05,1,gaussian,0.2,isolated,uniform,2,0.1,20,False,500,49,,,1,10,core,n
92,stress,4,main,M1,3000,5,2,6,elliptical,normal,balanced,0.1,0.05,1,gaussian,0.2,isolated,uniform,2,0.1,20,False,500,49,,,11,20,core,n
93,stress,4,main,M1,3000,5,2,6,elliptical,normal,balanced,0.1,0.05,1,gaussian,0.2,isolated,uniform,2,0.1,20,False,500,49,,,21,30,core,n
94,stress,4,main,M1,3000,5,2,6,elliptical,normal,balanced,0.1,0.05,1,gaussian,0.2,isolated,uniform,2,0.1,20,False,500,49,,,31,40,core,n
95,stress,4,main,M1,3000,5,2,6,elliptical,normal,balanced,0.1,0.05,1,gaussian,0.2,isolated,uniform,2,0.1,20,False,500,49,,,41,50,core,n
96,stress,4,main,M1,3000,5,2,6,elliptical,normal,balanced,0.1,0.05,1,gaussian,0.2,isolated,uniform,2,0.1,20,False,500,49,,,51,60,core,n
97,stress,4,main,M1,3000,5,2,6,elliptical,normal,balanced,0.1,0.05,1,gaussian,0.2,isolated,uniform,2,0.1,20,False,500,49,,,61,70,core,n
98,stress,4,main,M1,3000,5,2,6,elliptical,normal,balanced,0.1,0.05,1,gaussian,0.2,isolated,uniform,2,0.1,20,False,500,49,,,71,80,core,n
99,stress,4,main,M1,3000,5,2,6,elliptical,normal,balanced,0.1,0.05,1,gaussian,0.2,isolated,uniform,2,0.1,20,False,500,49,,,81,90,core,n
100,stress,4,main,M1,3000,5,2,6,elliptical,normal,balanced,0.1,0.05,1,gaussian,0.2,isolated,uniform,2,0.1,20,False,500,49,,,91,100,core,n
101,stress,4,main,M1,3000,5,2,6,elliptical,normal,balanced,0.1,0.05,1,gaussian,0.2,isolated,uniform,2,0.1,20,False,500,49,,,101,110,core,n
102,stress,4,main,M1,3000,5,2,6,elliptical,normal,balanced,0.1,0.05,1,gaussian,0.2,isolated,uniform,2,0.1,20,False,500,49,,,111,120,core,n
103,stress,4,main,M1,3000,5,2,6,elliptical,normal,balanced,0.1,0.05,1,gaussian,0.2,isolated,uniform,2,0.1,20,False,500,49,,,121,130,core,n
104,stress,4,main,M1,3000,5,2,6,elliptical,normal,balanced,0.1,0.05,1,gaussian,0.2,isolated,uniform,2,0.1,20,False,500,49,,,131,140,core,n
105,stress,4,main,M1,3000,5,2,6,elliptical,normal,balanced,0.1,0.05,1,gaussian,0.2,isolated,uniform,2,0.1,20,False,500,49,,,141,150,core,n
106,stress,4,main,M1,3000,5,2,6,elliptical,normal,balanced,0.1,0.05,1,gaussian,0.2,isolated,uniform,2,0.1,20,False,500,49,,,151,160,core,n
107,stress,4,main,M1,3000,5,2,6,elliptical,normal,balanced,0.1,0.05,1,gaussian,0.2,isolated,uniform,2,0.1,20,False,500,49,,,161,170,core,n
108,stress,4,main,M1,3000,5,2,6,elliptical,normal,balanced,0.1,0.05,1,gaussian,0.2,isolated,uniform,2,0.1,20,False,500,49,,,171,180,core,n
109,stress,4,main,M1,3000,5,2,6,elliptical,normal,balanced,0.1,0.05,1,gaussian,0.2,isolated,uniform,2,0.1,20,False,500,49,,,181,190,core,n
110,stress,4,main,M1,3000,5,2,6,elliptical,normal,balanced,0.1,0.05,1,gaussian,0.2,isolated,uniform,2,0.1,20,False,500,49,,,191,200,core,n
111,stress,4,main,M1,3000,5,2,6,elliptical,normal,balanced,0.1,0.05,1,gaussian,0.2,isolated,uniform,2,0.1,20,False,500,49,,,201,210,core,n
112,stress,4,main,M1,3000,5,2,6,elliptical,normal,balanced,0.1,0.05,1,gaussian,0.2,isolated,uniform,2,0.1,20,False,500,49,,,211,220,core,n
113,stress,4,main,M1,3000,5,2,6,elliptical,normal,balanced,0.1,0.05,1,gaussian,0.2,isolated,uniform,2,0.1,20,False,500,49,,,221,230,core,n
114,stress,4,main,M1,3000,5,2,6,elliptical,normal,balanced,0.1,0.05,1,gaussian,0.2,isolated,uniform,2,0.1,20,False,500,49,,,231,240,core,n
115,stress,4,main,M1,3000,5,2,6,elliptical,normal,balanced,0.1,0.05,1,gaussian,0.2,isolated,uniform,2,0.1,20,False,500,49,,,241,250,core,n
116,stress,4,main,M1,3000,5,2,6,elliptical,normal,balanced,0.1,0.05,1,gaussian,0.2,isolated,uniform,2,0.1,20,False,500,49,,,251,260,core,n
117,stress,4,main,M1,3000,5,2,6,elliptical,normal,balanced,0.1,0.05,1,gaussian,0.2,isolated,uniform,2,0.1,20,False,500,49,,,261,270,core,n
118,stress,4,main,M1,3000,5,2,6,elliptical,normal,balanced,0.1,0.05,1,gaussian,0.2,isolated,uniform,2,0.1,20,False,500,49,,,271,280,core,n
119,stress,4,main,M1,3000,5,2,6,elliptical,normal,balanced,0.1,0.05,1,gaussian,0.2,isolated,uniform,2,0.1,20,False,500,49,,,281,290,core,n
120,stress,4,main,M1,3000,5,2,6,elliptical,normal,balanced,0.1,0.05,1,gaussian,0.2,isolated,uniform,2,0.1,20,False,500,49,,,291,300,core,n
121,stress,5,main,M1,1000,2,2,6,elliptical,normal,balanced,0.1,0.05,1,gaussian,0.2,isolated,uniform,2,0.1,20,False,500,49,,,1,10,core,p
122,stress,5,main,M1,1000,2,2,6,elliptical,normal,balanced,0.1,0.05,1,gaussian,0.2,isolated,uniform,2,0.1,20,False,500,49,,,11,20,core,p
123,stress,5,main,M1,1000,2,2,6,elliptical,normal,balanced,0.1,0.05,1,gaussian,0.2,isolated,uniform,2,0.1,20,False,500,49,,,21,30,core,p
124,stress,5,main,M1,1000,2,2,6,elliptical,normal,balanced,0.1,0.05,1,gaussian,0.2,isolated,uniform,2,0.1,20,False,500,49,,,31,40,core,p
125,stress,5,main,M1,1000,2,2,6,elliptical,normal,balanced,0.1,0.05,1,gaussian,0.2,isolated,uniform,2,0.1,20,False,500,49,,,41,50,core,p
126,stress,5,main,M1,1000,2,2,6,elliptical,normal,balanced,0.1,0.05,1,gaussian,0.2,isolated,uniform,2,0.1,20,False,500,49,,,51,60,core,p
127,stress,5,main,M1,1000,2,2,6,elliptical,normal,balanced,0.1,0.05,1,gaussian,0.2,isolated,uniform,2,0.1,20,False,500,49,,,61,70,core,p
128,stress,5,main,M1,1000,2,2,6,elliptical,normal,balanced,0.1,0.05,1,gaussian,0.2,isolated,uniform,2,0.1,20,False,500,49,,,71,80,core,p
129,stress,5,main,M1,1000,2,2,6,elliptical,normal,balanced,0.1,0.05,1,gaussian,0.2,isolated,uniform,2,0.1,20,False,500,49,,,81,90,core,p
130,stress,5,main,M1,1000,2,2,6,elliptical,normal,balanced,0.1,0.05,1,gaussian,0.2,isolated,uniform,2,0.1,20,False,500,49,,,91,100,core,p
131,stress,5,main,M1,1000,2,2,6,elliptical,normal,balanced,0.1,0.05,1,gaussian,0.2,isolated,uniform,2,0.1,20,False,500,49,,,101,110,core,p
132,stress,5,main,M1,1000,2,2,6,elliptical,normal,balanced,0.1,0.05,1,gaussian,0.2,isolated,uniform,2,0.1,20,False,500,49,,,111,120,core,p
133,stress,5,main,M1,1000,2,2,6,elliptical,normal,balanced,0.1,0.05,1,gaussian,0.2,isolated,uniform,2,0.1,20,False,500,49,,,121,130,core,p
134,stress,5,main,M1,1000,2,2,6,elliptical,normal,balanced,0.1,0.05,1,gaussian,0.2,isolated,uniform,2,0.1,20,False,500,49,,,131,140,core,p
135,stress,5,main,M1,1000,2,2,6,elliptical,normal,balanced,0.1,0.05,1,gaussian,0.2,isolated,uniform,2,0.1,20,False,500,49,,,141,150,core,p
136,stress,5,main,M1,1000,2,2,6,elliptical,normal,balanced,0.1,0.05,1,gaussian,0.2,isolated,uniform,2,0.1,20,False,500,49,,,151,160,core,p
137,stress,5,main,M1,1000,2,2,6,elliptical,normal,balanced,0.1,0.05,1,gaussian,0.2,isolated,uniform,2,0.1,20,False,500,49,,,161,170,core,p
138,stress,5,main,M1,1000,2,2,6,elliptical,normal,balanced,0.1,0.05,1,gaussian,0.2,isolated,uniform,2,0.1,20,False,500,49,,,171,180,core,p
139,stress,5,main,M1,1000,2,2,6,elliptical,normal,balanced,0.1,0.05,1,gaussian,0.2,isolated,uniform,2,0.1,20,False,500,49,,,181,190,core,p
140,stress,5,main,M1,1000,2,2,6,elliptical,normal,balanced,0.1,0.05,1,gaussian,0.2,isolated,uniform,2,0.1,20,False,500,49,,,191,200,core,p
141,stress,5,main,M1,1000,2,2,6,elliptical,normal,balanced,0.1,0.05,1,gaussian,0.2,isolated,uniform,2,0.1,20,False,500,49,,,201,210,core,p
142,stress,5,main,M1,1000,2,2,6,elliptical,normal,balanced,0.1,0.05,1,gaussian,0.2,isolated,uniform,2,0.1,20,False,500,49,,,211,220,core,p
143,stress,5,main,M1,1000,2,2,6,elliptical,normal,balanced,0.1,0.05,1,gaussian,0.2,isolated,uniform,2,0.1,20,False,500,49,,,221,230,core,p
144,stress,5,main,M1,1000,2,2,6,elliptical,normal,balanced,0.1,0.05,1,gaussian,0.2,isolated,uniform,2,0.1,20,False,500,49,,,231,240,core,p
145,stress,5,main,M1,1000,2,2,6,elliptical,normal,balanced,0.1,0.05,1,gaussian,0.2,isolated,uniform,2,0.1,20,False,500,49,,,241,250,core,p
146,stress,5,main,M1,1000,2,2,6,elliptical,normal,balanced,0.1,0.05,1,gaussian,0.2,isolated,uniform,2,0.1,20,False,500,49,,,251,260,core,p
147,stress,5,main,M1,1000,2,2,6,elliptical,normal,balanced,0.1,0.05,1,gaussian,0.2,isolated,uniform,2,0.1,20,False,500,49,,,261,270,core,p
148,stress,5,main,M1,1000,2,2,6,elliptical,normal,balanced,0.1,0.05,1,gaussian,0.2,isolated,uniform,2,0.1,20,False,500,49,,,271,280,core,p
149,stress,5,main,M1,1000,2,2,6,elliptical,normal,balanced,0.1,0.05,1,gaussian,0.2,isolated,uniform,2,0.1,20,False,500,49,,,281,290,core,p
150,stress,5,main,M1,1000,2,2,6,elliptical,normal,balanced,0.1,0.05,1,gaussian,0.2,isolated,uniform,2,0.1,20,False,500,49,,,291,300,core,p
151,stress,6,main,M1,1000,10,2,6,elliptical,normal,balanced,0.1,0.05,1,gaussian,0.2,isolated,uniform,2,0.1,20,False,500,49,,,1,10,core,p
152,stress,6,main,M1,1000,10,2,6,elliptical,normal,balanced,0.1,0.05,1,gaussian,0.2,isolated,uniform,2,0.1,20,False,500,49,,,11,20,core,p
153,stress,6,main,M1,1000,10,2,6,elliptical,normal,balanced,0.1,0.05,1,gaussian,0.2,isolated,uniform,2,0.1,20,False,500,49,,,21,30,core,p
154,stress,6,main,M1,1000,10,2,6,elliptical,normal,balanced,0.1,0.05,1,gaussian,0.2,isolated,uniform,2,0.1,20,False,500,49,,,31,40,core,p
155,stress,6,main,M1,1000,10,2,6,elliptical,normal,balanced,0.1,0.05,1,gaussian,0.2,isolated,uniform,2,0.1,20,False,500,49,,,41,50,core,p
156,stress,6,main,M1,1000,10,2,6,elliptical,normal,balanced,0.1,0.05,1,gaussian,0.2,isolated,uniform,2,0.1,20,False,500,49,,,51,60,core,p
157,stress,6,main,M1,1000,10,2,6,elliptical,normal,balanced,0.1,0.05,1,gaussian,0.2,isolated,uniform,2,0.1,20,False,500,49,,,61,70,core,p
158,stress,6,main,M1,1000,10,2,6,elliptical,normal,balanced,0.1,0.05,1,gaussian,0.2,isolated,uniform,2,0.1,20,False,500,49,,,71,80,core,p
159,stress,6,main,M1,1000,10,2,6,elliptical,normal,balanced,0.1,0.05,1,gaussian,0.2,isolated,uniform,2,0.1,20,False,500,49,,,81,90,core,p
160,stress,6,main,M1,1000,10,2,6,elliptical,normal,balanced,0.1,0.05,1,gaussian,0.2,isolated,uniform,2,0.1,20,False,500,49,,,91,100,core,p
161,stress,6,main,M1,1000,10,2,6,elliptical,normal,balanced,0.1,0.05,1,gaussian,0.2,isolated,uniform,2,0.1,20,False,500,49,,,101,110,core,p
162,stress,6,main,M1,1000,10,2,6,elliptical,normal,balanced,0.1,0.05,1,gaussian,0.2,isolated,uniform,2,0.1,20,False,500,49,,,111,120,core,p
163,stress,6,main,M1,1000,10,2,6,elliptical,normal,balanced,0.1,0.05,1,gaussian,0.2,isolated,uniform,2,0.1,20,False,500,49,,,121,130,core,p
164,stress,6,main,M1,1000,10,2,6,elliptical,normal,balanced,0.1,0.05,1,gaussian,0.2,isolated,uniform,2,0.1,20,False,500,49,,,131,140,core,p
165,stress,6,main,M1,1000,10,2,6,elliptical,normal,balanced,0.1,0.05,1,gaussian,0.2,isolated,uniform,2,0.1,20,False,500,49,,,141,150,core,p
166,stress,6,main,M1,1000,10,2,6,elliptical,normal,balanced,0.1,0.05,1,gaussian,0.2,isolated,uniform,2,0.1,20,False,500,49,,,151,160,core,p
167,stress,6,main,M1,1000,10,2,6,elliptical,normal,balanced,0.1,0.05,1,gaussian,0.2,isolated,uniform,2,0.1,20,False,500,49,,,161,170,core,p
168,stress,6,main,M1,1000,10,2,6,elliptical,normal,balanced,0.1,0.05,1,gaussian,0.2,isolated,uniform,2,0.1,20,False,500,49,,,171,180,core,p
169,stress,6,main,M1,1000,10,2,6,elliptical,normal,balanced,0.1,0.05,1,gaussian,0.2,isolated,uniform,2,0.1,20,False,500,49,,,181,190,core,p
170,stress,6,main,M1,1000,10,2,6,elliptical,normal,balanced,0.1,0.05,1,gaussian,0.2,isolated,uniform,2,0.1,20,False,500,49,,,191,200,core,p
171,stress,6,main,M1,1000,10,2,6,elliptical,normal,balanced,0.1,0.05,1,gaussian,0.2,isolated,uniform,2,0.1,20,False,500,49,,,201,210,core,p
172,stress,6,main,M1,1000,10,2,6,elliptical,normal,balanced,0.1,0.05,1,gaussian,0.2,isolated,uniform,2,0.1,20,False,500,49,,,211,220,core,p
173,stress,6,main,M1,1000,10,2,6,elliptical,normal,balanced,0.1,0.05,1,gaussian,0.2,isolated,uniform,2,0.1,20,False,500,49,,,221,230,core,p
174,stress,6,main,M1,1000,10,2,6,elliptical,normal,balanced,0.1,0.05,1,gaussian,0.2,isolated,uniform,2,0.1,20,False,500,49,,,231,240,core,p
175,stress,6,main,M1,1000,10,2,6,elliptical,normal,balanced,0.1,0.05,1,gaussian,0.2,isolated,uniform,2,0.1,20,False,500,49,,,241,250,core,p
176,stress,6,main,M1,1000,10,2,6,elliptical,normal,balanced,0.1,0.05,1,gaussian,0.2,isolated,uniform,2,0.1,20,False,500,49,,,251,260,core,p
177,stress,6,main,M1,1000,10,2,6,elliptical,normal,balanced,0.1,0.05,1,gaussian,0.2,isolated,uniform,2,0.1,20,False,500,49,,,261,270,core,p
178,stress,6,main,M1,1000,10,2,6,elliptical,normal,balanced,0.1,0.05,1,gaussian,0.2,isolated,uniform,2,0.1,20,False,500,49,,,271,280,core,p
179,stress,6,main,M1,1000,10,2,6,elliptical,normal,balanced,0.1,0.05,1,gaussian,0.2,isolated,uniform,2,0.1,20,False,500,49,,,281,290,core,p
180,stress,6,main,M1,1000,10,2,6,elliptical,normal,balanced,0.1,0.05,1,gaussian,0.2,isolated,uniform,2,0.1,20,False,500,49,,,291,300,core,p
181,stress,7,main,M1,1000,25,2,6,elliptical,normal,balanced,0.1,0.05,1,gaussian,0.2,isolated,uniform,2,0.1,20,False,500,49,,,1,10,core,p
182,stress,7,main,M1,1000,25,2,6,elliptical,normal,balanced,0.1,0.05,1,gaussian,0.2,isolated,uniform,2,0.1,20,False,500,49,,,11,20,core,p
183,stress,7,main,M1,1000,25,2,6,elliptical,normal,balanced,0.1,0.05,1,gaussian,0.2,isolated,uniform,2,0.1,20,False,500,49,,,21,30,core,p
184,stress,7,main,M1,1000,25,2,6,elliptical,normal,balanced,0.1,0.05,1,gaussian,0.2,isolated,uniform,2,0.1,20,False,500,49,,,31,40,core,p
185,stress,7,main,M1,1000,25,2,6,elliptical,normal,balanced,0.1,0.05,1,gaussian,0.2,isolated,uniform,2,0.1,20,False,500,49,,,41,50,core,p
186,stress,7,main,M1,1000,25,2,6,elliptical,normal,balanced,0.1,0.05,1,gaussian,0.2,isolated,uniform,2,0.1,20,False,500,49,,,51,60,core,p
187,stress,7,main,M1,1000,25,2,6,elliptical,normal,balanced,0.1,0.05,1,gaussian,0.2,isolated,uniform,2,0.1,20,False,500,49,,,61,70,core,p
188,stress,7,main,M1,1000,25,2,6,elliptical,normal,balanced,0.1,0.05,1,gaussian,0.2,isolated,uniform,2,0.1,20,False,500,49,,,71,80,core,p
189,stress,7,main,M1,1000,25,2,6,elliptical,normal,balanced,0.1,0.05,1,gaussian,0.2,isolated,uniform,2,0.1,20,False,500,49,,,81,90,core,p
190,stress,7,main,M1,1000,25,2,6,elliptical,normal,balanced,0.1,0.05,1,gaussian,0.2,isolated,uniform,2,0.1,20,False,500,49,,,91,100,core,p
191,stress,7,main,M1,1000,25,2,6,elliptical,normal,balanced,0.1,0.05,1,gaussian,0.2,isolated,uniform,2,0.1,20,False,500,49,,,101,110,core,p
192,stress,7,main,M1,1000,25,2,6,elliptical,normal,balanced,0.1,0.05,1,gaussian,0.2,isolated,uniform,2,0.1,20,False,500,49,,,111,120,core,p
193,stress,7,main,M1,1000,25,2,6,elliptical,normal,balanced,0.1,0.05,1,gaussian,0.2,isolated,uniform,2,0.1,20,False,500,49,,,121,130,core,p
194,stress,7,main,M1,1000,25,2,6,elliptical,normal,balanced,0.1,0.05,1,gaussian,0.2,isolated,uniform,2,0.1,20,False,500,49,,,131,140,core,p
195,stress,7,main,M1,1000,25,2,6,elliptical,normal,balanced,0.1,0.05,1,gaussian,0.2,isolated,uniform,2,0.1,20,False,500,49,,,141,150,core,p
196,stress,7,main,M1,1000,25,2,6,elliptical,normal,balanced,0.1,0.05,1,gaussian,0.2,isolated,uniform,2,0.1,20,False,500,49,,,151,160,core,p
197,stress,7,main,M1,1000,25,2,6,elliptical,normal,balanced,0.1,0.05,1,gaussian,0.2,isolated,uniform,2,0.1,20,False,500,49,,,161,170,core,p
198,stress,7,main,M1,1000,25,2,6,elliptical,normal,balanced,0.1,0.05,1,gaussian,0.2,isolated,uniform,2,0.1,20,False,500,49,,,171,180,core,p
199,stress,7,main,M1,1000,25,2,6,elliptical,normal,balanced,0.1,0.05,1,gaussian,0.2,isolated,uniform,2,0.1,20,False,500,49,,,181,190,core,p
200,stress,7,main,M1,1000,25,2,6,elliptical,normal,balanced,0.1,0.05,1,gaussian,0.2,isolated,uniform,2,0.1,20,False,500,49,,,191,200,core,p
201,stress,7,main,M1,1000,25,2,6,elliptical,normal,balanced,0.1,0.05,1,gaussian,0.2,isolated,uniform,2,0.1,20,False,500,49,,,201,210,core,p
202,stress,7,main,M1,1000,25,2,6,elliptical,normal,balanced,0.1,0.05,1,gaussian,0.2,isolated,uniform,2,0.1,20,False,500,49,,,211,220,core,p
203,stress,7,main,M1,1000,25,2,6,elliptical,normal,balanced,0.1,0.05,1,gaussian,0.2,isolated,uniform,2,0.1,20,False,500,49,,,221,230,core,p
204,stress,7,main,M1,1000,25,2,6,elliptical,normal,balanced,0.1,0.05,1,gaussian,0.2,isolated,uniform,2,0.1,20,False,500,49,,,231,240,core,p
205,stress,7,main,M1,1000,25,2,6,elliptical,normal,balanced,0.1,0.05,1,gaussian,0.2,isolated,uniform,2,0.1,20,False,500,49,,,241,250,core,p
206,stress,7,main,M1,1000,25,2,6,elliptical,normal,balanced,0.1,0.05,1,gaussian,0.2,isolated,uniform,2,0.1,20,False,500,49,,,251,260,core,p
207,stress,7,main,M1,1000,25,2,6,elliptical,normal,balanced,0.1,0.05,1,gaussian,0.2,isolated,uniform,2,0.1,20,False,500,49,,,261,270,core,p
208,stress,7,main,M1,1000,25,2,6,elliptical,normal,balanced,0.1,0.05,1,gaussian,0.2,isolated,uniform,2,0.1,20,False,500,49,,,271,280,core,p
209,stress,7,main,M1,1000,25,2,6,elliptical,normal,balanced,0.1,0.05,1,gaussian,0.2,isolated,uniform,2,0.1,20,False,500,49,,,281,290,core,p
210,stress,7,main,M1,1000,25,2,6,elliptical,normal,balanced,0.1,0.05,1,gaussian,0.2,isolated,uniform,2,0.1,20,False,500,49,,,291,300,core,p
211,stress,8,main,M1,1000,50,2,6,elliptical,normal,balanced,0.1,0.05,1,gaussian,0.2,isolated,uniform,2,0.1,20,False,500,49,,,1,10,core,p
212,stress,8,main,M1,1000,50,2,6,elliptical,normal,balanced,0.1,0.05,1,gaussian,0.2,isolated,uniform,2,0.1,20,False,500,49,,,11,20,core,p
213,stress,8,main,M1,1000,50,2,6,elliptical,normal,balanced,0.1,0.05,1,gaussian,0.2,isolated,uniform,2,0.1,20,False,500,49,,,21,30,core,p
214,stress,8,main,M1,1000,50,2,6,elliptical,normal,balanced,0.1,0.05,1,gaussian,0.2,isolated,uniform,2,0.1,20,False,500,49,,,31,40,core,p
215,stress,8,main,M1,1000,50,2,6,elliptical,normal,balanced,0.1,0.05,1,gaussian,0.2,isolated,uniform,2,0.1,20,False,500,49,,,41,50,core,p
216,stress,8,main,M1,1000,50,2,6,elliptical,normal,balanced,0.1,0.05,1,gaussian,0.2,isolated,uniform,2,0.1,20,False,500,49,,,51,60,core,p
217,stress,8,main,M1,1000,50,2,6,elliptical,normal,balanced,0.1,0.05,1,gaussian,0.2,isolated,uniform,2,0.1,20,False,500,49,,,61,70,core,p
218,stress,8,main,M1,1000,50,2,6,elliptical,normal,balanced,0.1,0.05,1,gaussian,0.2,isolated,uniform,2,0.1,20,False,500,49,,,71,80,core,p
219,stress,8,main,M1,1000,50,2,6,elliptical,normal,balanced,0.1,0.05,1,gaussian,0.2,isolated,uniform,2,0.1,20,False,500,49,,,81,90,core,p
220,stress,8,main,M1,1000,50,2,6,elliptical,normal,balanced,0.1,0.05,1,gaussian,0.2,isolated,uniform,2,0.1,20,False,500,49,,,91,100,core,p
221,stress,8,main,M1,1000,50,2,6,elliptical,normal,balanced,0.1,0.05,1,gaussian,0.2,isolated,uniform,2,0.1,20,False,500,49,,,101,110,core,p
222,stress,8,main,M1,1000,50,2,6,elliptical,normal,balanced,0.1,0.05,1,gaussian,0.2,isolated,uniform,2,0.1,20,False,500,49,,,111,120,core,p
223,stress,8,main,M1,1000,50,2,6,elliptical,normal,balanced,0.1,0.05,1,gaussian,0.2,isolated,uniform,2,0.1,20,False,500,49,,,121,130,core,p
224,stress,8,main,M1,1000,50,2,6,elliptical,normal,balanced,0.1,0.05,1,gaussian,0.2,isolated,uniform,2,0.1,20,False,500,49,,,131,140,core,p
225,stress,8,main,M1,1000,50,2,6,elliptical,normal,balanced,0.1,0.05,1,gaussian,0.2,isolated,uniform,2,0.1,20,False,500,49,,,141,150,core,p
226,stress,8,main,M1,1000,50,2,6,elliptical,normal,balanced,0.1,0.05,1,gaussian,0.2,isolated,uniform,2,0.1,20,False,500,49,,,151,160,core,p
227,stress,8,main,M1,1000,50,2,6,elliptical,normal,balanced,0.1,0.05,1,gaussian,0.2,isolated,uniform,2,0.1,20,False,500,49,,,161,170,core,p
228,stress,8,main,M1,1000,50,2,6,elliptical,normal,balanced,0.1,0.05,1,gaussian,0.2,isolated,uniform,2,0.1,20,False,500,49,,,171,180,core,p
229,stress,8,main,M1,1000,50,2,6,elliptical,normal,balanced,0.1,0.05,1,gaussian,0.2,isolated,uniform,2,0.1,20,False,500,49,,,181,190,core,p
230,stress,8,main,M1,1000,50,2,6,elliptical,normal,balanced,0.1,0.05,1,gaussian,0.2,isolated,uniform,2,0.1,20,False,500,49,,,191,200,core,p
231,stress,8,main,M1,1000,50,2,6,elliptical,normal,balanced,0.1,0.05,1,gaussian,0.2,isolated,uniform,2,0.1,20,False,500,49,,,201,210,core,p
232,stress,8,main,M1,1000,50,2,6,elliptical,normal,balanced,0.1,0.05,1,gaussian,0.2,isolated,uniform,2,0.1,20,False,500,49,,,211,220,core,p
233,stress,8,main,M1,1000,50,2,6,elliptical,normal,balanced,0.1,0.05,1,gaussian,0.2,isolated,uniform,2,0.1,20,False,500,49,,,221,230,core,p
234,stress,8,main,M1,1000,50,2,6,elliptical,normal,balanced,0.1,0.05,1,gaussian,0.2,isolated,uniform,2,0.1,20,False,500,49,,,231,240,core,p
235,stress,8,main,M1,1000,50,2,6,elliptical,normal,balanced,0.1,0.05,1,gaussian,0.2,isolated,uniform,2,0.1,20,False,500,49,,,241,250,core,p
236,stress,8,main,M1,1000,50,2,6,elliptical,normal,balanced,0.1,0.05,1,gaussian,0.2,isolated,uniform,2,0.1,20,False,500,49,,,251,260,core,p
237,stress,8,main,M1,1000,50,2,6,elliptical,normal,balanced,0.1,0.05,1,gaussian,0.2,isolated,uniform,2,0.1,20,False,500,49,,,261,270,core,p
238,stress,8,main,M1,1000,50,2,6,elliptical,normal,balanced,0.1,0.05,1,gaussian,0.2,isolated,uniform,2,0.1,20,False,500,49,,,271,280,core,p
239,stress,8,main,M1,1000,50,2,6,elliptical,normal,balanced,0.1,0.05,1,gaussian,0.2,isolated,uniform,2,0.1,20,False,500,49,,,281,290,core,p
240,stress,8,main,M1,1000,50,2,6,elliptical,normal,balanced,0.1,0.05,1,gaussian,0.2,isolated,uniform,2,0.1,20,False,500,49,,,291,300,core,p
241,stress,9,main,M1,1000,5,4,6,elliptical,normal,balanced,0.1,0.05,1,gaussian,0.2,isolated,uniform,4,0.1,20,False,500,49,,,1,10,core,main_k
242,stress,9,main,M1,1000,5,4,6,elliptical,normal,balanced,0.1,0.05,1,gaussian,0.2,isolated,uniform,4,0.1,20,False,500,49,,,11,20,core,main_k
243,stress,9,main,M1,1000,5,4,6,elliptical,normal,balanced,0.1,0.05,1,gaussian,0.2,isolated,uniform,4,0.1,20,False,500,49,,,21,30,core,main_k
244,stress,9,main,M1,1000,5,4,6,elliptical,normal,balanced,0.1,0.05,1,gaussian,0.2,isolated,uniform,4,0.1,20,False,500,49,,,31,40,core,main_k
245,stress,9,main,M1,1000,5,4,6,elliptical,normal,balanced,0.1,0.05,1,gaussian,0.2,isolated,uniform,4,0.1,20,False,500,49,,,41,50,core,main_k
246,stress,9,main,M1,1000,5,4,6,elliptical,normal,balanced,0.1,0.05,1,gaussian,0.2,isolated,uniform,4,0.1,20,False,500,49,,,51,60,core,main_k
247,stress,9,main,M1,1000,5,4,6,elliptical,normal,balanced,0.1,0.05,1,gaussian,0.2,isolated,uniform,4,0.1,20,False,500,49,,,61,70,core,main_k
248,stress,9,main,M1,1000,5,4,6,elliptical,normal,balanced,0.1,0.05,1,gaussian,0.2,isolated,uniform,4,0.1,20,False,500,49,,,71,80,core,main_k
249,stress,9,main,M1,1000,5,4,6,elliptical,normal,balanced,0.1,0.05,1,gaussian,0.2,isolated,uniform,4,0.1,20,False,500,49,,,81,90,core,main_k
250,stress,9,main,M1,1000,5,4,6,elliptical,normal,balanced,0.1,0.05,1,gaussian,0.2,isolated,uniform,4,0.1,20,False,500,49,,,91,100,core,main_k
251,stress,9,main,M1,1000,5,4,6,elliptical,normal,balanced,0.1,0.05,1,gaussian,0.2,isolated,uniform,4,0.1,20,False,500,49,,,101,110,core,main_k
252,stress,9,main,M1,1000,5,4,6,elliptical,normal,balanced,0.1,0.05,1,gaussian,0.2,isolated,uniform,4,0.1,20,False,500,49,,,111,120,core,main_k
253,stress,9,main,M1,1000,5,4,6,elliptical,normal,balanced,0.1,0.05,1,gaussian,0.2,isolated,uniform,4,0.1,20,False,500,49,,,121,130,core,main_k
254,stress,9,main,M1,1000,5,4,6,elliptical,normal,balanced,0.1,0.05,1,gaussian,0.2,isolated,uniform,4,0.1,20,False,500,49,,,131,140,core,main_k
255,stress,9,main,M1,1000,5,4,6,elliptical,normal,balanced,0.1,0.05,1,gaussian,0.2,isolated,uniform,4,0.1,20,False,500,49,,,141,150,core,main_k
256,stress,9,main,M1,1000,5,4,6,elliptical,normal,balanced,0.1,0.05,1,gaussian,0.2,isolated,uniform,4,0.1,20,False,500,49,,,151,160,core,main_k
257,stress,9,main,M1,1000,5,4,6,elliptical,normal,balanced,0.1,0.05,1,gaussian,0.2,isolated,uniform,4,0.1,20,False,500,49,,,161,170,core,main_k
258,stress,9,main,M1,1000,5,4,6,elliptical,normal,balanced,0.1,0.05,1,gaussian,0.2,isolated,uniform,4,0.1,20,False,500,49,,,171,180,core,main_k
259,stress,9,main,M1,1000,5,4,6,elliptical,normal,balanced,0.1,0.05,1,gaussian,0.2,isolated,uniform,4,0.1,20,False,500,49,,,181,190,core,main_k
260,stress,9,main,M1,1000,5,4,6,elliptical,normal,balanced,0.1,0.05,1,gaussian,0.2,isolated,uniform,4,0.1,20,False,500,49,,,191,200,core,main_k
261,stress,9,main,M1,1000,5,4,6,elliptical,normal,balanced,0.1,0.05,1,gaussian,0.2,isolated,uniform,4,0.1,20,False,500,49,,,201,210,core,main_k
262,stress,9,main,M1,1000,5,4,6,elliptical,normal,balanced,0.1,0.05,1,gaussian,0.2,isolated,uniform,4,0.1,20,False,500,49,,,211,220,core,main_k
263,stress,9,main,M1,1000,5,4,6,elliptical,normal,balanced,0.1,0.05,1,gaussian,0.2,isolated,uniform,4,0.1,20,False,500,49,,,221,230,core,main_k
264,stress,9,main,M1,1000,5,4,6,elliptical,normal,balanced,0.1,0.05,1,gaussian,0.2,isolated,uniform,4,0.1,20,False,500,49,,,231,240,core,main_k
265,stress,9,main,M1,1000,5,4,6,elliptical,normal,balanced,0.1,0.05,1,gaussian,0.2,isolated,uniform,4,0.1,20,False,500,49,,,241,250,core,main_k
266,stress,9,main,M1,1000,5,4,6,elliptical,normal,balanced,0.1,0.05,1,gaussian,0.2,isolated,uniform,4,0.1,20,False,500,49,,,251,260,core,main_k
267,stress,9,main,M1,1000,5,4,6,elliptical,normal,balanced,0.1,0.05,1,gaussian,0.2,isolated,uniform,4,0.1,20,False,500,49,,,261,270,core,main_k
268,stress,9,main,M1,1000,5,4,6,elliptical,normal,balanced,0.1,0.05,1,gaussian,0.2,isolated,uniform,4,0.1,20,False,500,49,,,271,280,core,main_k
269,stress,9,main,M1,1000,5,4,6,elliptical,normal,balanced,0.1,0.05,1,gaussian,0.2,isolated,uniform,4,0.1,20,False,500,49,,,281,290,core,main_k
270,stress,9,main,M1,1000,5,4,6,elliptical,normal,balanced,0.1,0.05,1,gaussian,0.2,isolated,uniform,4,0.1,20,False,500,49,,,291,300,core,main_k
271,stress,10,main,M1,1000,5,2,6,elliptical,normal,imbalanced,0.1,0.05,1,gaussian,0.2,isolated,uniform,2,0.1,20,False,500,49,,,1,10,core,main_weights
272,stress,10,main,M1,1000,5,2,6,elliptical,normal,imbalanced,0.1,0.05,1,gaussian,0.2,isolated,uniform,2,0.1,20,False,500,49,,,11,20,core,main_weights
273,stress,10,main,M1,1000,5,2,6,elliptical,normal,imbalanced,0.1,0.05,1,gaussian,0.2,isolated,uniform,2,0.1,20,False,500,49,,,21,30,core,main_weights
274,stress,10,main,M1,1000,5,2,6,elliptical,normal,imbalanced,0.1,0.05,1,gaussian,0.2,isolated,uniform,2,0.1,20,False,500,49,,,31,40,core,main_weights
275,stress,10,main,M1,1000,5,2,6,elliptical,normal,imbalanced,0.1,0.05,1,gaussian,0.2,isolated,uniform,2,0.1,20,False,500,49,,,41,50,core,main_weights
276,stress,10,main,M1,1000,5,2,6,elliptical,normal,imbalanced,0.1,0.05,1,gaussian,0.2,isolated,uniform,2,0.1,20,False,500,49,,,51,60,core,main_weights
277,stress,10,main,M1,1000,5,2,6,elliptical,normal,imbalanced,0.1,0.05,1,gaussian,0.2,isolated,uniform,2,0.1,20,False,500,49,,,61,70,core,main_weights
278,stress,10,main,M1,1000,5,2,6,elliptical,normal,imbalanced,0.1,0.05,1,gaussian,0.2,isolated,uniform,2,0.1,20,False,500,49,,,71,80,core,main_weights
279,stress,10,main,M1,1000,5,2,6,elliptical,normal,imbalanced,0.1,0.05,1,gaussian,0.2,isolated,uniform,2,0.1,20,False,500,49,,,81,90,core,main_weights
280,stress,10,main,M1,1000,5,2,6,elliptical,normal,imbalanced,0.1,0.05,1,gaussian,0.2,isolated,uniform,2,0.1,20,False,500,49,,,91,100,core,main_weights
281,stress,10,main,M1,1000,5,2,6,elliptical,normal,imbalanced,0.1,0.05,1,gaussian,0.2,isolated,uniform,2,0.1,20,False,500,49,,,101,110,core,main_weights
282,stress,10,main,M1,1000,5,2,6,elliptical,normal,imbalanced,0.1,0.05,1,gaussian,0.2,isolated,uniform,2,0.1,20,False,500,49,,,111,120,core,main_weights
283,stress,10,main,M1,1000,5,2,6,elliptical,normal,imbalanced,0.1,0.05,1,gaussian,0.2,isolated,uniform,2,0.1,20,False,500,49,,,121,130,core,main_weights
284,stress,10,main,M1,1000,5,2,6,elliptical,normal,imbalanced,0.1,0.05,1,gaussian,0.2,isolated,uniform,2,0.1,20,False,500,49,,,131,140,core,main_weights
285,stress,10,main,M1,1000,5,2,6,elliptical,normal,imbalanced,0.1,0.05,1,gaussian,0.2,isolated,uniform,2,0.1,20,False,500,49,,,141,150,core,main_weights
286,stress,10,main,M1,1000,5,2,6,elliptical,normal,imbalanced,0.1,0.05,1,gaussian,0.2,isolated,uniform,2,0.1,20,False,500,49,,,151,160,core,main_weights
287,stress,10,main,M1,1000,5,2,6,elliptical,normal,imbalanced,0.1,0.05,1,gaussian,0.2,isolated,uniform,2,0.1,20,False,500,49,,,161,170,core,main_weights
288,stress,10,main,M1,1000,5,2,6,elliptical,normal,imbalanced,0.1,0.05,1,gaussian,0.2,isolated,uniform,2,0.1,20,False,500,49,,,171,180,core,main_weights
289,stress,10,main,M1,1000,5,2,6,elliptical,normal,imbalanced,0.1,0.05,1,gaussian,0.2,isolated,uniform,2,0.1,20,False,500,49,,,181,190,core,main_weights
290,stress,10,main,M1,1000,5,2,6,elliptical,normal,imbalanced,0.1,0.05,1,gaussian,0.2,isolated,uniform,2,0.1,20,False,500,49,,,191,200,core,main_weights
291,stress,10,main,M1,1000,5,2,6,elliptical,normal,imbalanced,0.1,0.05,1,gaussian,0.2,isolated,uniform,2,0.1,20,False,500,49,,,201,210,core,main_weights
292,stress,10,main,M1,1000,5,2,6,elliptical,normal,imbalanced,0.1,0.05,1,gaussian,0.2,isolated,uniform,2,0.1,20,False,500,49,,,211,220,core,main_weights
293,stress,10,main,M1,1000,5,2,6,elliptical,normal,imbalanced,0.1,0.05,1,gaussian,0.2,isolated,uniform,2,0.1,20,False,500,49,,,221,230,core,main_weights
294,stress,10,main,M1,1000,5,2,6,elliptical,normal,imbalanced,0.1,0.05,1,gaussian,0.2,isolated,uniform,2,0.1,20,False,500,49,,,231,240,core,main_weights
295,stress,10,main,M1,1000,5,2,6,elliptical,normal,imbalanced,0.1,0.05,1,gaussian,0.2,isolated,uniform,2,0.1,20,False,500,49,,,241,250,core,main_weights
296,stress,10,main,M1,1000,5,2,6,elliptical,normal,imbalanced,0.1,0.05,1,gaussian,0.2,isolated,uniform,2,0.1,20,False,500,49,,,251,260,core,main_weights
297,stress,10,main,M1,1000,5,2,6,elliptical,normal,imbalanced,0.1,0.05,1,gaussian,0.2,isolated,uniform,2,0.1,20,False,500,49,,,261,270,core,main_weights
298,stress,10,main,M1,1000,5,2,6,elliptical,normal,imbalanced,0.1,0.05,1,gaussian,0.2,isolated,uniform,2,0.1,20,False,500,49,,,271,280,core,main_weights
299,stress,10,main,M1,1000,5,2,6,elliptical,normal,imbalanced,0.1,0.05,1,gaussian,0.2,isolated,uniform,2,0.1,20,False,500,49,,,281,290,core,main_weights
300,stress,10,main,M1,1000,5,2,6,elliptical,normal,imbalanced,0.1,0.05,1,gaussian,0.2,isolated,uniform,2,0.1,20,False,500,49,,,291,300,core,main_weights
301,stress,11,main,M1,1000,5,2,4,elliptical,normal,balanced,0.1,0.05,1,gaussian,0.2,isolated,uniform,2,0.1,20,False,500,49,,,1,10,core,separation
302,stress,11,main,M1,1000,5,2,4,elliptical,normal,balanced,0.1,0.05,1,gaussian,0.2,isolated,uniform,2,0.1,20,False,500,49,,,11,20,core,separation
303,stress,11,main,M1,1000,5,2,4,elliptical,normal,balanced,0.1,0.05,1,gaussian,0.2,isolated,uniform,2,0.1,20,False,500,49,,,21,30,core,separation
304,stress,11,main,M1,1000,5,2,4,elliptical,normal,balanced,0.1,0.05,1,gaussian,0.2,isolated,uniform,2,0.1,20,False,500,49,,,31,40,core,separation
305,stress,11,main,M1,1000,5,2,4,elliptical,normal,balanced,0.1,0.05,1,gaussian,0.2,isolated,uniform,2,0.1,20,False,500,49,,,41,50,core,separation
306,stress,11,main,M1,1000,5,2,4,elliptical,normal,balanced,0.1,0.05,1,gaussian,0.2,isolated,uniform,2,0.1,20,False,500,49,,,51,60,core,separation
307,stress,11,main,M1,1000,5,2,4,elliptical,normal,balanced,0.1,0.05,1,gaussian,0.2,isolated,uniform,2,0.1,20,False,500,49,,,61,70,core,separation
308,stress,11,main,M1,1000,5,2,4,elliptical,normal,balanced,0.1,0.05,1,gaussian,0.2,isolated,uniform,2,0.1,20,False,500,49,,,71,80,core,separation
309,stress,11,main,M1,1000,5,2,4,elliptical,normal,balanced,0.1,0.05,1,gaussian,0.2,isolated,uniform,2,0.1,20,False,500,49,,,81,90,core,separation
310,stress,11,main,M1,1000,5,2,4,elliptical,normal,balanced,0.1,0.05,1,gaussian,0.2,isolated,uniform,2,0.1,20,False,500,49,,,91,100,core,separation
311,stress,11,main,M1,1000,5,2,4,elliptical,normal,balanced,0.1,0.05,1,gaussian,0.2,isolated,uniform,2,0.1,20,False,500,49,,,101,110,core,separation
312,stress,11,main,M1,1000,5,2,4,elliptical,normal,balanced,0.1,0.05,1,gaussian,0.2,isolated,uniform,2,0.1,20,False,500,49,,,111,120,core,separation
313,stress,11,main,M1,1000,5,2,4,elliptical,normal,balanced,0.1,0.05,1,gaussian,0.2,isolated,uniform,2,0.1,20,False,500,49,,,121,130,core,separation
314,stress,11,main,M1,1000,5,2,4,elliptical,normal,balanced,0.1,0.05,1,gaussian,0.2,isolated,uniform,2,0.1,20,False,500,49,,,131,140,core,separation
315,stress,11,main,M1,1000,5,2,4,elliptical,normal,balanced,0.1,0.05,1,gaussian,0.2,isolated,uniform,2,0.1,20,False,500,49,,,141,150,core,separation
316,stress,11,main,M1,1000,5,2,4,elliptical,normal,balanced,0.1,0.05,1,gaussian,0.2,isolated,uniform,2,0.1,20,False,500,49,,,151,160,core,separation
317,stress,11,main,M1,1000,5,2,4,elliptical,normal,balanced,0.1,0.05,1,gaussian,0.2,isolated,uniform,2,0.1,20,False,500,49,,,161,170,core,separation
318,stress,11,main,M1,1000,5,2,4,elliptical,normal,balanced,0.1,0.05,1,gaussian,0.2,isolated,uniform,2,0.1,20,False,500,49,,,171,180,core,separation
319,stress,11,main,M1,1000,5,2,4,elliptical,normal,balanced,0.1,0.05,1,gaussian,0.2,isolated,uniform,2,0.1,20,False,500,49,,,181,190,core,separation
320,stress,11,main,M1,1000,5,2,4,elliptical,normal,balanced,0.1,0.05,1,gaussian,0.2,isolated,uniform,2,0.1,20,False,500,49,,,191,200,core,separation
321,stress,11,main,M1,1000,5,2,4,elliptical,normal,balanced,0.1,0.05,1,gaussian,0.2,isolated,uniform,2,0.1,20,False,500,49,,,201,210,core,separation
322,stress,11,main,M1,1000,5,2,4,elliptical,normal,balanced,0.1,0.05,1,gaussian,0.2,isolated,uniform,2,0.1,20,False,500,49,,,211,220,core,separation
323,stress,11,main,M1,1000,5,2,4,elliptical,normal,balanced,0.1,0.05,1,gaussian,0.2,isolated,uniform,2,0.1,20,False,500,49,,,221,230,core,separation
324,stress,11,main,M1,1000,5,2,4,elliptical,normal,balanced,0.1,0.05,1,gaussian,0.2,isolated,uniform,2,0.1,20,False,500,49,,,231,240,core,separation
325,stress,11,main,M1,1000,5,2,4,elliptical,normal,balanced,0.1,0.05,1,gaussian,0.2,isolated,uniform,2,0.1,20,False,500,49,,,241,250,core,separation
326,stress,11,main,M1,1000,5,2,4,elliptical,normal,balanced,0.1,0.05,1,gaussian,0.2,isolated,uniform,2,0.1,20,False,500,49,,,251,260,core,separation
327,stress,11,main,M1,1000,5,2,4,elliptical,normal,balanced,0.1,0.05,1,gaussian,0.2,isolated,uniform,2,0.1,20,False,500,49,,,261,270,core,separation
328,stress,11,main,M1,1000,5,2,4,elliptical,normal,balanced,0.1,0.05,1,gaussian,0.2,isolated,uniform,2,0.1,20,False,500,49,,,271,280,core,separation
329,stress,11,main,M1,1000,5,2,4,elliptical,normal,balanced,0.1,0.05,1,gaussian,0.2,isolated,uniform,2,0.1,20,False,500,49,,,281,290,core,separation
330,stress,11,main,M1,1000,5,2,4,elliptical,normal,balanced,0.1,0.05,1,gaussian,0.2,isolated,uniform,2,0.1,20,False,500,49,,,291,300,core,separation
331,stress,12,main,M1,1000,5,2,8,elliptical,normal,balanced,0.1,0.05,1,gaussian,0.2,isolated,uniform,2,0.1,20,False,500,49,,,1,10,core,separation
332,stress,12,main,M1,1000,5,2,8,elliptical,normal,balanced,0.1,0.05,1,gaussian,0.2,isolated,uniform,2,0.1,20,False,500,49,,,11,20,core,separation
333,stress,12,main,M1,1000,5,2,8,elliptical,normal,balanced,0.1,0.05,1,gaussian,0.2,isolated,uniform,2,0.1,20,False,500,49,,,21,30,core,separation
334,stress,12,main,M1,1000,5,2,8,elliptical,normal,balanced,0.1,0.05,1,gaussian,0.2,isolated,uniform,2,0.1,20,False,500,49,,,31,40,core,separation
335,stress,12,main,M1,1000,5,2,8,elliptical,normal,balanced,0.1,0.05,1,gaussian,0.2,isolated,uniform,2,0.1,20,False,500,49,,,41,50,core,separation
336,stress,12,main,M1,1000,5,2,8,elliptical,normal,balanced,0.1,0.05,1,gaussian,0.2,isolated,uniform,2,0.1,20,False,500,49,,,51,60,core,separation
337,stress,12,main,M1,1000,5,2,8,elliptical,normal,balanced,0.1,0.05,1,gaussian,0.2,isolated,uniform,2,0.1,20,False,500,49,,,61,70,core,separation
338,stress,12,main,M1,1000,5,2,8,elliptical,normal,balanced,0.1,0.05,1,gaussian,0.2,isolated,uniform,2,0.1,20,False,500,49,,,71,80,core,separation
339,stress,12,main,M1,1000,5,2,8,elliptical,normal,balanced,0.1,0.05,1,gaussian,0.2,isolated,uniform,2,0.1,20,False,500,49,,,81,90,core,separation
340,stress,12,main,M1,1000,5,2,8,elliptical,normal,balanced,0.1,0.05,1,gaussian,0.2,isolated,uniform,2,0.1,20,False,500,49,,,91,100,core,separation
341,stress,12,main,M1,1000,5,2,8,elliptical,normal,balanced,0.1,0.05,1,gaussian,0.2,isolated,uniform,2,0.1,20,False,500,49,,,101,110,core,separation
342,stress,12,main,M1,1000,5,2,8,elliptical,normal,balanced,0.1,0.05,1,gaussian,0.2,isolated,uniform,2,0.1,20,False,500,49,,,111,120,core,separation
343,stress,12,main,M1,1000,5,2,8,elliptical,normal,balanced,0.1,0.05,1,gaussian,0.2,isolated,uniform,2,0.1,20,False,500,49,,,121,130,core,separation
344,stress,12,main,M1,1000,5,2,8,elliptical,normal,balanced,0.1,0.05,1,gaussian,0.2,isolated,uniform,2,0.1,20,False,500,49,,,131,140,core,separation
345,stress,12,main,M1,1000,5,2,8,elliptical,normal,balanced,0.1,0.05,1,gaussian,0.2,isolated,uniform,2,0.1,20,False,500,49,,,141,150,core,separation
346,stress,12,main,M1,1000,5,2,8,elliptical,normal,balanced,0.1,0.05,1,gaussian,0.2,isolated,uniform,2,0.1,20,False,500,49,,,151,160,core,separation
347,stress,12,main,M1,1000,5,2,8,elliptical,normal,balanced,0.1,0.05,1,gaussian,0.2,isolated,uniform,2,0.1,20,False,500,49,,,161,170,core,separation
348,stress,12,main,M1,1000,5,2,8,elliptical,normal,balanced,0.1,0.05,1,gaussian,0.2,isolated,uniform,2,0.1,20,False,500,49,,,171,180,core,separation
349,stress,12,main,M1,1000,5,2,8,elliptical,normal,balanced,0.1,0.05,1,gaussian,0.2,isolated,uniform,2,0.1,20,False,500,49,,,181,190,core,separation
350,stress,12,main,M1,1000,5,2,8,elliptical,normal,balanced,0.1,0.05,1,gaussian,0.2,isolated,uniform,2,0.1,20,False,500,49,,,191,200,core,separation
351,stress,12,main,M1,1000,5,2,8,elliptical,normal,balanced,0.1,0.05,1,gaussian,0.2,isolated,uniform,2,0.1,20,False,500,49,,,201,210,core,separation
352,stress,12,main,M1,1000,5,2,8,elliptical,normal,balanced,0.1,0.05,1,gaussian,0.2,isolated,uniform,2,0.1,20,False,500,49,,,211,220,core,separation
353,stress,12,main,M1,1000,5,2,8,elliptical,normal,balanced,0.1,0.05,1,gaussian,0.2,isolated,uniform,2,0.1,20,False,500,49,,,221,230,core,separation
354,stress,12,main,M1,1000,5,2,8,elliptical,normal,balanced,0.1,0.05,1,gaussian,0.2,isolated,uniform,2,0.1,20,False,500,49,,,231,240,core,separation
355,stress,12,main,M1,1000,5,2,8,elliptical,normal,balanced,0.1,0.05,1,gaussian,0.2,isolated,uniform,2,0.1,20,False,500,49,,,241,250,core,separation
356,stress,12,main,M1,1000,5,2,8,elliptical,normal,balanced,0.1,0.05,1,gaussian,0.2,isolated,uniform,2,0.1,20,False,500,49,,,251,260,core,separation
357,stress,12,main,M1,1000,5,2,8,elliptical,normal,balanced,0.1,0.05,1,gaussian,0.2,isolated,uniform,2,0.1,20,False,500,49,,,261,270,core,separation
358,stress,12,main,M1,1000,5,2,8,elliptical,normal,balanced,0.1,0.05,1,gaussian,0.2,isolated,uniform,2,0.1,20,False,500,49,,,271,280,core,separation
359,stress,12,main,M1,1000,5,2,8,elliptical,normal,balanced,0.1,0.05,1,gaussian,0.2,isolated,uniform,2,0.1,20,False,500,49,,,281,290,core,separation
360,stress,12,main,M1,1000,5,2,8,elliptical,normal,balanced,0.1,0.05,1,gaussian,0.2,isolated,uniform,2,0.1,20,False,500,49,,,291,300,core,separation
361,stress,13,main,M1,1000,5,2,6,spherical,normal,balanced,0.1,0.05,1,gaussian,0.2,isolated,uniform,2,0.1,20,False,500,49,,,1,10,core,main_structure
362,stress,13,main,M1,1000,5,2,6,spherical,normal,balanced,0.1,0.05,1,gaussian,0.2,isolated,uniform,2,0.1,20,False,500,49,,,11,20,core,main_structure
363,stress,13,main,M1,1000,5,2,6,spherical,normal,balanced,0.1,0.05,1,gaussian,0.2,isolated,uniform,2,0.1,20,False,500,49,,,21,30,core,main_structure
364,stress,13,main,M1,1000,5,2,6,spherical,normal,balanced,0.1,0.05,1,gaussian,0.2,isolated,uniform,2,0.1,20,False,500,49,,,31,40,core,main_structure
365,stress,13,main,M1,1000,5,2,6,spherical,normal,balanced,0.1,0.05,1,gaussian,0.2,isolated,uniform,2,0.1,20,False,500,49,,,41,50,core,main_structure
366,stress,13,main,M1,1000,5,2,6,spherical,normal,balanced,0.1,0.05,1,gaussian,0.2,isolated,uniform,2,0.1,20,False,500,49,,,51,60,core,main_structure
367,stress,13,main,M1,1000,5,2,6,spherical,normal,balanced,0.1,0.05,1,gaussian,0.2,isolated,uniform,2,0.1,20,False,500,49,,,61,70,core,main_structure
368,stress,13,main,M1,1000,5,2,6,spherical,normal,balanced,0.1,0.05,1,gaussian,0.2,isolated,uniform,2,0.1,20,False,500,49,,,71,80,core,main_structure
369,stress,13,main,M1,1000,5,2,6,spherical,normal,balanced,0.1,0.05,1,gaussian,0.2,isolated,uniform,2,0.1,20,False,500,49,,,81,90,core,main_structure
370,stress,13,main,M1,1000,5,2,6,spherical,normal,balanced,0.1,0.05,1,gaussian,0.2,isolated,uniform,2,0.1,20,False,500,49,,,91,100,core,main_structure
371,stress,13,main,M1,1000,5,2,6,spherical,normal,balanced,0.1,0.05,1,gaussian,0.2,isolated,uniform,2,0.1,20,False,500,49,,,101,110,core,main_structure
372,stress,13,main,M1,1000,5,2,6,spherical,normal,balanced,0.1,0.05,1,gaussian,0.2,isolated,uniform,2,0.1,20,False,500,49,,,111,120,core,main_structure
373,stress,13,main,M1,1000,5,2,6,spherical,normal,balanced,0.1,0.05,1,gaussian,0.2,isolated,uniform,2,0.1,20,False,500,49,,,121,130,core,main_structure
374,stress,13,main,M1,1000,5,2,6,spherical,normal,balanced,0.1,0.05,1,gaussian,0.2,isolated,uniform,2,0.1,20,False,500,49,,,131,140,core,main_structure
375,stress,13,main,M1,1000,5,2,6,spherical,normal,balanced,0.1,0.05,1,gaussian,0.2,isolated,uniform,2,0.1,20,False,500,49,,,141,150,core,main_structure
376,stress,13,main,M1,1000,5,2,6,spherical,normal,balanced,0.1,0.05,1,gaussian,0.2,isolated,uniform,2,0.1,20,False,500,49,,,151,160,core,main_structure
377,stress,13,main,M1,1000,5,2,6,spherical,normal,balanced,0.1,0.05,1,gaussian,0.2,isolated,uniform,2,0.1,20,False,500,49,,,161,170,core,main_structure
378,stress,13,main,M1,1000,5,2,6,spherical,normal,balanced,0.1,0.05,1,gaussian,0.2,isolated,uniform,2,0.1,20,False,500,49,,,171,180,core,main_structure
379,stress,13,main,M1,1000,5,2,6,spherical,normal,balanced,0.1,0.05,1,gaussian,0.2,isolated,uniform,2,0.1,20,False,500,49,,,181,190,core,main_structure
380,stress,13,main,M1,1000,5,2,6,spherical,normal,balanced,0.1,0.05,1,gaussian,0.2,isolated,uniform,2,0.1,20,False,500,49,,,191,200,core,main_structure
381,stress,13,main,M1,1000,5,2,6,spherical,normal,balanced,0.1,0.05,1,gaussian,0.2,isolated,uniform,2,0.1,20,False,500,49,,,201,210,core,main_structure
382,stress,13,main,M1,1000,5,2,6,spherical,normal,balanced,0.1,0.05,1,gaussian,0.2,isolated,uniform,2,0.1,20,False,500,49,,,211,220,core,main_structure
383,stress,13,main,M1,1000,5,2,6,spherical,normal,balanced,0.1,0.05,1,gaussian,0.2,isolated,uniform,2,0.1,20,False,500,49,,,221,230,core,main_structure
384,stress,13,main,M1,1000,5,2,6,spherical,normal,balanced,0.1,0.05,1,gaussian,0.2,isolated,uniform,2,0.1,20,False,500,49,,,231,240,core,main_structure
385,stress,13,main,M1,1000,5,2,6,spherical,normal,balanced,0.1,0.05,1,gaussian,0.2,isolated,uniform,2,0.1,20,False,500,49,,,241,250,core,main_structure
386,stress,13,main,M1,1000,5,2,6,spherical,normal,balanced,0.1,0.05,1,gaussian,0.2,isolated,uniform,2,0.1,20,False,500,49,,,251,260,core,main_structure
387,stress,13,main,M1,1000,5,2,6,spherical,normal,balanced,0.1,0.05,1,gaussian,0.2,isolated,uniform,2,0.1,20,False,500,49,,,261,270,core,main_structure
388,stress,13,main,M1,1000,5,2,6,spherical,normal,balanced,0.1,0.05,1,gaussian,0.2,isolated,uniform,2,0.1,20,False,500,49,,,271,280,core,main_structure
389,stress,13,main,M1,1000,5,2,6,spherical,normal,balanced,0.1,0.05,1,gaussian,0.2,isolated,uniform,2,0.1,20,False,500,49,,,281,290,core,main_structure
390,stress,13,main,M1,1000,5,2,6,spherical,normal,balanced,0.1,0.05,1,gaussian,0.2,isolated,uniform,2,0.1,20,False,500,49,,,291,300,core,main_structure
391,stress,14,main,M1,1000,5,2,6,elliptical,t5,balanced,0.1,0.05,1,gaussian,0.2,isolated,uniform,2,0.1,20,False,500,49,,,1,10,core,main_distribution
392,stress,14,main,M1,1000,5,2,6,elliptical,t5,balanced,0.1,0.05,1,gaussian,0.2,isolated,uniform,2,0.1,20,False,500,49,,,11,20,core,main_distribution
393,stress,14,main,M1,1000,5,2,6,elliptical,t5,balanced,0.1,0.05,1,gaussian,0.2,isolated,uniform,2,0.1,20,False,500,49,,,21,30,core,main_distribution
394,stress,14,main,M1,1000,5,2,6,elliptical,t5,balanced,0.1,0.05,1,gaussian,0.2,isolated,uniform,2,0.1,20,False,500,49,,,31,40,core,main_distribution
395,stress,14,main,M1,1000,5,2,6,elliptical,t5,balanced,0.1,0.05,1,gaussian,0.2,isolated,uniform,2,0.1,20,False,500,49,,,41,50,core,main_distribution
396,stress,14,main,M1,1000,5,2,6,elliptical,t5,balanced,0.1,0.05,1,gaussian,0.2,isolated,uniform,2,0.1,20,False,500,49,,,51,60,core,main_distribution
397,stress,14,main,M1,1000,5,2,6,elliptical,t5,balanced,0.1,0.05,1,gaussian,0.2,isolated,uniform,2,0.1,20,False,500,49,,,61,70,core,main_distribution
398,stress,14,main,M1,1000,5,2,6,elliptical,t5,balanced,0.1,0.05,1,gaussian,0.2,isolated,uniform,2,0.1,20,False,500,49,,,71,80,core,main_distribution
399,stress,14,main,M1,1000,5,2,6,elliptical,t5,balanced,0.1,0.05,1,gaussian,0.2,isolated,uniform,2,0.1,20,False,500,49,,,81,90,core,main_distribution
400,stress,14,main,M1,1000,5,2,6,elliptical,t5,balanced,0.1,0.05,1,gaussian,0.2,isolated,uniform,2,0.1,20,False,500,49,,,91,100,core,main_distribution
401,stress,14,main,M1,1000,5,2,6,elliptical,t5,balanced,0.1,0.05,1,gaussian,0.2,isolated,uniform,2,0.1,20,False,500,49,,,101,110,core,main_distribution
402,stress,14,main,M1,1000,5,2,6,elliptical,t5,balanced,0.1,0.05,1,gaussian,0.2,isolated,uniform,2,0.1,20,False,500,49,,,111,120,core,main_distribution
403,stress,14,main,M1,1000,5,2,6,elliptical,t5,balanced,0.1,0.05,1,gaussian,0.2,isolated,uniform,2,0.1,20,False,500,49,,,121,130,core,main_distribution
404,stress,14,main,M1,1000,5,2,6,elliptical,t5,balanced,0.1,0.05,1,gaussian,0.2,isolated,uniform,2,0.1,20,False,500,49,,,131,140,core,main_distribution
405,stress,14,main,M1,1000,5,2,6,elliptical,t5,balanced,0.1,0.05,1,gaussian,0.2,isolated,uniform,2,0.1,20,False,500,49,,,141,150,core,main_distribution
406,stress,14,main,M1,1000,5,2,6,elliptical,t5,balanced,0.1,0.05,1,gaussian,0.2,isolated,uniform,2,0.1,20,False,500,49,,,151,160,core,main_distribution
407,stress,14,main,M1,1000,5,2,6,elliptical,t5,balanced,0.1,0.05,1,gaussian,0.2,isolated,uniform,2,0.1,20,False,500,49,,,161,170,core,main_distribution
408,stress,14,main,M1,1000,5,2,6,elliptical,t5,balanced,0.1,0.05,1,gaussian,0.2,isolated,uniform,2,0.1,20,False,500,49,,,171,180,core,main_distribution
409,stress,14,main,M1,1000,5,2,6,elliptical,t5,balanced,0.1,0.05,1,gaussian,0.2,isolated,uniform,2,0.1,20,False,500,49,,,181,190,core,main_distribution
410,stress,14,main,M1,1000,5,2,6,elliptical,t5,balanced,0.1,0.05,1,gaussian,0.2,isolated,uniform,2,0.1,20,False,500,49,,,191,200,core,main_distribution
411,stress,14,main,M1,1000,5,2,6,elliptical,t5,balanced,0.1,0.05,1,gaussian,0.2,isolated,uniform,2,0.1,20,False,500,49,,,201,210,core,main_distribution
412,stress,14,main,M1,1000,5,2,6,elliptical,t5,balanced,0.1,0.05,1,gaussian,0.2,isolated,uniform,2,0.1,20,False,500,49,,,211,220,core,main_distribution
413,stress,14,main,M1,1000,5,2,6,elliptical,t5,balanced,0.1,0.05,1,gaussian,0.2,isolated,uniform,2,0.1,20,False,500,49,,,221,230,core,main_distribution
414,stress,14,main,M1,1000,5,2,6,elliptical,t5,balanced,0.1,0.05,1,gaussian,0.2,isolated,uniform,2,0.1,20,False,500,49,,,231,240,core,main_distribution
415,stress,14,main,M1,1000,5,2,6,elliptical,t5,balanced,0.1,0.05,1,gaussian,0.2,isolated,uniform,2,0.1,20,False,500,49,,,241,250,core,main_distribution
416,stress,14,main,M1,1000,5,2,6,elliptical,t5,balanced,0.1,0.05,1,gaussian,0.2,isolated,uniform,2,0.1,20,False,500,49,,,251,260,core,main_distribution
417,stress,14,main,M1,1000,5,2,6,elliptical,t5,balanced,0.1,0.05,1,gaussian,0.2,isolated,uniform,2,0.1,20,False,500,49,,,261,270,core,main_distribution
418,stress,14,main,M1,1000,5,2,6,elliptical,t5,balanced,0.1,0.05,1,gaussian,0.2,isolated,uniform,2,0.1,20,False,500,49,,,271,280,core,main_distribution
419,stress,14,main,M1,1000,5,2,6,elliptical,t5,balanced,0.1,0.05,1,gaussian,0.2,isolated,uniform,2,0.1,20,False,500,49,,,281,290,core,main_distribution
420,stress,14,main,M1,1000,5,2,6,elliptical,t5,balanced,0.1,0.05,1,gaussian,0.2,isolated,uniform,2,0.1,20,False,500,49,,,291,300,core,main_distribution
421,stress,15,main,M1,1000,5,2,6,elliptical,t3,balanced,0.1,0.05,1,gaussian,0.2,isolated,uniform,2,0.1,20,False,500,49,,,1,10,core,main_distribution
422,stress,15,main,M1,1000,5,2,6,elliptical,t3,balanced,0.1,0.05,1,gaussian,0.2,isolated,uniform,2,0.1,20,False,500,49,,,11,20,core,main_distribution
423,stress,15,main,M1,1000,5,2,6,elliptical,t3,balanced,0.1,0.05,1,gaussian,0.2,isolated,uniform,2,0.1,20,False,500,49,,,21,30,core,main_distribution
424,stress,15,main,M1,1000,5,2,6,elliptical,t3,balanced,0.1,0.05,1,gaussian,0.2,isolated,uniform,2,0.1,20,False,500,49,,,31,40,core,main_distribution
425,stress,15,main,M1,1000,5,2,6,elliptical,t3,balanced,0.1,0.05,1,gaussian,0.2,isolated,uniform,2,0.1,20,False,500,49,,,41,50,core,main_distribution
426,stress,15,main,M1,1000,5,2,6,elliptical,t3,balanced,0.1,0.05,1,gaussian,0.2,isolated,uniform,2,0.1,20,False,500,49,,,51,60,core,main_distribution
427,stress,15,main,M1,1000,5,2,6,elliptical,t3,balanced,0.1,0.05,1,gaussian,0.2,isolated,uniform,2,0.1,20,False,500,49,,,61,70,core,main_distribution
428,stress,15,main,M1,1000,5,2,6,elliptical,t3,balanced,0.1,0.05,1,gaussian,0.2,isolated,uniform,2,0.1,20,False,500,49,,,71,80,core,main_distribution
429,stress,15,main,M1,1000,5,2,6,elliptical,t3,balanced,0.1,0.05,1,gaussian,0.2,isolated,uniform,2,0.1,20,False,500,49,,,81,90,core,main_distribution
430,stress,15,main,M1,1000,5,2,6,elliptical,t3,balanced,0.1,0.05,1,gaussian,0.2,isolated,uniform,2,0.1,20,False,500,49,,,91,100,core,main_distribution
431,stress,15,main,M1,1000,5,2,6,elliptical,t3,balanced,0.1,0.05,1,gaussian,0.2,isolated,uniform,2,0.1,20,False,500,49,,,101,110,core,main_distribution
432,stress,15,main,M1,1000,5,2,6,elliptical,t3,balanced,0.1,0.05,1,gaussian,0.2,isolated,uniform,2,0.1,20,False,500,49,,,111,120,core,main_distribution
433,stress,15,main,M1,1000,5,2,6,elliptical,t3,balanced,0.1,0.05,1,gaussian,0.2,isolated,uniform,2,0.1,20,False,500,49,,,121,130,core,main_distribution
434,stress,15,main,M1,1000,5,2,6,elliptical,t3,balanced,0.1,0.05,1,gaussian,0.2,isolated,uniform,2,0.1,20,False,500,49,,,131,140,core,main_distribution
435,stress,15,main,M1,1000,5,2,6,elliptical,t3,balanced,0.1,0.05,1,gaussian,0.2,isolated,uniform,2,0.1,20,False,500,49,,,141,150,core,main_distribution
436,stress,15,main,M1,1000,5,2,6,elliptical,t3,balanced,0.1,0.05,1,gaussian,0.2,isolated,uniform,2,0.1,20,False,500,49,,,151,160,core,main_distribution
437,stress,15,main,M1,1000,5,2,6,elliptical,t3,balanced,0.1,0.05,1,gaussian,0.2,isolated,uniform,2,0.1,20,False,500,49,,,161,170,core,main_distribution
438,stress,15,main,M1,1000,5,2,6,elliptical,t3,balanced,0.1,0.05,1,gaussian,0.2,isolated,uniform,2,0.1,20,False,500,49,,,171,180,core,main_distribution
439,stress,15,main,M1,1000,5,2,6,elliptical,t3,balanced,0.1,0.05,1,gaussian,0.2,isolated,uniform,2,0.1,20,False,500,49,,,181,190,core,main_distribution
440,stress,15,main,M1,1000,5,2,6,elliptical,t3,balanced,0.1,0.05,1,gaussian,0.2,isolated,uniform,2,0.1,20,False,500,49,,,191,200,core,main_distribution
441,stress,15,main,M1,1000,5,2,6,elliptical,t3,balanced,0.1,0.05,1,gaussian,0.2,isolated,uniform,2,0.1,20,False,500,49,,,201,210,core,main_distribution
442,stress,15,main,M1,1000,5,2,6,elliptical,t3,balanced,0.1,0.05,1,gaussian,0.2,isolated,uniform,2,0.1,20,False,500,49,,,211,220,core,main_distribution
443,stress,15,main,M1,1000,5,2,6,elliptical,t3,balanced,0.1,0.05,1,gaussian,0.2,isolated,uniform,2,0.1,20,False,500,49,,,221,230,core,main_distribution
444,stress,15,main,M1,1000,5,2,6,elliptical,t3,balanced,0.1,0.05,1,gaussian,0.2,isolated,uniform,2,0.1,20,False,500,49,,,231,240,core,main_distribution
445,stress,15,main,M1,1000,5,2,6,elliptical,t3,balanced,0.1,0.05,1,gaussian,0.2,isolated,uniform,2,0.1,20,False,500,49,,,241,250,core,main_distribution
446,stress,15,main,M1,1000,5,2,6,elliptical,t3,balanced,0.1,0.05,1,gaussian,0.2,isolated,uniform,2,0.1,20,False,500,49,,,251,260,core,main_distribution
447,stress,15,main,M1,1000,5,2,6,elliptical,t3,balanced,0.1,0.05,1,gaussian,0.2,isolated,uniform,2,0.1,20,False,500,49,,,261,270,core,main_distribution
448,stress,15,main,M1,1000,5,2,6,elliptical,t3,balanced,0.1,0.05,1,gaussian,0.2,isolated,uniform,2,0.1,20,False,500,49,,,271,280,core,main_distribution
449,stress,15,main,M1,1000,5,2,6,elliptical,t3,balanced,0.1,0.05,1,gaussian,0.2,isolated,uniform,2,0.1,20,False,500,49,,,281,290,core,main_distribution
450,stress,15,main,M1,1000,5,2,6,elliptical,t3,balanced,0.1,0.05,1,gaussian,0.2,isolated,uniform,2,0.1,20,False,500,49,,,291,300,core,main_distribution
451,stress,16,main,M1,1000,5,2,6,elliptical,normal,balanced,0.05,0.025,1,gaussian,0.2,isolated,uniform,2,0.05,20,False,500,49,,,1,10,core,residual_total
452,stress,16,main,M1,1000,5,2,6,elliptical,normal,balanced,0.05,0.025,1,gaussian,0.2,isolated,uniform,2,0.05,20,False,500,49,,,11,20,core,residual_total
453,stress,16,main,M1,1000,5,2,6,elliptical,normal,balanced,0.05,0.025,1,gaussian,0.2,isolated,uniform,2,0.05,20,False,500,49,,,21,30,core,residual_total
454,stress,16,main,M1,1000,5,2,6,elliptical,normal,balanced,0.05,0.025,1,gaussian,0.2,isolated,uniform,2,0.05,20,False,500,49,,,31,40,core,residual_total
455,stress,16,main,M1,1000,5,2,6,elliptical,normal,balanced,0.05,0.025,1,gaussian,0.2,isolated,uniform,2,0.05,20,False,500,49,,,41,50,core,residual_total
456,stress,16,main,M1,1000,5,2,6,elliptical,normal,balanced,0.05,0.025,1,gaussian,0.2,isolated,uniform,2,0.05,20,False,500,49,,,51,60,core,residual_total
457,stress,16,main,M1,1000,5,2,6,elliptical,normal,balanced,0.05,0.025,1,gaussian,0.2,isolated,uniform,2,0.05,20,False,500,49,,,61,70,core,residual_total
458,stress,16,main,M1,1000,5,2,6,elliptical,normal,balanced,0.05,0.025,1,gaussian,0.2,isolated,uniform,2,0.05,20,False,500,49,,,71,80,core,residual_total
459,stress,16,main,M1,1000,5,2,6,elliptical,normal,balanced,0.05,0.025,1,gaussian,0.2,isolated,uniform,2,0.05,20,False,500,49,,,81,90,core,residual_total
460,stress,16,main,M1,1000,5,2,6,elliptical,normal,balanced,0.05,0.025,1,gaussian,0.2,isolated,uniform,2,0.05,20,False,500,49,,,91,100,core,residual_total
461,stress,16,main,M1,1000,5,2,6,elliptical,normal,balanced,0.05,0.025,1,gaussian,0.2,isolated,uniform,2,0.05,20,False,500,49,,,101,110,core,residual_total
462,stress,16,main,M1,1000,5,2,6,elliptical,normal,balanced,0.05,0.025,1,gaussian,0.2,isolated,uniform,2,0.05,20,False,500,49,,,111,120,core,residual_total
463,stress,16,main,M1,1000,5,2,6,elliptical,normal,balanced,0.05,0.025,1,gaussian,0.2,isolated,uniform,2,0.05,20,False,500,49,,,121,130,core,residual_total
464,stress,16,main,M1,1000,5,2,6,elliptical,normal,balanced,0.05,0.025,1,gaussian,0.2,isolated,uniform,2,0.05,20,False,500,49,,,131,140,core,residual_total
465,stress,16,main,M1,1000,5,2,6,elliptical,normal,balanced,0.05,0.025,1,gaussian,0.2,isolated,uniform,2,0.05,20,False,500,49,,,141,150,core,residual_total
466,stress,16,main,M1,1000,5,2,6,elliptical,normal,balanced,0.05,0.025,1,gaussian,0.2,isolated,uniform,2,0.05,20,False,500,49,,,151,160,core,residual_total
467,stress,16,main,M1,1000,5,2,6,elliptical,normal,balanced,0.05,0.025,1,gaussian,0.2,isolated,uniform,2,0.05,20,False,500,49,,,161,170,core,residual_total
468,stress,16,main,M1,1000,5,2,6,elliptical,normal,balanced,0.05,0.025,1,gaussian,0.2,isolated,uniform,2,0.05,20,False,500,49,,,171,180,core,residual_total
469,stress,16,main,M1,1000,5,2,6,elliptical,normal,balanced,0.05,0.025,1,gaussian,0.2,isolated,uniform,2,0.05,20,False,500,49,,,181,190,core,residual_total
470,stress,16,main,M1,1000,5,2,6,elliptical,normal,balanced,0.05,0.025,1,gaussian,0.2,isolated,uniform,2,0.05,20,False,500,49,,,191,200,core,residual_total
471,stress,16,main,M1,1000,5,2,6,elliptical,normal,balanced,0.05,0.025,1,gaussian,0.2,isolated,uniform,2,0.05,20,False,500,49,,,201,210,core,residual_total
472,stress,16,main,M1,1000,5,2,6,elliptical,normal,balanced,0.05,0.025,1,gaussian,0.2,isolated,uniform,2,0.05,20,False,500,49,,,211,220,core,residual_total
473,stress,16,main,M1,1000,5,2,6,elliptical,normal,balanced,0.05,0.025,1,gaussian,0.2,isolated,uniform,2,0.05,20,False,500,49,,,221,230,core,residual_total
474,stress,16,main,M1,1000,5,2,6,elliptical,normal,balanced,0.05,0.025,1,gaussian,0.2,isolated,uniform,2,0.05,20,False,500,49,,,231,240,core,residual_total
475,stress,16,main,M1,1000,5,2,6,elliptical,normal,balanced,0.05,0.025,1,gaussian,0.2,isolated,uniform,2,0.05,20,False,500,49,,,241,250,core,residual_total
476,stress,16,main,M1,1000,5,2,6,elliptical,normal,balanced,0.05,0.025,1,gaussian,0.2,isolated,uniform,2,0.05,20,False,500,49,,,251,260,core,residual_total
477,stress,16,main,M1,1000,5,2,6,elliptical,normal,balanced,0.05,0.025,1,gaussian,0.2,isolated,uniform,2,0.05,20,False,500,49,,,261,270,core,residual_total
478,stress,16,main,M1,1000,5,2,6,elliptical,normal,balanced,0.05,0.025,1,gaussian,0.2,isolated,uniform,2,0.05,20,False,500,49,,,271,280,core,residual_total
479,stress,16,main,M1,1000,5,2,6,elliptical,normal,balanced,0.05,0.025,1,gaussian,0.2,isolated,uniform,2,0.05,20,False,500,49,,,281,290,core,residual_total
480,stress,16,main,M1,1000,5,2,6,elliptical,normal,balanced,0.05,0.025,1,gaussian,0.2,isolated,uniform,2,0.05,20,False,500,49,,,291,300,core,residual_total
481,stress,17,main,M1,1000,5,2,6,elliptical,normal,balanced,0.2,0.1,1,gaussian,0.2,isolated,uniform,2,0.2,20,False,500,49,,,1,10,core,residual_total
482,stress,17,main,M1,1000,5,2,6,elliptical,normal,balanced,0.2,0.1,1,gaussian,0.2,isolated,uniform,2,0.2,20,False,500,49,,,11,20,core,residual_total
483,stress,17,main,M1,1000,5,2,6,elliptical,normal,balanced,0.2,0.1,1,gaussian,0.2,isolated,uniform,2,0.2,20,False,500,49,,,21,30,core,residual_total
484,stress,17,main,M1,1000,5,2,6,elliptical,normal,balanced,0.2,0.1,1,gaussian,0.2,isolated,uniform,2,0.2,20,False,500,49,,,31,40,core,residual_total
485,stress,17,main,M1,1000,5,2,6,elliptical,normal,balanced,0.2,0.1,1,gaussian,0.2,isolated,uniform,2,0.2,20,False,500,49,,,41,50,core,residual_total
486,stress,17,main,M1,1000,5,2,6,elliptical,normal,balanced,0.2,0.1,1,gaussian,0.2,isolated,uniform,2,0.2,20,False,500,49,,,51,60,core,residual_total
487,stress,17,main,M1,1000,5,2,6,elliptical,normal,balanced,0.2,0.1,1,gaussian,0.2,isolated,uniform,2,0.2,20,False,500,49,,,61,70,core,residual_total
488,stress,17,main,M1,1000,5,2,6,elliptical,normal,balanced,0.2,0.1,1,gaussian,0.2,isolated,uniform,2,0.2,20,False,500,49,,,71,80,core,residual_total
489,stress,17,main,M1,1000,5,2,6,elliptical,normal,balanced,0.2,0.1,1,gaussian,0.2,isolated,uniform,2,0.2,20,False,500,49,,,81,90,core,residual_total
490,stress,17,main,M1,1000,5,2,6,elliptical,normal,balanced,0.2,0.1,1,gaussian,0.2,isolated,uniform,2,0.2,20,False,500,49,,,91,100,core,residual_total
491,stress,17,main,M1,1000,5,2,6,elliptical,normal,balanced,0.2,0.1,1,gaussian,0.2,isolated,uniform,2,0.2,20,False,500,49,,,101,110,core,residual_total
492,stress,17,main,M1,1000,5,2,6,elliptical,normal,balanced,0.2,0.1,1,gaussian,0.2,isolated,uniform,2,0.2,20,False,500,49,,,111,120,core,residual_total
493,stress,17,main,M1,1000,5,2,6,elliptical,normal,balanced,0.2,0.1,1,gaussian,0.2,isolated,uniform,2,0.2,20,False,500,49,,,121,130,core,residual_total
494,stress,17,main,M1,1000,5,2,6,elliptical,normal,balanced,0.2,0.1,1,gaussian,0.2,isolated,uniform,2,0.2,20,False,500,49,,,131,140,core,residual_total
495,stress,17,main,M1,1000,5,2,6,elliptical,normal,balanced,0.2,0.1,1,gaussian,0.2,isolated,uniform,2,0.2,20,False,500,49,,,141,150,core,residual_total
496,stress,17,main,M1,1000,5,2,6,elliptical,normal,balanced,0.2,0.1,1,gaussian,0.2,isolated,uniform,2,0.2,20,False,500,49,,,151,160,core,residual_total
497,stress,17,main,M1,1000,5,2,6,elliptical,normal,balanced,0.2,0.1,1,gaussian,0.2,isolated,uniform,2,0.2,20,False,500,49,,,161,170,core,residual_total
498,stress,17,main,M1,1000,5,2,6,elliptical,normal,balanced,0.2,0.1,1,gaussian,0.2,isolated,uniform,2,0.2,20,False,500,49,,,171,180,core,residual_total
499,stress,17,main,M1,1000,5,2,6,elliptical,normal,balanced,0.2,0.1,1,gaussian,0.2,isolated,uniform,2,0.2,20,False,500,49,,,181,190,core,residual_total
500,stress,17,main,M1,1000,5,2,6,elliptical,normal,balanced,0.2,0.1,1,gaussian,0.2,isolated,uniform,2,0.2,20,False,500,49,,,191,200,core,residual_total
501,stress,17,main,M1,1000,5,2,6,elliptical,normal,balanced,0.2,0.1,1,gaussian,0.2,isolated,uniform,2,0.2,20,False,500,49,,,201,210,core,residual_total
502,stress,17,main,M1,1000,5,2,6,elliptical,normal,balanced,0.2,0.1,1,gaussian,0.2,isolated,uniform,2,0.2,20,False,500,49,,,211,220,core,residual_total
503,stress,17,main,M1,1000,5,2,6,elliptical,normal,balanced,0.2,0.1,1,gaussian,0.2,isolated,uniform,2,0.2,20,False,500,49,,,221,230,core,residual_total
504,stress,17,main,M1,1000,5,2,6,elliptical,normal,balanced,0.2,0.1,1,gaussian,0.2,isolated,uniform,2,0.2,20,False,500,49,,,231,240,core,residual_total
505,stress,17,main,M1,1000,5,2,6,elliptical,normal,balanced,0.2,0.1,1,gaussian,0.2,isolated,uniform,2,0.2,20,False,500,49,,,241,250,core,residual_total
506,stress,17,main,M1,1000,5,2,6,elliptical,normal,balanced,0.2,0.1,1,gaussian,0.2,isolated,uniform,2,0.2,20,False,500,49,,,251,260,core,residual_total
507,stress,17,main,M1,1000,5,2,6,elliptical,normal,balanced,0.2,0.1,1,gaussian,0.2,isolated,uniform,2,0.2,20,False,500,49,,,261,270,core,residual_total
508,stress,17,main,M1,1000,5,2,6,elliptical,normal,balanced,0.2,0.1,1,gaussian,0.2,isolated,uniform,2,0.2,20,False,500,49,,,271,280,core,residual_total
509,stress,17,main,M1,1000,5,2,6,elliptical,normal,balanced,0.2,0.1,1,gaussian,0.2,isolated,uniform,2,0.2,20,False,500,49,,,281,290,core,residual_total
510,stress,17,main,M1,1000,5,2,6,elliptical,normal,balanced,0.2,0.1,1,gaussian,0.2,isolated,uniform,2,0.2,20,False,500,49,,,291,300,core,residual_total
511,stress,18,main,M1,1000,5,2,6,elliptical,normal,balanced,0.1,0.01,1,gaussian,0.2,isolated,uniform,2,0.1,20,False,500,49,,,1,10,core,minority_ratio
512,stress,18,main,M1,1000,5,2,6,elliptical,normal,balanced,0.1,0.01,1,gaussian,0.2,isolated,uniform,2,0.1,20,False,500,49,,,11,20,core,minority_ratio
513,stress,18,main,M1,1000,5,2,6,elliptical,normal,balanced,0.1,0.01,1,gaussian,0.2,isolated,uniform,2,0.1,20,False,500,49,,,21,30,core,minority_ratio
514,stress,18,main,M1,1000,5,2,6,elliptical,normal,balanced,0.1,0.01,1,gaussian,0.2,isolated,uniform,2,0.1,20,False,500,49,,,31,40,core,minority_ratio
515,stress,18,main,M1,1000,5,2,6,elliptical,normal,balanced,0.1,0.01,1,gaussian,0.2,isolated,uniform,2,0.1,20,False,500,49,,,41,50,core,minority_ratio
516,stress,18,main,M1,1000,5,2,6,elliptical,normal,balanced,0.1,0.01,1,gaussian,0.2,isolated,uniform,2,0.1,20,False,500,49,,,51,60,core,minority_ratio
517,stress,18,main,M1,1000,5,2,6,elliptical,normal,balanced,0.1,0.01,1,gaussian,0.2,isolated,uniform,2,0.1,20,False,500,49,,,61,70,core,minority_ratio
518,stress,18,main,M1,1000,5,2,6,elliptical,normal,balanced,0.1,0.01,1,gaussian,0.2,isolated,uniform,2,0.1,20,False,500,49,,,71,80,core,minority_ratio
519,stress,18,main,M1,1000,5,2,6,elliptical,normal,balanced,0.1,0.01,1,gaussian,0.2,isolated,uniform,2,0.1,20,False,500,49,,,81,90,core,minority_ratio
520,stress,18,main,M1,1000,5,2,6,elliptical,normal,balanced,0.1,0.01,1,gaussian,0.2,isolated,uniform,2,0.1,20,False,500,49,,,91,100,core,minority_ratio
521,stress,18,main,M1,1000,5,2,6,elliptical,normal,balanced,0.1,0.01,1,gaussian,0.2,isolated,uniform,2,0.1,20,False,500,49,,,101,110,core,minority_ratio
522,stress,18,main,M1,1000,5,2,6,elliptical,normal,balanced,0.1,0.01,1,gaussian,0.2,isolated,uniform,2,0.1,20,False,500,49,,,111,120,core,minority_ratio
523,stress,18,main,M1,1000,5,2,6,elliptical,normal,balanced,0.1,0.01,1,gaussian,0.2,isolated,uniform,2,0.1,20,False,500,49,,,121,130,core,minority_ratio
524,stress,18,main,M1,1000,5,2,6,elliptical,normal,balanced,0.1,0.01,1,gaussian,0.2,isolated,uniform,2,0.1,20,False,500,49,,,131,140,core,minority_ratio
525,stress,18,main,M1,1000,5,2,6,elliptical,normal,balanced,0.1,0.01,1,gaussian,0.2,isolated,uniform,2,0.1,20,False,500,49,,,141,150,core,minority_ratio
526,stress,18,main,M1,1000,5,2,6,elliptical,normal,balanced,0.1,0.01,1,gaussian,0.2,isolated,uniform,2,0.1,20,False,500,49,,,151,160,core,minority_ratio
527,stress,18,main,M1,1000,5,2,6,elliptical,normal,balanced,0.1,0.01,1,gaussian,0.2,isolated,uniform,2,0.1,20,False,500,49,,,161,170,core,minority_ratio
528,stress,18,main,M1,1000,5,2,6,elliptical,normal,balanced,0.1,0.01,1,gaussian,0.2,isolated,uniform,2,0.1,20,False,500,49,,,171,180,core,minority_ratio
529,stress,18,main,M1,1000,5,2,6,elliptical,normal,balanced,0.1,0.01,1,gaussian,0.2,isolated,uniform,2,0.1,20,False,500,49,,,181,190,core,minority_ratio
530,stress,18,main,M1,1000,5,2,6,elliptical,normal,balanced,0.1,0.01,1,gaussian,0.2,isolated,uniform,2,0.1,20,False,500,49,,,191,200,core,minority_ratio
531,stress,18,main,M1,1000,5,2,6,elliptical,normal,balanced,0.1,0.01,1,gaussian,0.2,isolated,uniform,2,0.1,20,False,500,49,,,201,210,core,minority_ratio
532,stress,18,main,M1,1000,5,2,6,elliptical,normal,balanced,0.1,0.01,1,gaussian,0.2,isolated,uniform,2,0.1,20,False,500,49,,,211,220,core,minority_ratio
533,stress,18,main,M1,1000,5,2,6,elliptical,normal,balanced,0.1,0.01,1,gaussian,0.2,isolated,uniform,2,0.1,20,False,500,49,,,221,230,core,minority_ratio
534,stress,18,main,M1,1000,5,2,6,elliptical,normal,balanced,0.1,0.01,1,gaussian,0.2,isolated,uniform,2,0.1,20,False,500,49,,,231,240,core,minority_ratio
535,stress,18,main,M1,1000,5,2,6,elliptical,normal,balanced,0.1,0.01,1,gaussian,0.2,isolated,uniform,2,0.1,20,False,500,49,,,241,250,core,minority_ratio
536,stress,18,main,M1,1000,5,2,6,elliptical,normal,balanced,0.1,0.01,1,gaussian,0.2,isolated,uniform,2,0.1,20,False,500,49,,,251,260,core,minority_ratio
537,stress,18,main,M1,1000,5,2,6,elliptical,normal,balanced,0.1,0.01,1,gaussian,0.2,isolated,uniform,2,0.1,20,False,500,49,,,261,270,core,minority_ratio
538,stress,18,main,M1,1000,5,2,6,elliptical,normal,balanced,0.1,0.01,1,gaussian,0.2,isolated,uniform,2,0.1,20,False,500,49,,,271,280,core,minority_ratio
539,stress,18,main,M1,1000,5,2,6,elliptical,normal,balanced,0.1,0.01,1,gaussian,0.2,isolated,uniform,2,0.1,20,False,500,49,,,281,290,core,minority_ratio
540,stress,18,main,M1,1000,5,2,6,elliptical,normal,balanced,0.1,0.01,1,gaussian,0.2,isolated,uniform,2,0.1,20,False,500,49,,,291,300,core,minority_ratio
541,stress,19,main,M1,1000,5,2,6,elliptical,normal,balanced,0.1,0.025,1,gaussian,0.2,isolated,uniform,2,0.1,20,False,500,49,,,1,10,core,minority_ratio
542,stress,19,main,M1,1000,5,2,6,elliptical,normal,balanced,0.1,0.025,1,gaussian,0.2,isolated,uniform,2,0.1,20,False,500,49,,,11,20,core,minority_ratio
543,stress,19,main,M1,1000,5,2,6,elliptical,normal,balanced,0.1,0.025,1,gaussian,0.2,isolated,uniform,2,0.1,20,False,500,49,,,21,30,core,minority_ratio
544,stress,19,main,M1,1000,5,2,6,elliptical,normal,balanced,0.1,0.025,1,gaussian,0.2,isolated,uniform,2,0.1,20,False,500,49,,,31,40,core,minority_ratio
545,stress,19,main,M1,1000,5,2,6,elliptical,normal,balanced,0.1,0.025,1,gaussian,0.2,isolated,uniform,2,0.1,20,False,500,49,,,41,50,core,minority_ratio
546,stress,19,main,M1,1000,5,2,6,elliptical,normal,balanced,0.1,0.025,1,gaussian,0.2,isolated,uniform,2,0.1,20,False,500,49,,,51,60,core,minority_ratio
547,stress,19,main,M1,1000,5,2,6,elliptical,normal,balanced,0.1,0.025,1,gaussian,0.2,isolated,uniform,2,0.1,20,False,500,49,,,61,70,core,minority_ratio
548,stress,19,main,M1,1000,5,2,6,elliptical,normal,balanced,0.1,0.025,1,gaussian,0.2,isolated,uniform,2,0.1,20,False,500,49,,,71,80,core,minority_ratio
549,stress,19,main,M1,1000,5,2,6,elliptical,normal,balanced,0.1,0.025,1,gaussian,0.2,isolated,uniform,2,0.1,20,False,500,49,,,81,90,core,minority_ratio
550,stress,19,main,M1,1000,5,2,6,elliptical,normal,balanced,0.1,0.025,1,gaussian,0.2,isolated,uniform,2,0.1,20,False,500,49,,,91,100,core,minority_ratio
551,stress,19,main,M1,1000,5,2,6,elliptical,normal,balanced,0.1,0.025,1,gaussian,0.2,isolated,uniform,2,0.1,20,False,500,49,,,101,110,core,minority_ratio
552,stress,19,main,M1,1000,5,2,6,elliptical,normal,balanced,0.1,0.025,1,gaussian,0.2,isolated,uniform,2,0.1,20,False,500,49,,,111,120,core,minority_ratio
553,stress,19,main,M1,1000,5,2,6,elliptical,normal,balanced,0.1,0.025,1,gaussian,0.2,isolated,uniform,2,0.1,20,False,500,49,,,121,130,core,minority_ratio
554,stress,19,main,M1,1000,5,2,6,elliptical,normal,balanced,0.1,0.025,1,gaussian,0.2,isolated,uniform,2,0.1,20,False,500,49,,,131,140,core,minority_ratio
555,stress,19,main,M1,1000,5,2,6,elliptical,normal,balanced,0.1,0.025,1,gaussian,0.2,isolated,uniform,2,0.1,20,False,500,49,,,141,150,core,minority_ratio
556,stress,19,main,M1,1000,5,2,6,elliptical,normal,balanced,0.1,0.025,1,gaussian,0.2,isolated,uniform,2,0.1,20,False,500,49,,,151,160,core,minority_ratio
557,stress,19,main,M1,1000,5,2,6,elliptical,normal,balanced,0.1,0.025,1,gaussian,0.2,isolated,uniform,2,0.1,20,False,500,49,,,161,170,core,minority_ratio
558,stress,19,main,M1,1000,5,2,6,elliptical,normal,balanced,0.1,0.025,1,gaussian,0.2,isolated,uniform,2,0.1,20,False,500,49,,,171,180,core,minority_ratio
559,stress,19,main,M1,1000,5,2,6,elliptical,normal,balanced,0.1,0.025,1,gaussian,0.2,isolated,uniform,2,0.1,20,False,500,49,,,181,190,core,minority_ratio
560,stress,19,main,M1,1000,5,2,6,elliptical,normal,balanced,0.1,0.025,1,gaussian,0.2,isolated,uniform,2,0.1,20,False,500,49,,,191,200,core,minority_ratio
561,stress,19,main,M1,1000,5,2,6,elliptical,normal,balanced,0.1,0.025,1,gaussian,0.2,isolated,uniform,2,0.1,20,False,500,49,,,201,210,core,minority_ratio
562,stress,19,main,M1,1000,5,2,6,elliptical,normal,balanced,0.1,0.025,1,gaussian,0.2,isolated,uniform,2,0.1,20,False,500,49,,,211,220,core,minority_ratio
563,stress,19,main,M1,1000,5,2,6,elliptical,normal,balanced,0.1,0.025,1,gaussian,0.2,isolated,uniform,2,0.1,20,False,500,49,,,221,230,core,minority_ratio
564,stress,19,main,M1,1000,5,2,6,elliptical,normal,balanced,0.1,0.025,1,gaussian,0.2,isolated,uniform,2,0.1,20,False,500,49,,,231,240,core,minority_ratio
565,stress,19,main,M1,1000,5,2,6,elliptical,normal,balanced,0.1,0.025,1,gaussian,0.2,isolated,uniform,2,0.1,20,False,500,49,,,241,250,core,minority_ratio
566,stress,19,main,M1,1000,5,2,6,elliptical,normal,balanced,0.1,0.025,1,gaussian,0.2,isolated,uniform,2,0.1,20,False,500,49,,,251,260,core,minority_ratio
567,stress,19,main,M1,1000,5,2,6,elliptical,normal,balanced,0.1,0.025,1,gaussian,0.2,isolated,uniform,2,0.1,20,False,500,49,,,261,270,core,minority_ratio
568,stress,19,main,M1,1000,5,2,6,elliptical,normal,balanced,0.1,0.025,1,gaussian,0.2,isolated,uniform,2,0.1,20,False,500,49,,,271,280,core,minority_ratio
569,stress,19,main,M1,1000,5,2,6,elliptical,normal,balanced,0.1,0.025,1,gaussian,0.2,isolated,uniform,2,0.1,20,False,500,49,,,281,290,core,minority_ratio
570,stress,19,main,M1,1000,5,2,6,elliptical,normal,balanced,0.1,0.025,1,gaussian,0.2,isolated,uniform,2,0.1,20,False,500,49,,,291,300,core,minority_ratio
571,stress,20,main,M1,1000,5,2,6,elliptical,normal,balanced,0.1,0.05,2,gaussian,0.2,isolated,uniform,2,0.1,20,False,500,49,,,1,10,core,q
572,stress,20,main,M1,1000,5,2,6,elliptical,normal,balanced,0.1,0.05,2,gaussian,0.2,isolated,uniform,2,0.1,20,False,500,49,,,11,20,core,q
573,stress,20,main,M1,1000,5,2,6,elliptical,normal,balanced,0.1,0.05,2,gaussian,0.2,isolated,uniform,2,0.1,20,False,500,49,,,21,30,core,q
574,stress,20,main,M1,1000,5,2,6,elliptical,normal,balanced,0.1,0.05,2,gaussian,0.2,isolated,uniform,2,0.1,20,False,500,49,,,31,40,core,q
575,stress,20,main,M1,1000,5,2,6,elliptical,normal,balanced,0.1,0.05,2,gaussian,0.2,isolated,uniform,2,0.1,20,False,500,49,,,41,50,core,q
576,stress,20,main,M1,1000,5,2,6,elliptical,normal,balanced,0.1,0.05,2,gaussian,0.2,isolated,uniform,2,0.1,20,False,500,49,,,51,60,core,q
577,stress,20,main,M1,1000,5,2,6,elliptical,normal,balanced,0.1,0.05,2,gaussian,0.2,isolated,uniform,2,0.1,20,False,500,49,,,61,70,core,q
578,stress,20,main,M1,1000,5,2,6,elliptical,normal,balanced,0.1,0.05,2,gaussian,0.2,isolated,uniform,2,0.1,20,False,500,49,,,71,80,core,q
579,stress,20,main,M1,1000,5,2,6,elliptical,normal,balanced,0.1,0.05,2,gaussian,0.2,isolated,uniform,2,0.1,20,False,500,49,,,81,90,core,q
580,stress,20,main,M1,1000,5,2,6,elliptical,normal,balanced,0.1,0.05,2,gaussian,0.2,isolated,uniform,2,0.1,20,False,500,49,,,91,100,core,q
581,stress,20,main,M1,1000,5,2,6,elliptical,normal,balanced,0.1,0.05,2,gaussian,0.2,isolated,uniform,2,0.1,20,False,500,49,,,101,110,core,q
582,stress,20,main,M1,1000,5,2,6,elliptical,normal,balanced,0.1,0.05,2,gaussian,0.2,isolated,uniform,2,0.1,20,False,500,49,,,111,120,core,q
583,stress,20,main,M1,1000,5,2,6,elliptical,normal,balanced,0.1,0.05,2,gaussian,0.2,isolated,uniform,2,0.1,20,False,500,49,,,121,130,core,q
584,stress,20,main,M1,1000,5,2,6,elliptical,normal,balanced,0.1,0.05,2,gaussian,0.2,isolated,uniform,2,0.1,20,False,500,49,,,131,140,core,q
585,stress,20,main,M1,1000,5,2,6,elliptical,normal,balanced,0.1,0.05,2,gaussian,0.2,isolated,uniform,2,0.1,20,False,500,49,,,141,150,core,q
586,stress,20,main,M1,1000,5,2,6,elliptical,normal,balanced,0.1,0.05,2,gaussian,0.2,isolated,uniform,2,0.1,20,False,500,49,,,151,160,core,q
587,stress,20,main,M1,1000,5,2,6,elliptical,normal,balanced,0.1,0.05,2,gaussian,0.2,isolated,uniform,2,0.1,20,False,500,49,,,161,170,core,q
588,stress,20,main,M1,1000,5,2,6,elliptical,normal,balanced,0.1,0.05,2,gaussian,0.2,isolated,uniform,2,0.1,20,False,500,49,,,171,180,core,q
589,stress,20,main,M1,1000,5,2,6,elliptical,normal,balanced,0.1,0.05,2,gaussian,0.2,isolated,uniform,2,0.1,20,False,500,49,,,181,190,core,q
590,stress,20,main,M1,1000,5,2,6,elliptical,normal,balanced,0.1,0.05,2,gaussian,0.2,isolated,uniform,2,0.1,20,False,500,49,,,191,200,core,q
591,stress,20,main,M1,1000,5,2,6,elliptical,normal,balanced,0.1,0.05,2,gaussian,0.2,isolated,uniform,2,0.1,20,False,500,49,,,201,210,core,q
592,stress,20,main,M1,1000,5,2,6,elliptical,normal,balanced,0.1,0.05,2,gaussian,0.2,isolated,uniform,2,0.1,20,False,500,49,,,211,220,core,q
593,stress,20,main,M1,1000,5,2,6,elliptical,normal,balanced,0.1,0.05,2,gaussian,0.2,isolated,uniform,2,0.1,20,False,500,49,,,221,230,core,q
594,stress,20,main,M1,1000,5,2,6,elliptical,normal,balanced,0.1,0.05,2,gaussian,0.2,isolated,uniform,2,0.1,20,False,500,49,,,231,240,core,q
595,stress,20,main,M1,1000,5,2,6,elliptical,normal,balanced,0.1,0.05,2,gaussian,0.2,isolated,uniform,2,0.1,20,False,500,49,,,241,250,core,q
596,stress,20,main,M1,1000,5,2,6,elliptical,normal,balanced,0.1,0.05,2,gaussian,0.2,isolated,uniform,2,0.1,20,False,500,49,,,251,260,core,q
597,stress,20,main,M1,1000,5,2,6,elliptical,normal,balanced,0.1,0.05,2,gaussian,0.2,isolated,uniform,2,0.1,20,False,500,49,,,261,270,core,q
598,stress,20,main,M1,1000,5,2,6,elliptical,normal,balanced,0.1,0.05,2,gaussian,0.2,isolated,uniform,2,0.1,20,False,500,49,,,271,280,core,q
599,stress,20,main,M1,1000,5,2,6,elliptical,normal,balanced,0.1,0.05,2,gaussian,0.2,isolated,uniform,2,0.1,20,False,500,49,,,281,290,core,q
600,stress,20,main,M1,1000,5,2,6,elliptical,normal,balanced,0.1,0.05,2,gaussian,0.2,isolated,uniform,2,0.1,20,False,500,49,,,291,300,core,q
601,stress,21,main,M1,1000,5,2,6,elliptical,normal,balanced,0.1,0.05,3,gaussian,0.2,isolated,uniform,2,0.1,20,False,500,49,,,1,10,core,q
602,stress,21,main,M1,1000,5,2,6,elliptical,normal,balanced,0.1,0.05,3,gaussian,0.2,isolated,uniform,2,0.1,20,False,500,49,,,11,20,core,q
603,stress,21,main,M1,1000,5,2,6,elliptical,normal,balanced,0.1,0.05,3,gaussian,0.2,isolated,uniform,2,0.1,20,False,500,49,,,21,30,core,q
604,stress,21,main,M1,1000,5,2,6,elliptical,normal,balanced,0.1,0.05,3,gaussian,0.2,isolated,uniform,2,0.1,20,False,500,49,,,31,40,core,q
605,stress,21,main,M1,1000,5,2,6,elliptical,normal,balanced,0.1,0.05,3,gaussian,0.2,isolated,uniform,2,0.1,20,False,500,49,,,41,50,core,q
606,stress,21,main,M1,1000,5,2,6,elliptical,normal,balanced,0.1,0.05,3,gaussian,0.2,isolated,uniform,2,0.1,20,False,500,49,,,51,60,core,q
607,stress,21,main,M1,1000,5,2,6,elliptical,normal,balanced,0.1,0.05,3,gaussian,0.2,isolated,uniform,2,0.1,20,False,500,49,,,61,70,core,q
608,stress,21,main,M1,1000,5,2,6,elliptical,normal,balanced,0.1,0.05,3,gaussian,0.2,isolated,uniform,2,0.1,20,False,500,49,,,71,80,core,q
609,stress,21,main,M1,1000,5,2,6,elliptical,normal,balanced,0.1,0.05,3,gaussian,0.2,isolated,uniform,2,0.1,20,False,500,49,,,81,90,core,q
610,stress,21,main,M1,1000,5,2,6,elliptical,normal,balanced,0.1,0.05,3,gaussian,0.2,isolated,uniform,2,0.1,20,False,500,49,,,91,100,core,q
611,stress,21,main,M1,1000,5,2,6,elliptical,normal,balanced,0.1,0.05,3,gaussian,0.2,isolated,uniform,2,0.1,20,False,500,49,,,101,110,core,q
612,stress,21,main,M1,1000,5,2,6,elliptical,normal,balanced,0.1,0.05,3,gaussian,0.2,isolated,uniform,2,0.1,20,False,500,49,,,111,120,core,q
613,stress,21,main,M1,1000,5,2,6,elliptical,normal,balanced,0.1,0.05,3,gaussian,0.2,isolated,uniform,2,0.1,20,False,500,49,,,121,130,core,q
614,stress,21,main,M1,1000,5,2,6,elliptical,normal,balanced,0.1,0.05,3,gaussian,0.2,isolated,uniform,2,0.1,20,False,500,49,,,131,140,core,q
615,stress,21,main,M1,1000,5,2,6,elliptical,normal,balanced,0.1,0.05,3,gaussian,0.2,isolated,uniform,2,0.1,20,False,500,49,,,141,150,core,q
616,stress,21,main,M1,1000,5,2,6,elliptical,normal,balanced,0.1,0.05,3,gaussian,0.2,isolated,uniform,2,0.1,20,False,500,49,,,151,160,core,q
617,stress,21,main,M1,1000,5,2,6,elliptical,normal,balanced,0.1,0.05,3,gaussian,0.2,isolated,uniform,2,0.1,20,False,500,49,,,161,170,core,q
618,stress,21,main,M1,1000,5,2,6,elliptical,normal,balanced,0.1,0.05,3,gaussian,0.2,isolated,uniform,2,0.1,20,False,500,49,,,171,180,core,q
619,stress,21,main,M1,1000,5,2,6,elliptical,normal,balanced,0.1,0.05,3,gaussian,0.2,isolated,uniform,2,0.1,20,False,500,49,,,181,190,core,q
620,stress,21,main,M1,1000,5,2,6,elliptical,normal,balanced,0.1,0.05,3,gaussian,0.2,isolated,uniform,2,0.1,20,False,500,49,,,191,200,core,q
621,stress,21,main,M1,1000,5,2,6,elliptical,normal,balanced,0.1,0.05,3,gaussian,0.2,isolated,uniform,2,0.1,20,False,500,49,,,201,210,core,q
622,stress,21,main,M1,1000,5,2,6,elliptical,normal,balanced,0.1,0.05,3,gaussian,0.2,isolated,uniform,2,0.1,20,False,500,49,,,211,220,core,q
623,stress,21,main,M1,1000,5,2,6,elliptical,normal,balanced,0.1,0.05,3,gaussian,0.2,isolated,uniform,2,0.1,20,False,500,49,,,221,230,core,q
624,stress,21,main,M1,1000,5,2,6,elliptical,normal,balanced,0.1,0.05,3,gaussian,0.2,isolated,uniform,2,0.1,20,False,500,49,,,231,240,core,q
625,stress,21,main,M1,1000,5,2,6,elliptical,normal,balanced,0.1,0.05,3,gaussian,0.2,isolated,uniform,2,0.1,20,False,500,49,,,241,250,core,q
626,stress,21,main,M1,1000,5,2,6,elliptical,normal,balanced,0.1,0.05,3,gaussian,0.2,isolated,uniform,2,0.1,20,False,500,49,,,251,260,core,q
627,stress,21,main,M1,1000,5,2,6,elliptical,normal,balanced,0.1,0.05,3,gaussian,0.2,isolated,uniform,2,0.1,20,False,500,49,,,261,270,core,q
628,stress,21,main,M1,1000,5,2,6,elliptical,normal,balanced,0.1,0.05,3,gaussian,0.2,isolated,uniform,2,0.1,20,False,500,49,,,271,280,core,q
629,stress,21,main,M1,1000,5,2,6,elliptical,normal,balanced,0.1,0.05,3,gaussian,0.2,isolated,uniform,2,0.1,20,False,500,49,,,281,290,core,q
630,stress,21,main,M1,1000,5,2,6,elliptical,normal,balanced,0.1,0.05,3,gaussian,0.2,isolated,uniform,2,0.1,20,False,500,49,,,291,300,core,q
631,stress,22,main,M1,1000,5,2,6,elliptical,normal,balanced,0.1,0.05,1,gaussian,0.55,isolated,uniform,2,0.1,20,False,500,49,,,1,10,core,minority_sd
632,stress,22,main,M1,1000,5,2,6,elliptical,normal,balanced,0.1,0.05,1,gaussian,0.55,isolated,uniform,2,0.1,20,False,500,49,,,11,20,core,minority_sd
633,stress,22,main,M1,1000,5,2,6,elliptical,normal,balanced,0.1,0.05,1,gaussian,0.55,isolated,uniform,2,0.1,20,False,500,49,,,21,30,core,minority_sd
634,stress,22,main,M1,1000,5,2,6,elliptical,normal,balanced,0.1,0.05,1,gaussian,0.55,isolated,uniform,2,0.1,20,False,500,49,,,31,40,core,minority_sd
635,stress,22,main,M1,1000,5,2,6,elliptical,normal,balanced,0.1,0.05,1,gaussian,0.55,isolated,uniform,2,0.1,20,False,500,49,,,41,50,core,minority_sd
636,stress,22,main,M1,1000,5,2,6,elliptical,normal,balanced,0.1,0.05,1,gaussian,0.55,isolated,uniform,2,0.1,20,False,500,49,,,51,60,core,minority_sd
637,stress,22,main,M1,1000,5,2,6,elliptical,normal,balanced,0.1,0.05,1,gaussian,0.55,isolated,uniform,2,0.1,20,False,500,49,,,61,70,core,minority_sd
638,stress,22,main,M1,1000,5,2,6,elliptical,normal,balanced,0.1,0.05,1,gaussian,0.55,isolated,uniform,2,0.1,20,False,500,49,,,71,80,core,minority_sd
639,stress,22,main,M1,1000,5,2,6,elliptical,normal,balanced,0.1,0.05,1,gaussian,0.55,isolated,uniform,2,0.1,20,False,500,49,,,81,90,core,minority_sd
640,stress,22,main,M1,1000,5,2,6,elliptical,normal,balanced,0.1,0.05,1,gaussian,0.55,isolated,uniform,2,0.1,20,False,500,49,,,91,100,core,minority_sd
641,stress,22,main,M1,1000,5,2,6,elliptical,normal,balanced,0.1,0.05,1,gaussian,0.55,isolated,uniform,2,0.1,20,False,500,49,,,101,110,core,minority_sd
642,stress,22,main,M1,1000,5,2,6,elliptical,normal,balanced,0.1,0.05,1,gaussian,0.55,isolated,uniform,2,0.1,20,False,500,49,,,111,120,core,minority_sd
643,stress,22,main,M1,1000,5,2,6,elliptical,normal,balanced,0.1,0.05,1,gaussian,0.55,isolated,uniform,2,0.1,20,False,500,49,,,121,130,core,minority_sd
644,stress,22,main,M1,1000,5,2,6,elliptical,normal,balanced,0.1,0.05,1,gaussian,0.55,isolated,uniform,2,0.1,20,False,500,49,,,131,140,core,minority_sd
645,stress,22,main,M1,1000,5,2,6,elliptical,normal,balanced,0.1,0.05,1,gaussian,0.55,isolated,uniform,2,0.1,20,False,500,49,,,141,150,core,minority_sd
646,stress,22,main,M1,1000,5,2,6,elliptical,normal,balanced,0.1,0.05,1,gaussian,0.55,isolated,uniform,2,0.1,20,False,500,49,,,151,160,core,minority_sd
647,stress,22,main,M1,1000,5,2,6,elliptical,normal,balanced,0.1,0.05,1,gaussian,0.55,isolated,uniform,2,0.1,20,False,500,49,,,161,170,core,minority_sd
648,stress,22,main,M1,1000,5,2,6,elliptical,normal,balanced,0.1,0.05,1,gaussian,0.55,isolated,uniform,2,0.1,20,False,500,49,,,171,180,core,minority_sd
649,stress,22,main,M1,1000,5,2,6,elliptical,normal,balanced,0.1,0.05,1,gaussian,0.55,isolated,uniform,2,0.1,20,False,500,49,,,181,190,core,minority_sd
650,stress,22,main,M1,1000,5,2,6,elliptical,normal,balanced,0.1,0.05,1,gaussian,0.55,isolated,uniform,2,0.1,20,False,500,49,,,191,200,core,minority_sd
651,stress,22,main,M1,1000,5,2,6,elliptical,normal,balanced,0.1,0.05,1,gaussian,0.55,isolated,uniform,2,0.1,20,False,500,49,,,201,210,core,minority_sd
652,stress,22,main,M1,1000,5,2,6,elliptical,normal,balanced,0.1,0.05,1,gaussian,0.55,isolated,uniform,2,0.1,20,False,500,49,,,211,220,core,minority_sd
653,stress,22,main,M1,1000,5,2,6,elliptical,normal,balanced,0.1,0.05,1,gaussian,0.55,isolated,uniform,2,0.1,20,False,500,49,,,221,230,core,minority_sd
654,stress,22,main,M1,1000,5,2,6,elliptical,normal,balanced,0.1,0.05,1,gaussian,0.55,isolated,uniform,2,0.1,20,False,500,49,,,231,240,core,minority_sd
655,stress,22,main,M1,1000,5,2,6,elliptical,normal,balanced,0.1,0.05,1,gaussian,0.55,isolated,uniform,2,0.1,20,False,500,49,,,241,250,core,minority_sd
656,stress,22,main,M1,1000,5,2,6,elliptical,normal,balanced,0.1,0.05,1,gaussian,0.55,isolated,uniform,2,0.1,20,False,500,49,,,251,260,core,minority_sd
657,stress,22,main,M1,1000,5,2,6,elliptical,normal,balanced,0.1,0.05,1,gaussian,0.55,isolated,uniform,2,0.1,20,False,500,49,,,261,270,core,minority_sd
658,stress,22,main,M1,1000,5,2,6,elliptical,normal,balanced,0.1,0.05,1,gaussian,0.55,isolated,uniform,2,0.1,20,False,500,49,,,271,280,core,minority_sd
659,stress,22,main,M1,1000,5,2,6,elliptical,normal,balanced,0.1,0.05,1,gaussian,0.55,isolated,uniform,2,0.1,20,False,500,49,,,281,290,core,minority_sd
660,stress,22,main,M1,1000,5,2,6,elliptical,normal,balanced,0.1,0.05,1,gaussian,0.55,isolated,uniform,2,0.1,20,False,500,49,,,291,300,core,minority_sd
661,stress,23,main,M1,1000,5,2,6,elliptical,normal,balanced,0.1,0.05,1,gaussian,1.0,isolated,uniform,2,0.1,20,False,500,49,,,1,10,core,minority_sd
662,stress,23,main,M1,1000,5,2,6,elliptical,normal,balanced,0.1,0.05,1,gaussian,1.0,isolated,uniform,2,0.1,20,False,500,49,,,11,20,core,minority_sd
663,stress,23,main,M1,1000,5,2,6,elliptical,normal,balanced,0.1,0.05,1,gaussian,1.0,isolated,uniform,2,0.1,20,False,500,49,,,21,30,core,minority_sd
664,stress,23,main,M1,1000,5,2,6,elliptical,normal,balanced,0.1,0.05,1,gaussian,1.0,isolated,uniform,2,0.1,20,False,500,49,,,31,40,core,minority_sd
665,stress,23,main,M1,1000,5,2,6,elliptical,normal,balanced,0.1,0.05,1,gaussian,1.0,isolated,uniform,2,0.1,20,False,500,49,,,41,50,core,minority_sd
666,stress,23,main,M1,1000,5,2,6,elliptical,normal,balanced,0.1,0.05,1,gaussian,1.0,isolated,uniform,2,0.1,20,False,500,49,,,51,60,core,minority_sd
667,stress,23,main,M1,1000,5,2,6,elliptical,normal,balanced,0.1,0.05,1,gaussian,1.0,isolated,uniform,2,0.1,20,False,500,49,,,61,70,core,minority_sd
668,stress,23,main,M1,1000,5,2,6,elliptical,normal,balanced,0.1,0.05,1,gaussian,1.0,isolated,uniform,2,0.1,20,False,500,49,,,71,80,core,minority_sd
669,stress,23,main,M1,1000,5,2,6,elliptical,normal,balanced,0.1,0.05,1,gaussian,1.0,isolated,uniform,2,0.1,20,False,500,49,,,81,90,core,minority_sd
670,stress,23,main,M1,1000,5,2,6,elliptical,normal,balanced,0.1,0.05,1,gaussian,1.0,isolated,uniform,2,0.1,20,False,500,49,,,91,100,core,minority_sd
671,stress,23,main,M1,1000,5,2,6,elliptical,normal,balanced,0.1,0.05,1,gaussian,1.0,isolated,uniform,2,0.1,20,False,500,49,,,101,110,core,minority_sd
672,stress,23,main,M1,1000,5,2,6,elliptical,normal,balanced,0.1,0.05,1,gaussian,1.0,isolated,uniform,2,0.1,20,False,500,49,,,111,120,core,minority_sd
673,stress,23,main,M1,1000,5,2,6,elliptical,normal,balanced,0.1,0.05,1,gaussian,1.0,isolated,uniform,2,0.1,20,False,500,49,,,121,130,core,minority_sd
674,stress,23,main,M1,1000,5,2,6,elliptical,normal,balanced,0.1,0.05,1,gaussian,1.0,isolated,uniform,2,0.1,20,False,500,49,,,131,140,core,minority_sd
675,stress,23,main,M1,1000,5,2,6,elliptical,normal,balanced,0.1,0.05,1,gaussian,1.0,isolated,uniform,2,0.1,20,False,500,49,,,141,150,core,minority_sd
676,stress,23,main,M1,1000,5,2,6,elliptical,normal,balanced,0.1,0.05,1,gaussian,1.0,isolated,uniform,2,0.1,20,False,500,49,,,151,160,core,minority_sd
677,stress,23,main,M1,1000,5,2,6,elliptical,normal,balanced,0.1,0.05,1,gaussian,1.0,isolated,uniform,2,0.1,20,False,500,49,,,161,170,core,minority_sd
678,stress,23,main,M1,1000,5,2,6,elliptical,normal,balanced,0.1,0.05,1,gaussian,1.0,isolated,uniform,2,0.1,20,False,500,49,,,171,180,core,minority_sd
679,stress,23,main,M1,1000,5,2,6,elliptical,normal,balanced,0.1,0.05,1,gaussian,1.0,isolated,uniform,2,0.1,20,False,500,49,,,181,190,core,minority_sd
680,stress,23,main,M1,1000,5,2,6,elliptical,normal,balanced,0.1,0.05,1,gaussian,1.0,isolated,uniform,2,0.1,20,False,500,49,,,191,200,core,minority_sd
681,stress,23,main,M1,1000,5,2,6,elliptical,normal,balanced,0.1,0.05,1,gaussian,1.0,isolated,uniform,2,0.1,20,False,500,49,,,201,210,core,minority_sd
682,stress,23,main,M1,1000,5,2,6,elliptical,normal,balanced,0.1,0.05,1,gaussian,1.0,isolated,uniform,2,0.1,20,False,500,49,,,211,220,core,minority_sd
683,stress,23,main,M1,1000,5,2,6,elliptical,normal,balanced,0.1,0.05,1,gaussian,1.0,isolated,uniform,2,0.1,20,False,500,49,,,221,230,core,minority_sd
684,stress,23,main,M1,1000,5,2,6,elliptical,normal,balanced,0.1,0.05,1,gaussian,1.0,isolated,uniform,2,0.1,20,False,500,49,,,231,240,core,minority_sd
685,stress,23,main,M1,1000,5,2,6,elliptical,normal,balanced,0.1,0.05,1,gaussian,1.0,isolated,uniform,2,0.1,20,False,500,49,,,241,250,core,minority_sd
686,stress,23,main,M1,1000,5,2,6,elliptical,normal,balanced,0.1,0.05,1,gaussian,1.0,isolated,uniform,2,0.1,20,False,500,49,,,251,260,core,minority_sd
687,stress,23,main,M1,1000,5,2,6,elliptical,normal,balanced,0.1,0.05,1,gaussian,1.0,isolated,uniform,2,0.1,20,False,500,49,,,261,270,core,minority_sd
688,stress,23,main,M1,1000,5,2,6,elliptical,normal,balanced,0.1,0.05,1,gaussian,1.0,isolated,uniform,2,0.1,20,False,500,49,,,271,280,core,minority_sd
689,stress,23,main,M1,1000,5,2,6,elliptical,normal,balanced,0.1,0.05,1,gaussian,1.0,isolated,uniform,2,0.1,20,False,500,49,,,281,290,core,minority_sd
690,stress,23,main,M1,1000,5,2,6,elliptical,normal,balanced,0.1,0.05,1,gaussian,1.0,isolated,uniform,2,0.1,20,False,500,49,,,291,300,core,minority_sd
691,stress,24,main,M1,1000,5,2,6,elliptical,normal,balanced,0.1,0.05,1,gaussian,0.2,adjacent,uniform,2,0.1,20,False,500,49,,,1,10,core,minority_proximity
692,stress,24,main,M1,1000,5,2,6,elliptical,normal,balanced,0.1,0.05,1,gaussian,0.2,adjacent,uniform,2,0.1,20,False,500,49,,,11,20,core,minority_proximity
693,stress,24,main,M1,1000,5,2,6,elliptical,normal,balanced,0.1,0.05,1,gaussian,0.2,adjacent,uniform,2,0.1,20,False,500,49,,,21,30,core,minority_proximity
694,stress,24,main,M1,1000,5,2,6,elliptical,normal,balanced,0.1,0.05,1,gaussian,0.2,adjacent,uniform,2,0.1,20,False,500,49,,,31,40,core,minority_proximity
695,stress,24,main,M1,1000,5,2,6,elliptical,normal,balanced,0.1,0.05,1,gaussian,0.2,adjacent,uniform,2,0.1,20,False,500,49,,,41,50,core,minority_proximity
696,stress,24,main,M1,1000,5,2,6,elliptical,normal,balanced,0.1,0.05,1,gaussian,0.2,adjacent,uniform,2,0.1,20,False,500,49,,,51,60,core,minority_proximity
697,stress,24,main,M1,1000,5,2,6,elliptical,normal,balanced,0.1,0.05,1,gaussian,0.2,adjacent,uniform,2,0.1,20,False,500,49,,,61,70,core,minority_proximity
698,stress,24,main,M1,1000,5,2,6,elliptical,normal,balanced,0.1,0.05,1,gaussian,0.2,adjacent,uniform,2,0.1,20,False,500,49,,,71,80,core,minority_proximity
699,stress,24,main,M1,1000,5,2,6,elliptical,normal,balanced,0.1,0.05,1,gaussian,0.2,adjacent,uniform,2,0.1,20,False,500,49,,,81,90,core,minority_proximity
700,stress,24,main,M1,1000,5,2,6,elliptical,normal,balanced,0.1,0.05,1,gaussian,0.2,adjacent,uniform,2,0.1,20,False,500,49,,,91,100,core,minority_proximity
701,stress,24,main,M1,1000,5,2,6,elliptical,normal,balanced,0.1,0.05,1,gaussian,0.2,adjacent,uniform,2,0.1,20,False,500,49,,,101,110,core,minority_proximity
702,stress,24,main,M1,1000,5,2,6,elliptical,normal,balanced,0.1,0.05,1,gaussian,0.2,adjacent,uniform,2,0.1,20,False,500,49,,,111,120,core,minority_proximity
703,stress,24,main,M1,1000,5,2,6,elliptical,normal,balanced,0.1,0.05,1,gaussian,0.2,adjacent,uniform,2,0.1,20,False,500,49,,,121,130,core,minority_proximity
704,stress,24,main,M1,1000,5,2,6,elliptical,normal,balanced,0.1,0.05,1,gaussian,0.2,adjacent,uniform,2,0.1,20,False,500,49,,,131,140,core,minority_proximity
705,stress,24,main,M1,1000,5,2,6,elliptical,normal,balanced,0.1,0.05,1,gaussian,0.2,adjacent,uniform,2,0.1,20,False,500,49,,,141,150,core,minority_proximity
706,stress,24,main,M1,1000,5,2,6,elliptical,normal,balanced,0.1,0.05,1,gaussian,0.2,adjacent,uniform,2,0.1,20,False,500,49,,,151,160,core,minority_proximity
707,stress,24,main,M1,1000,5,2,6,elliptical,normal,balanced,0.1,0.05,1,gaussian,0.2,adjacent,uniform,2,0.1,20,False,500,49,,,161,170,core,minority_proximity
708,stress,24,main,M1,1000,5,2,6,elliptical,normal,balanced,0.1,0.05,1,gaussian,0.2,adjacent,uniform,2,0.1,20,False,500,49,,,171,180,core,minority_proximity
709,stress,24,main,M1,1000,5,2,6,elliptical,normal,balanced,0.1,0.05,1,gaussian,0.2,adjacent,uniform,2,0.1,20,False,500,49,,,181,190,core,minority_proximity
710,stress,24,main,M1,1000,5,2,6,elliptical,normal,balanced,0.1,0.05,1,gaussian,0.2,adjacent,uniform,2,0.1,20,False,500,49,,,191,200,core,minority_proximity
711,stress,24,main,M1,1000,5,2,6,elliptical,normal,balanced,0.1,0.05,1,gaussian,0.2,adjacent,uniform,2,0.1,20,False,500,49,,,201,210,core,minority_proximity
712,stress,24,main,M1,1000,5,2,6,elliptical,normal,balanced,0.1,0.05,1,gaussian,0.2,adjacent,uniform,2,0.1,20,False,500,49,,,211,220,core,minority_proximity
713,stress,24,main,M1,1000,5,2,6,elliptical,normal,balanced,0.1,0.05,1,gaussian,0.2,adjacent,uniform,2,0.1,20,False,500,49,,,221,230,core,minority_proximity
714,stress,24,main,M1,1000,5,2,6,elliptical,normal,balanced,0.1,0.05,1,gaussian,0.2,adjacent,uniform,2,0.1,20,False,500,49,,,231,240,core,minority_proximity
715,stress,24,main,M1,1000,5,2,6,elliptical,normal,balanced,0.1,0.05,1,gaussian,0.2,adjacent,uniform,2,0.1,20,False,500,49,,,241,250,core,minority_proximity
716,stress,24,main,M1,1000,5,2,6,elliptical,normal,balanced,0.1,0.05,1,gaussian,0.2,adjacent,uniform,2,0.1,20,False,500,49,,,251,260,core,minority_proximity
717,stress,24,main,M1,1000,5,2,6,elliptical,normal,balanced,0.1,0.05,1,gaussian,0.2,adjacent,uniform,2,0.1,20,False,500,49,,,261,270,core,minority_proximity
718,stress,24,main,M1,1000,5,2,6,elliptical,normal,balanced,0.1,0.05,1,gaussian,0.2,adjacent,uniform,2,0.1,20,False,500,49,,,271,280,core,minority_proximity
719,stress,24,main,M1,1000,5,2,6,elliptical,normal,balanced,0.1,0.05,1,gaussian,0.2,adjacent,uniform,2,0.1,20,False,500,49,,,281,290,core,minority_proximity
720,stress,24,main,M1,1000,5,2,6,elliptical,normal,balanced,0.1,0.05,1,gaussian,0.2,adjacent,uniform,2,0.1,20,False,500,49,,,291,300,core,minority_proximity
721,stress,25,main,M1,1000,5,2,6,elliptical,normal,balanced,0.1,0.05,1,gaussian,0.2,overlapping,uniform,2,0.1,20,False,500,49,,,1,10,core,minority_proximity
722,stress,25,main,M1,1000,5,2,6,elliptical,normal,balanced,0.1,0.05,1,gaussian,0.2,overlapping,uniform,2,0.1,20,False,500,49,,,11,20,core,minority_proximity
723,stress,25,main,M1,1000,5,2,6,elliptical,normal,balanced,0.1,0.05,1,gaussian,0.2,overlapping,uniform,2,0.1,20,False,500,49,,,21,30,core,minority_proximity
724,stress,25,main,M1,1000,5,2,6,elliptical,normal,balanced,0.1,0.05,1,gaussian,0.2,overlapping,uniform,2,0.1,20,False,500,49,,,31,40,core,minority_proximity
725,stress,25,main,M1,1000,5,2,6,elliptical,normal,balanced,0.1,0.05,1,gaussian,0.2,overlapping,uniform,2,0.1,20,False,500,49,,,41,50,core,minority_proximity
726,stress,25,main,M1,1000,5,2,6,elliptical,normal,balanced,0.1,0.05,1,gaussian,0.2,overlapping,uniform,2,0.1,20,False,500,49,,,51,60,core,minority_proximity
727,stress,25,main,M1,1000,5,2,6,elliptical,normal,balanced,0.1,0.05,1,gaussian,0.2,overlapping,uniform,2,0.1,20,False,500,49,,,61,70,core,minority_proximity
728,stress,25,main,M1,1000,5,2,6,elliptical,normal,balanced,0.1,0.05,1,gaussian,0.2,overlapping,uniform,2,0.1,20,False,500,49,,,71,80,core,minority_proximity
729,stress,25,main,M1,1000,5,2,6,elliptical,normal,balanced,0.1,0.05,1,gaussian,0.2,overlapping,uniform,2,0.1,20,False,500,49,,,81,90,core,minority_proximity
730,stress,25,main,M1,1000,5,2,6,elliptical,normal,balanced,0.1,0.05,1,gaussian,0.2,overlapping,uniform,2,0.1,20,False,500,49,,,91,100,core,minority_proximity
731,stress,25,main,M1,1000,5,2,6,elliptical,normal,balanced,0.1,0.05,1,gaussian,0.2,overlapping,uniform,2,0.1,20,False,500,49,,,101,110,core,minority_proximity
732,stress,25,main,M1,1000,5,2,6,elliptical,normal,balanced,0.1,0.05,1,gaussian,0.2,overlapping,uniform,2,0.1,20,False,500,49,,,111,120,core,minority_proximity
733,stress,25,main,M1,1000,5,2,6,elliptical,normal,balanced,0.1,0.05,1,gaussian,0.2,overlapping,uniform,2,0.1,20,False,500,49,,,121,130,core,minority_proximity
734,stress,25,main,M1,1000,5,2,6,elliptical,normal,balanced,0.1,0.05,1,gaussian,0.2,overlapping,uniform,2,0.1,20,False,500,49,,,131,140,core,minority_proximity
735,stress,25,main,M1,1000,5,2,6,elliptical,normal,balanced,0.1,0.05,1,gaussian,0.2,overlapping,uniform,2,0.1,20,False,500,49,,,141,150,core,minority_proximity
736,stress,25,main,M1,1000,5,2,6,elliptical,normal,balanced,0.1,0.05,1,gaussian,0.2,overlapping,uniform,2,0.1,20,False,500,49,,,151,160,core,minority_proximity
737,stress,25,main,M1,1000,5,2,6,elliptical,normal,balanced,0.1,0.05,1,gaussian,0.2,overlapping,uniform,2,0.1,20,False,500,49,,,161,170,core,minority_proximity
738,stress,25,main,M1,1000,5,2,6,elliptical,normal,balanced,0.1,0.05,1,gaussian,0.2,overlapping,uniform,2,0.1,20,False,500,49,,,171,180,core,minority_proximity
739,stress,25,main,M1,1000,5,2,6,elliptical,normal,balanced,0.1,0.05,1,gaussian,0.2,overlapping,uniform,2,0.1,20,False,500,49,,,181,190,core,minority_proximity
740,stress,25,main,M1,1000,5,2,6,elliptical,normal,balanced,0.1,0.05,1,gaussian,0.2,overlapping,uniform,2,0.1,20,False,500,49,,,191,200,core,minority_proximity
741,stress,25,main,M1,1000,5,2,6,elliptical,normal,balanced,0.1,0.05,1,gaussian,0.2,overlapping,uniform,2,0.1,20,False,500,49,,,201,210,core,minority_proximity
742,stress,25,main,M1,1000,5,2,6,elliptical,normal,balanced,0.1,0.05,1,gaussian,0.2,overlapping,uniform,2,0.1,20,False,500,49,,,211,220,core,minority_proximity
743,stress,25,main,M1,1000,5,2,6,elliptical,normal,balanced,0.1,0.05,1,gaussian,0.2,overlapping,uniform,2,0.1,20,False,500,49,,,221,230,core,minority_proximity
744,stress,25,main,M1,1000,5,2,6,elliptical,normal,balanced,0.1,0.05,1,gaussian,0.2,overlapping,uniform,2,0.1,20,False,500,49,,,231,240,core,minority_proximity
745,stress,25,main,M1,1000,5,2,6,elliptical,normal,balanced,0.1,0.05,1,gaussian,0.2,overlapping,uniform,2,0.1,20,False,500,49,,,241,250,core,minority_proximity
746,stress,25,main,M1,1000,5,2,6,elliptical,normal,balanced,0.1,0.05,1,gaussian,0.2,overlapping,uniform,2,0.1,20,False,500,49,,,251,260,core,minority_proximity
747,stress,25,main,M1,1000,5,2,6,elliptical,normal,balanced,0.1,0.05,1,gaussian,0.2,overlapping,uniform,2,0.1,20,False,500,49,,,261,270,core,minority_proximity
748,stress,25,main,M1,1000,5,2,6,elliptical,normal,balanced,0.1,0.05,1,gaussian,0.2,overlapping,uniform,2,0.1,20,False,500,49,,,271,280,core,minority_proximity
749,stress,25,main,M1,1000,5,2,6,elliptical,normal,balanced,0.1,0.05,1,gaussian,0.2,overlapping,uniform,2,0.1,20,False,500,49,,,281,290,core,minority_proximity
750,stress,25,main,M1,1000,5,2,6,elliptical,normal,balanced,0.1,0.05,1,gaussian,0.2,overlapping,uniform,2,0.1,20,False,500,49,,,291,300,core,minority_proximity
751,stress,26,main,M1,1000,5,2,6,elliptical,normal,balanced,0.1,0.05,1,elongated,0.2,isolated,uniform,2,0.1,20,False,500,49,,,1,10,core,minority_shape
752,stress,26,main,M1,1000,5,2,6,elliptical,normal,balanced,0.1,0.05,1,elongated,0.2,isolated,uniform,2,0.1,20,False,500,49,,,11,20,core,minority_shape
753,stress,26,main,M1,1000,5,2,6,elliptical,normal,balanced,0.1,0.05,1,elongated,0.2,isolated,uniform,2,0.1,20,False,500,49,,,21,30,core,minority_shape
754,stress,26,main,M1,1000,5,2,6,elliptical,normal,balanced,0.1,0.05,1,elongated,0.2,isolated,uniform,2,0.1,20,False,500,49,,,31,40,core,minority_shape
755,stress,26,main,M1,1000,5,2,6,elliptical,normal,balanced,0.1,0.05,1,elongated,0.2,isolated,uniform,2,0.1,20,False,500,49,,,41,50,core,minority_shape
756,stress,26,main,M1,1000,5,2,6,elliptical,normal,balanced,0.1,0.05,1,elongated,0.2,isolated,uniform,2,0.1,20,False,500,49,,,51,60,core,minority_shape
757,stress,26,main,M1,1000,5,2,6,elliptical,normal,balanced,0.1,0.05,1,elongated,0.2,isolated,uniform,2,0.1,20,False,500,49,,,61,70,core,minority_shape
758,stress,26,main,M1,1000,5,2,6,elliptical,normal,balanced,0.1,0.05,1,elongated,0.2,isolated,uniform,2,0.1,20,False,500,49,,,71,80,core,minority_shape
759,stress,26,main,M1,1000,5,2,6,elliptical,normal,balanced,0.1,0.05,1,elongated,0.2,isolated,uniform,2,0.1,20,False,500,49,,,81,90,core,minority_shape
760,stress,26,main,M1,1000,5,2,6,elliptical,normal,balanced,0.1,0.05,1,elongated,0.2,isolated,uniform,2,0.1,20,False,500,49,,,91,100,core,minority_shape
761,stress,26,main,M1,1000,5,2,6,elliptical,normal,balanced,0.1,0.05,1,elongated,0.2,isolated,uniform,2,0.1,20,False,500,49,,,101,110,core,minority_shape
762,stress,26,main,M1,1000,5,2,6,elliptical,normal,balanced,0.1,0.05,1,elongated,0.2,isolated,uniform,2,0.1,20,False,500,49,,,111,120,core,minority_shape
763,stress,26,main,M1,1000,5,2,6,elliptical,normal,balanced,0.1,0.05,1,elongated,0.2,isolated,uniform,2,0.1,20,False,500,49,,,121,130,core,minority_shape
764,stress,26,main,M1,1000,5,2,6,elliptical,normal,balanced,0.1,0.05,1,elongated,0.2,isolated,uniform,2,0.1,20,False,500,49,,,131,140,core,minority_shape
765,stress,26,main,M1,1000,5,2,6,elliptical,normal,balanced,0.1,0.05,1,elongated,0.2,isolated,uniform,2,0.1,20,False,500,49,,,141,150,core,minority_shape
766,stress,26,main,M1,1000,5,2,6,elliptical,normal,balanced,0.1,0.05,1,elongated,0.2,isolated,uniform,2,0.1,20,False,500,49,,,151,160,core,minority_shape
767,stress,26,main,M1,1000,5,2,6,elliptical,normal,balanced,0.1,0.05,1,elongated,0.2,isolated,uniform,2,0.1,20,False,500,49,,,161,170,core,minority_shape
768,stress,26,main,M1,1000,5,2,6,elliptical,normal,balanced,0.1,0.05,1,elongated,0.2,isolated,uniform,2,0.1,20,False,500,49,,,171,180,core,minority_shape
769,stress,26,main,M1,1000,5,2,6,elliptical,normal,balanced,0.1,0.05,1,elongated,0.2,isolated,uniform,2,0.1,20,False,500,49,,,181,190,core,minority_shape
770,stress,26,main,M1,1000,5,2,6,elliptical,normal,balanced,0.1,0.05,1,elongated,0.2,isolated,uniform,2,0.1,20,False,500,49,,,191,200,core,minority_shape
771,stress,26,main,M1,1000,5,2,6,elliptical,normal,balanced,0.1,0.05,1,elongated,0.2,isolated,uniform,2,0.1,20,False,500,49,,,201,210,core,minority_shape
772,stress,26,main,M1,1000,5,2,6,elliptical,normal,balanced,0.1,0.05,1,elongated,0.2,isolated,uniform,2,0.1,20,False,500,49,,,211,220,core,minority_shape
773,stress,26,main,M1,1000,5,2,6,elliptical,normal,balanced,0.1,0.05,1,elongated,0.2,isolated,uniform,2,0.1,20,False,500,49,,,221,230,core,minority_shape
774,stress,26,main,M1,1000,5,2,6,elliptical,normal,balanced,0.1,0.05,1,elongated,0.2,isolated,uniform,2,0.1,20,False,500,49,,,231,240,core,minority_shape
775,stress,26,main,M1,1000,5,2,6,elliptical,normal,balanced,0.1,0.05,1,elongated,0.2,isolated,uniform,2,0.1,20,False,500,49,,,241,250,core,minority_shape
776,stress,26,main,M1,1000,5,2,6,elliptical,normal,balanced,0.1,0.05,1,elongated,0.2,isolated,uniform,2,0.1,20,False,500,49,,,251,260,core,minority_shape
777,stress,26,main,M1,1000,5,2,6,elliptical,normal,balanced,0.1,0.05,1,elongated,0.2,isolated,uniform,2,0.1,20,False,500,49,,,261,270,core,minority_shape
778,stress,26,main,M1,1000,5,2,6,elliptical,normal,balanced,0.1,0.05,1,elongated,0.2,isolated,uniform,2,0.1,20,False,500,49,,,271,280,core,minority_shape
779,stress,26,main,M1,1000,5,2,6,elliptical,normal,balanced,0.1,0.05,1,elongated,0.2,isolated,uniform,2,0.1,20,False,500,49,,,281,290,core,minority_shape
780,stress,26,main,M1,1000,5,2,6,elliptical,normal,balanced,0.1,0.05,1,elongated,0.2,isolated,uniform,2,0.1,20,False,500,49,,,291,300,core,minority_shape
781,stress,27,main,M1,1000,5,2,6,elliptical,normal,balanced,0.1,0.05,1,ring,0.2,isolated,uniform,2,0.1,20,False,500,49,,,1,10,core,minority_shape
782,stress,27,main,M1,1000,5,2,6,elliptical,normal,balanced,0.1,0.05,1,ring,0.2,isolated,uniform,2,0.1,20,False,500,49,,,11,20,core,minority_shape
783,stress,27,main,M1,1000,5,2,6,elliptical,normal,balanced,0.1,0.05,1,ring,0.2,isolated,uniform,2,0.1,20,False,500,49,,,21,30,core,minority_shape
784,stress,27,main,M1,1000,5,2,6,elliptical,normal,balanced,0.1,0.05,1,ring,0.2,isolated,uniform,2,0.1,20,False,500,49,,,31,40,core,minority_shape
785,stress,27,main,M1,1000,5,2,6,elliptical,normal,balanced,0.1,0.05,1,ring,0.2,isolated,uniform,2,0.1,20,False,500,49,,,41,50,core,minority_shape
786,stress,27,main,M1,1000,5,2,6,elliptical,normal,balanced,0.1,0.05,1,ring,0.2,isolated,uniform,2,0.1,20,False,500,49,,,51,60,core,minority_shape
787,stress,27,main,M1,1000,5,2,6,elliptical,normal,balanced,0.1,0.05,1,ring,0.2,isolated,uniform,2,0.1,20,False,500,49,,,61,70,core,minority_shape
788,stress,27,main,M1,1000,5,2,6,elliptical,normal,balanced,0.1,0.05,1,ring,0.2,isolated,uniform,2,0.1,20,False,500,49,,,71,80,core,minority_shape
789,stress,27,main,M1,1000,5,2,6,elliptical,normal,balanced,0.1,0.05,1,ring,0.2,isolated,uniform,2,0.1,20,False,500,49,,,81,90,core,minority_shape
790,stress,27,main,M1,1000,5,2,6,elliptical,normal,balanced,0.1,0.05,1,ring,0.2,isolated,uniform,2,0.1,20,False,500,49,,,91,100,core,minority_shape
791,stress,27,main,M1,1000,5,2,6,elliptical,normal,balanced,0.1,0.05,1,ring,0.2,isolated,uniform,2,0.1,20,False,500,49,,,101,110,core,minority_shape
792,stress,27,main,M1,1000,5,2,6,elliptical,normal,balanced,0.1,0.05,1,ring,0.2,isolated,uniform,2,0.1,20,False,500,49,,,111,120,core,minority_shape
793,stress,27,main,M1,1000,5,2,6,elliptical,normal,balanced,0.1,0.05,1,ring,0.2,isolated,uniform,2,0.1,20,False,500,49,,,121,130,core,minority_shape
794,stress,27,main,M1,1000,5,2,6,elliptical,normal,balanced,0.1,0.05,1,ring,0.2,isolated,uniform,2,0.1,20,False,500,49,,,131,140,core,minority_shape
795,stress,27,main,M1,1000,5,2,6,elliptical,normal,balanced,0.1,0.05,1,ring,0.2,isolated,uniform,2,0.1,20,False,500,49,,,141,150,core,minority_shape
796,stress,27,main,M1,1000,5,2,6,elliptical,normal,balanced,0.1,0.05,1,ring,0.2,isolated,uniform,2,0.1,20,False,500,49,,,151,160,core,minority_shape
797,stress,27,main,M1,1000,5,2,6,elliptical,normal,balanced,0.1,0.05,1,ring,0.2,isolated,uniform,2,0.1,20,False,500,49,,,161,170,core,minority_shape
798,stress,27,main,M1,1000,5,2,6,elliptical,normal,balanced,0.1,0.05,1,ring,0.2,isolated,uniform,2,0.1,20,False,500,49,,,171,180,core,minority_shape
799,stress,27,main,M1,1000,5,2,6,elliptical,normal,balanced,0.1,0.05,1,ring,0.2,isolated,uniform,2,0.1,20,False,500,49,,,181,190,core,minority_shape
800,stress,27,main,M1,1000,5,2,6,elliptical,normal,balanced,0.1,0.05,1,ring,0.2,isolated,uniform,2,0.1,20,False,500,49,,,191,200,core,minority_shape
801,stress,27,main,M1,1000,5,2,6,elliptical,normal,balanced,0.1,0.05,1,ring,0.2,isolated,uniform,2,0.1,20,False,500,49,,,201,210,core,minority_shape
802,stress,27,main,M1,1000,5,2,6,elliptical,normal,balanced,0.1,0.05,1,ring,0.2,isolated,uniform,2,0.1,20,False,500,49,,,211,220,core,minority_shape
803,stress,27,main,M1,1000,5,2,6,elliptical,normal,balanced,0.1,0.05,1,ring,0.2,isolated,uniform,2,0.1,20,False,500,49,,,221,230,core,minority_shape
804,stress,27,main,M1,1000,5,2,6,elliptical,normal,balanced,0.1,0.05,1,ring,0.2,isolated,uniform,2,0.1,20,False,500,49,,,231,240,core,minority_shape
805,stress,27,main,M1,1000,5,2,6,elliptical,normal,balanced,0.1,0.05,1,ring,0.2,isolated,uniform,2,0.1,20,False,500,49,,,241,250,core,minority_shape
806,stress,27,main,M1,1000,5,2,6,elliptical,normal,balanced,0.1,0.05,1,ring,0.2,isolated,uniform,2,0.1,20,False,500,49,,,251,260,core,minority_shape
807,stress,27,main,M1,1000,5,2,6,elliptical,normal,balanced,0.1,0.05,1,ring,0.2,isolated,uniform,2,0.1,20,False,500,49,,,261,270,core,minority_shape
808,stress,27,main,M1,1000,5,2,6,elliptical,normal,balanced,0.1,0.05,1,ring,0.2,isolated,uniform,2,0.1,20,False,500,49,,,271,280,core,minority_shape
809,stress,27,main,M1,1000,5,2,6,elliptical,normal,balanced,0.1,0.05,1,ring,0.2,isolated,uniform,2,0.1,20,False,500,49,,,281,290,core,minority_shape
810,stress,27,main,M1,1000,5,2,6,elliptical,normal,balanced,0.1,0.05,1,ring,0.2,isolated,uniform,2,0.1,20,False,500,49,,,291,300,core,minority_shape
811,stress,28,main,M1,1000,5,2,6,elliptical,normal,balanced,0.1,0.05,1,gaussian,0.2,isolated,gaussian_diffuse,2,0.1,20,False,500,49,,,1,10,core,noise_type
812,stress,28,main,M1,1000,5,2,6,elliptical,normal,balanced,0.1,0.05,1,gaussian,0.2,isolated,gaussian_diffuse,2,0.1,20,False,500,49,,,11,20,core,noise_type
813,stress,28,main,M1,1000,5,2,6,elliptical,normal,balanced,0.1,0.05,1,gaussian,0.2,isolated,gaussian_diffuse,2,0.1,20,False,500,49,,,21,30,core,noise_type
814,stress,28,main,M1,1000,5,2,6,elliptical,normal,balanced,0.1,0.05,1,gaussian,0.2,isolated,gaussian_diffuse,2,0.1,20,False,500,49,,,31,40,core,noise_type
815,stress,28,main,M1,1000,5,2,6,elliptical,normal,balanced,0.1,0.05,1,gaussian,0.2,isolated,gaussian_diffuse,2,0.1,20,False,500,49,,,41,50,core,noise_type
816,stress,28,main,M1,1000,5,2,6,elliptical,normal,balanced,0.1,0.05,1,gaussian,0.2,isolated,gaussian_diffuse,2,0.1,20,False,500,49,,,51,60,core,noise_type
817,stress,28,main,M1,1000,5,2,6,elliptical,normal,balanced,0.1,0.05,1,gaussian,0.2,isolated,gaussian_diffuse,2,0.1,20,False,500,49,,,61,70,core,noise_type
818,stress,28,main,M1,1000,5,2,6,elliptical,normal,balanced,0.1,0.05,1,gaussian,0.2,isolated,gaussian_diffuse,2,0.1,20,False,500,49,,,71,80,core,noise_type
819,stress,28,main,M1,1000,5,2,6,elliptical,normal,balanced,0.1,0.05,1,gaussian,0.2,isolated,gaussian_diffuse,2,0.1,20,False,500,49,,,81,90,core,noise_type
820,stress,28,main,M1,1000,5,2,6,elliptical,normal,balanced,0.1,0.05,1,gaussian,0.2,isolated,gaussian_diffuse,2,0.1,20,False,500,49,,,91,100,core,noise_type
821,stress,28,main,M1,1000,5,2,6,elliptical,normal,balanced,0.1,0.05,1,gaussian,0.2,isolated,gaussian_diffuse,2,0.1,20,False,500,49,,,101,110,core,noise_type
822,stress,28,main,M1,1000,5,2,6,elliptical,normal,balanced,0.1,0.05,1,gaussian,0.2,isolated,gaussian_diffuse,2,0.1,20,False,500,49,,,111,120,core,noise_type
823,stress,28,main,M1,1000,5,2,6,elliptical,normal,balanced,0.1,0.05,1,gaussian,0.2,isolated,gaussian_diffuse,2,0.1,20,False,500,49,,,121,130,core,noise_type
824,stress,28,main,M1,1000,5,2,6,elliptical,normal,balanced,0.1,0.05,1,gaussian,0.2,isolated,gaussian_diffuse,2,0.1,20,False,500,49,,,131,140,core,noise_type
825,stress,28,main,M1,1000,5,2,6,elliptical,normal,balanced,0.1,0.05,1,gaussian,0.2,isolated,gaussian_diffuse,2,0.1,20,False,500,49,,,141,150,core,noise_type
826,stress,28,main,M1,1000,5,2,6,elliptical,normal,balanced,0.1,0.05,1,gaussian,0.2,isolated,gaussian_diffuse,2,0.1,20,False,500,49,,,151,160,core,noise_type
827,stress,28,main,M1,1000,5,2,6,elliptical,normal,balanced,0.1,0.05,1,gaussian,0.2,isolated,gaussian_diffuse,2,0.1,20,False,500,49,,,161,170,core,noise_type
828,stress,28,main,M1,1000,5,2,6,elliptical,normal,balanced,0.1,0.05,1,gaussian,0.2,isolated,gaussian_diffuse,2,0.1,20,False,500,49,,,171,180,core,noise_type
829,stress,28,main,M1,1000,5,2,6,elliptical,normal,balanced,0.1,0.05,1,gaussian,0.2,isolated,gaussian_diffuse,2,0.1,20,False,500,49,,,181,190,core,noise_type
830,stress,28,main,M1,1000,5,2,6,elliptical,normal,balanced,0.1,0.05,1,gaussian,0.2,isolated,gaussian_diffuse,2,0.1,20,False,500,49,,,191,200,core,noise_type
831,stress,28,main,M1,1000,5,2,6,elliptical,normal,balanced,0.1,0.05,1,gaussian,0.2,isolated,gaussian_diffuse,2,0.1,20,False,500,49,,,201,210,core,noise_type
832,stress,28,main,M1,1000,5,2,6,elliptical,normal,balanced,0.1,0.05,1,gaussian,0.2,isolated,gaussian_diffuse,2,0.1,20,False,500,49,,,211,220,core,noise_type
833,stress,28,main,M1,1000,5,2,6,elliptical,normal,balanced,0.1,0.05,1,gaussian,0.2,isolated,gaussian_diffuse,2,0.1,20,False,500,49,,,221,230,core,noise_type
834,stress,28,main,M1,1000,5,2,6,elliptical,normal,balanced,0.1,0.05,1,gaussian,0.2,isolated,gaussian_diffuse,2,0.1,20,False,500,49,,,231,240,core,noise_type
835,stress,28,main,M1,1000,5,2,6,elliptical,normal,balanced,0.1,0.05,1,gaussian,0.2,isolated,gaussian_diffuse,2,0.1,20,False,500,49,,,241,250,core,noise_type
836,stress,28,main,M1,1000,5,2,6,elliptical,normal,balanced,0.1,0.05,1,gaussian,0.2,isolated,gaussian_diffuse,2,0.1,20,False,500,49,,,251,260,core,noise_type
837,stress,28,main,M1,1000,5,2,6,elliptical,normal,balanced,0.1,0.05,1,gaussian,0.2,isolated,gaussian_diffuse,2,0.1,20,False,500,49,,,261,270,core,noise_type
838,stress,28,main,M1,1000,5,2,6,elliptical,normal,balanced,0.1,0.05,1,gaussian,0.2,isolated,gaussian_diffuse,2,0.1,20,False,500,49,,,271,280,core,noise_type
839,stress,28,main,M1,1000,5,2,6,elliptical,normal,balanced,0.1,0.05,1,gaussian,0.2,isolated,gaussian_diffuse,2,0.1,20,False,500,49,,,281,290,core,noise_type
840,stress,28,main,M1,1000,5,2,6,elliptical,normal,balanced,0.1,0.05,1,gaussian,0.2,isolated,gaussian_diffuse,2,0.1,20,False,500,49,,,291,300,core,noise_type
841,stress,29,main,M1,1000,5,2,6,elliptical,normal,balanced,0.1,0.05,1,gaussian,0.2,isolated,bridge,2,0.1,20,False,500,49,,,1,10,core,noise_type
842,stress,29,main,M1,1000,5,2,6,elliptical,normal,balanced,0.1,0.05,1,gaussian,0.2,isolated,bridge,2,0.1,20,False,500,49,,,11,20,core,noise_type
843,stress,29,main,M1,1000,5,2,6,elliptical,normal,balanced,0.1,0.05,1,gaussian,0.2,isolated,bridge,2,0.1,20,False,500,49,,,21,30,core,noise_type
844,stress,29,main,M1,1000,5,2,6,elliptical,normal,balanced,0.1,0.05,1,gaussian,0.2,isolated,bridge,2,0.1,20,False,500,49,,,31,40,core,noise_type
845,stress,29,main,M1,1000,5,2,6,elliptical,normal,balanced,0.1,0.05,1,gaussian,0.2,isolated,bridge,2,0.1,20,False,500,49,,,41,50,core,noise_type
846,stress,29,main,M1,1000,5,2,6,elliptical,normal,balanced,0.1,0.05,1,gaussian,0.2,isolated,bridge,2,0.1,20,False,500,49,,,51,60,core,noise_type
847,stress,29,main,M1,1000,5,2,6,elliptical,normal,balanced,0.1,0.05,1,gaussian,0.2,isolated,bridge,2,0.1,20,False,500,49,,,61,70,core,noise_type
848,stress,29,main,M1,1000,5,2,6,elliptical,normal,balanced,0.1,0.05,1,gaussian,0.2,isolated,bridge,2,0.1,20,False,500,49,,,71,80,core,noise_type
849,stress,29,main,M1,1000,5,2,6,elliptical,normal,balanced,0.1,0.05,1,gaussian,0.2,isolated,bridge,2,0.1,20,False,500,49,,,81,90,core,noise_type
850,stress,29,main,M1,1000,5,2,6,elliptical,normal,balanced,0.1,0.05,1,gaussian,0.2,isolated,bridge,2,0.1,20,False,500,49,,,91,100,core,noise_type
851,stress,29,main,M1,1000,5,2,6,elliptical,normal,balanced,0.1,0.05,1,gaussian,0.2,isolated,bridge,2,0.1,20,False,500,49,,,101,110,core,noise_type
852,stress,29,main,M1,1000,5,2,6,elliptical,normal,balanced,0.1,0.05,1,gaussian,0.2,isolated,bridge,2,0.1,20,False,500,49,,,111,120,core,noise_type
853,stress,29,main,M1,1000,5,2,6,elliptical,normal,balanced,0.1,0.05,1,gaussian,0.2,isolated,bridge,2,0.1,20,False,500,49,,,121,130,core,noise_type
854,stress,29,main,M1,1000,5,2,6,elliptical,normal,balanced,0.1,0.05,1,gaussian,0.2,isolated,bridge,2,0.1,20,False,500,49,,,131,140,core,noise_type
855,stress,29,main,M1,1000,5,2,6,elliptical,normal,balanced,0.1,0.05,1,gaussian,0.2,isolated,bridge,2,0.1,20,False,500,49,,,141,150,core,noise_type
856,stress,29,main,M1,1000,5,2,6,elliptical,normal,balanced,0.1,0.05,1,gaussian,0.2,isolated,bridge,2,0.1,20,False,500,49,,,151,160,core,noise_type
857,stress,29,main,M1,1000,5,2,6,elliptical,normal,balanced,0.1,0.05,1,gaussian,0.2,isolated,bridge,2,0.1,20,False,500,49,,,161,170,core,noise_type
858,stress,29,main,M1,1000,5,2,6,elliptical,normal,balanced,0.1,0.05,1,gaussian,0.2,isolated,bridge,2,0.1,20,False,500,49,,,171,180,core,noise_type
859,stress,29,main,M1,1000,5,2,6,elliptical,normal,balanced,0.1,0.05,1,gaussian,0.2,isolated,bridge,2,0.1,20,False,500,49,,,181,190,core,noise_type
860,stress,29,main,M1,1000,5,2,6,elliptical,normal,balanced,0.1,0.05,1,gaussian,0.2,isolated,bridge,2,0.1,20,False,500,49,,,191,200,core,noise_type
861,stress,29,main,M1,1000,5,2,6,elliptical,normal,balanced,0.1,0.05,1,gaussian,0.2,isolated,bridge,2,0.1,20,False,500,49,,,201,210,core,noise_type
862,stress,29,main,M1,1000,5,2,6,elliptical,normal,balanced,0.1,0.05,1,gaussian,0.2,isolated,bridge,2,0.1,20,False,500,49,,,211,220,core,noise_type
863,stress,29,main,M1,1000,5,2,6,elliptical,normal,balanced,0.1,0.05,1,gaussian,0.2,isolated,bridge,2,0.1,20,False,500,49,,,221,230,core,noise_type
864,stress,29,main,M1,1000,5,2,6,elliptical,normal,balanced,0.1,0.05,1,gaussian,0.2,isolated,bridge,2,0.1,20,False,500,49,,,231,240,core,noise_type
865,stress,29,main,M1,1000,5,2,6,elliptical,normal,balanced,0.1,0.05,1,gaussian,0.2,isolated,bridge,2,0.1,20,False,500,49,,,241,250,core,noise_type
866,stress,29,main,M1,1000,5,2,6,elliptical,normal,balanced,0.1,0.05,1,gaussian,0.2,isolated,bridge,2,0.1,20,False,500,49,,,251,260,core,noise_type
867,stress,29,main,M1,1000,5,2,6,elliptical,normal,balanced,0.1,0.05,1,gaussian,0.2,isolated,bridge,2,0.1,20,False,500,49,,,261,270,core,noise_type
868,stress,29,main,M1,1000,5,2,6,elliptical,normal,balanced,0.1,0.05,1,gaussian,0.2,isolated,bridge,2,0.1,20,False,500,49,,,271,280,core,noise_type
869,stress,29,main,M1,1000,5,2,6,elliptical,normal,balanced,0.1,0.05,1,gaussian,0.2,isolated,bridge,2,0.1,20,False,500,49,,,281,290,core,noise_type
870,stress,29,main,M1,1000,5,2,6,elliptical,normal,balanced,0.1,0.05,1,gaussian,0.2,isolated,bridge,2,0.1,20,False,500,49,,,291,300,core,noise_type
871,stress,30,main,M1,1000,5,2,6,elliptical,normal,balanced,0.1,0.05,1,gaussian,0.2,isolated,correlated_sheet,2,0.1,20,False,500,49,,,1,10,core,noise_type
872,stress,30,main,M1,1000,5,2,6,elliptical,normal,balanced,0.1,0.05,1,gaussian,0.2,isolated,correlated_sheet,2,0.1,20,False,500,49,,,11,20,core,noise_type
873,stress,30,main,M1,1000,5,2,6,elliptical,normal,balanced,0.1,0.05,1,gaussian,0.2,isolated,correlated_sheet,2,0.1,20,False,500,49,,,21,30,core,noise_type
874,stress,30,main,M1,1000,5,2,6,elliptical,normal,balanced,0.1,0.05,1,gaussian,0.2,isolated,correlated_sheet,2,0.1,20,False,500,49,,,31,40,core,noise_type
875,stress,30,main,M1,1000,5,2,6,elliptical,normal,balanced,0.1,0.05,1,gaussian,0.2,isolated,correlated_sheet,2,0.1,20,False,500,49,,,41,50,core,noise_type
876,stress,30,main,M1,1000,5,2,6,elliptical,normal,balanced,0.1,0.05,1,gaussian,0.2,isolated,correlated_sheet,2,0.1,20,False,500,49,,,51,60,core,noise_type
877,stress,30,main,M1,1000,5,2,6,elliptical,normal,balanced,0.1,0.05,1,gaussian,0.2,isolated,correlated_sheet,2,0.1,20,False,500,49,,,61,70,core,noise_type
878,stress,30,main,M1,1000,5,2,6,elliptical,normal,balanced,0.1,0.05,1,gaussian,0.2,isolated,correlated_sheet,2,0.1,20,False,500,49,,,71,80,core,noise_type
879,stress,30,main,M1,1000,5,2,6,elliptical,normal,balanced,0.1,0.05,1,gaussian,0.2,isolated,correlated_sheet,2,0.1,20,False,500,49,,,81,90,core,noise_type
880,stress,30,main,M1,1000,5,2,6,elliptical,normal,balanced,0.1,0.05,1,gaussian,0.2,isolated,correlated_sheet,2,0.1,20,False,500,49,,,91,100,core,noise_type
881,stress,30,main,M1,1000,5,2,6,elliptical,normal,balanced,0.1,0.05,1,gaussian,0.2,isolated,correlated_sheet,2,0.1,20,False,500,49,,,101,110,core,noise_type
882,stress,30,main,M1,1000,5,2,6,elliptical,normal,balanced,0.1,0.05,1,gaussian,0.2,isolated,correlated_sheet,2,0.1,20,False,500,49,,,111,120,core,noise_type
883,stress,30,main,M1,1000,5,2,6,elliptical,normal,balanced,0.1,0.05,1,gaussian,0.2,isolated,correlated_sheet,2,0.1,20,False,500,49,,,121,130,core,noise_type
884,stress,30,main,M1,1000,5,2,6,elliptical,normal,balanced,0.1,0.05,1,gaussian,0.2,isolated,correlated_sheet,2,0.1,20,False,500,49,,,131,140,core,noise_type
885,stress,30,main,M1,1000,5,2,6,elliptical,normal,balanced,0.1,0.05,1,gaussian,0.2,isolated,correlated_sheet,2,0.1,20,False,500,49,,,141,150,core,noise_type
886,stress,30,main,M1,1000,5,2,6,elliptical,normal,balanced,0.1,0.05,1,gaussian,0.2,isolated,correlated_sheet,2,0.1,20,False,500,49,,,151,160,core,noise_type
887,stress,30,main,M1,1000,5,2,6,elliptical,normal,balanced,0.1,0.05,1,gaussian,0.2,isolated,correlated_sheet,2,0.1,20,False,500,49,,,161,170,core,noise_type
888,stress,30,main,M1,1000,5,2,6,elliptical,normal,balanced,0.1,0.05,1,gaussian,0.2,isolated,correlated_sheet,2,0.1,20,False,500,49,,,171,180,core,noise_type
889,stress,30,main,M1,1000,5,2,6,elliptical,normal,balanced,0.1,0.05,1,gaussian,0.2,isolated,correlated_sheet,2,0.1,20,False,500,49,,,181,190,core,noise_type
890,stress,30,main,M1,1000,5,2,6,elliptical,normal,balanced,0.1,0.05,1,gaussian,0.2,isolated,correlated_sheet,2,0.1,20,False,500,49,,,191,200,core,noise_type
891,stress,30,main,M1,1000,5,2,6,elliptical,normal,balanced,0.1,0.05,1,gaussian,0.2,isolated,correlated_sheet,2,0.1,20,False,500,49,,,201,210,core,noise_type
892,stress,30,main,M1,1000,5,2,6,elliptical,normal,balanced,0.1,0.05,1,gaussian,0.2,isolated,correlated_sheet,2,0.1,20,False,500,49,,,211,220,core,noise_type
893,stress,30,main,M1,1000,5,2,6,elliptical,normal,balanced,0.1,0.05,1,gaussian,0.2,isolated,correlated_sheet,2,0.1,20,False,500,49,,,221,230,core,noise_type
894,stress,30,main,M1,1000,5,2,6,elliptical,normal,balanced,0.1,0.05,1,gaussian,0.2,isolated,correlated_sheet,2,0.1,20,False,500,49,,,231,240,core,noise_type
895,stress,30,main,M1,1000,5,2,6,elliptical,normal,balanced,0.1,0.05,1,gaussian,0.2,isolated,correlated_sheet,2,0.1,20,False,500,49,,,241,250,core,noise_type
896,stress,30,main,M1,1000,5,2,6,elliptical,normal,balanced,0.1,0.05,1,gaussian,0.2,isolated,correlated_sheet,2,0.1,20,False,500,49,,,251,260,core,noise_type
897,stress,30,main,M1,1000,5,2,6,elliptical,normal,balanced,0.1,0.05,1,gaussian,0.2,isolated,correlated_sheet,2,0.1,20,False,500,49,,,261,270,core,noise_type
898,stress,30,main,M1,1000,5,2,6,elliptical,normal,balanced,0.1,0.05,1,gaussian,0.2,isolated,correlated_sheet,2,0.1,20,False,500,49,,,271,280,core,noise_type
899,stress,30,main,M1,1000,5,2,6,elliptical,normal,balanced,0.1,0.05,1,gaussian,0.2,isolated,correlated_sheet,2,0.1,20,False,500,49,,,281,290,core,noise_type
900,stress,30,main,M1,1000,5,2,6,elliptical,normal,balanced,0.1,0.05,1,gaussian,0.2,isolated,correlated_sheet,2,0.1,20,False,500,49,,,291,300,core,noise_type
