"study","cell_id","scenario","factor_changed","method","n","p","main_k","separation","main_structure","main_distribution","minority_ratio","q","minority_sd","minority_proximity","MajorARI","MinorityDetectionF1","MinorityClusterF1","AnyMicroDiscovery","AbsQError","SpuriousExtraClusters","end_to_end_seconds"
"architecture",1,"N0","full_factorial","DBSCAN_full",500,2,2,6,"spherical","normal",0,0,0.2,"isolated",0.547230151038814,NA,NA,0.457,0.644,0.644,0.00643699999999847
"architecture",2,"N0","full_factorial","DBSCAN_full",500,2,2,10,"spherical","normal",0,0,0.2,"isolated",0.94209801545679,NA,NA,0.605,0.859,0.859,0.00270099999999968
"architecture",3,"N0","full_factorial","DBSCAN_full",500,2,2,6,"elliptical","normal",0,0,0.2,"isolated",0.00542632050212948,NA,NA,0.173,0.204,0.204,0.00277400000000193
"architecture",4,"N0","full_factorial","DBSCAN_full",500,2,2,10,"elliptical","normal",0,0,0.2,"isolated",0.923117529516382,NA,NA,0.541,0.717,0.717,0.0027470000000128
"architecture",5,"N0","full_factorial","DBSCAN_full",500,5,2,6,"spherical","normal",0,0,0.2,"isolated",2.73062759270497e-06,NA,NA,0,0,0,0.00905400000000873
"architecture",6,"N0","full_factorial","DBSCAN_full",500,5,2,10,"spherical","normal",0,0,0.2,"isolated",-8.22239139458346e-07,NA,NA,0,0,0,0.00948599999999169
"architecture",7,"N0","full_factorial","DBSCAN_full",500,5,2,6,"elliptical","normal",0,0,0.2,"isolated",3.19729056827438e-05,NA,NA,0,0,0,0.0090579999999859
"architecture",8,"N0","full_factorial","DBSCAN_full",500,5,2,10,"elliptical","normal",0,0,0.2,"isolated",2.8741527153233e-06,NA,NA,0,0,0,0.00953099999998995
"architecture",9,"N0","full_factorial","DBSCAN_full",1000,2,2,6,"spherical","normal",0,0,0.2,"isolated",0.695171383843606,NA,NA,0.83,1.792,1.792,0.00456000000002314
"architecture",10,"N0","full_factorial","DBSCAN_full",1000,2,2,10,"spherical","normal",0,0,0.2,"isolated",0.945696658300501,NA,NA,0.826,1.599,1.599,0.00472499999997854
"architecture",11,"N0","full_factorial","DBSCAN_full",1000,2,2,6,"elliptical","normal",0,0,0.2,"isolated",0.00187034130996361,NA,NA,0.596,1.017,1.017,0.00464200000005985
"architecture",12,"N0","full_factorial","DBSCAN_full",1000,2,2,10,"elliptical","normal",0,0,0.2,"isolated",0.945842921444546,NA,NA,0.771,1.378,1.378,0.0047340000000022
"architecture",13,"N0","full_factorial","DBSCAN_full",1000,5,2,6,"spherical","normal",0,0,0.2,"isolated",3.90437115508828e-06,NA,NA,0,0,0,0.0214929999999949
"architecture",14,"N0","full_factorial","DBSCAN_full",1000,5,2,10,"spherical","normal",0,0,0.2,"isolated",-7.4089690212746e-07,NA,NA,0,0,0,0.022729999999985
"architecture",15,"N0","full_factorial","DBSCAN_full",1000,5,2,6,"elliptical","normal",0,0,0.2,"isolated",3.42011581855585e-05,NA,NA,0,0,0,0.0217459999999919
"architecture",16,"N0","full_factorial","DBSCAN_full",1000,5,2,10,"elliptical","normal",0,0,0.2,"isolated",4.50131406321385e-06,NA,NA,0,0,0,0.0232069999999003
"architecture",17,"M1","full_factorial","DBSCAN_full",500,2,2,6,"spherical","normal",0.05,1,0.2,"isolated",0.674745089968314,0.982737753472815,0.982737753472815,1,0.436666666666667,0.436666666666667,0.00262999999995372
"architecture",18,"M1","full_factorial","DBSCAN_full",500,2,2,10,"spherical","normal",0.05,1,0.2,"isolated",0.921006718074754,0.988216732276705,0.988216732276705,1,0.643333333333333,0.643333333333333,0.00252000000005258
"architecture",19,"M1","full_factorial","DBSCAN_full",500,2,2,6,"elliptical","normal",0.05,1,0.2,"isolated",0.00886371563593586,0.98218525983869,0.98218525983869,0.996666666666667,0.103333333333333,0.1,0.00294999999999466
"architecture",20,"M1","full_factorial","DBSCAN_full",500,2,2,10,"elliptical","normal",0.05,1,0.2,"isolated",0.919604016066107,0.987537139113023,0.987537139113023,1,0.723333333333333,0.723333333333333,0.00260000000004463
"architecture",21,"M1","full_factorial","DBSCAN_full",500,5,2,6,"spherical","normal",0.05,1,0.2,"isolated",1.10310790163468e-05,0.306082346764922,0.306082346764922,0.316666666666667,0.683333333333333,0,0.00835999999977503
"architecture",22,"M1","full_factorial","DBSCAN_full",500,5,2,10,"spherical","normal",0.05,1,0.2,"isolated",-3.48518787964635e-06,0.989828775244979,0.989828775244979,1,0,0,0.00841999999998128
"architecture",23,"M1","full_factorial","DBSCAN_full",500,5,2,6,"elliptical","normal",0.05,1,0.2,"isolated",5.57724464141551e-05,0.589009636381076,0.589009636381076,0.606666666666667,0.393333333333333,0,0.00838333333329501
"architecture",24,"M1","full_factorial","DBSCAN_full",500,5,2,10,"elliptical","normal",0.05,1,0.2,"isolated",2.49644187714024e-05,0.991248944667369,0.991248944667369,1,0,0,0.00843333333340221
"architecture",25,"M1","full_factorial","DBSCAN_full",1000,2,2,6,"spherical","normal",0.05,1,0.2,"isolated",0.792011150811687,0.98580956085843,0.98580956085843,1,0.89,0.89,0.00455666666662485
"architecture",26,"M1","full_factorial","DBSCAN_full",1000,2,2,10,"spherical","normal",0.05,1,0.2,"isolated",0.918193898042556,0.990158873045079,0.99015887304508,1,1.35666666666667,1.35666666666667,0.00479666666660099
"architecture",27,"M1","full_factorial","DBSCAN_full",1000,2,2,6,"elliptical","normal",0.05,1,0.2,"isolated",0.00620470132881591,0.985582872508575,0.985582872508576,1,0.443333333333333,0.443333333333333,0.0045733333333798
"architecture",28,"M1","full_factorial","DBSCAN_full",1000,2,2,10,"elliptical","normal",0.05,1,0.2,"isolated",0.92347977767554,0.989677735232008,0.989677735232008,1,1.12333333333333,1.12333333333333,0.00446333333334527
"architecture",29,"M1","full_factorial","DBSCAN_full",1000,5,2,6,"spherical","normal",0.05,1,0.2,"isolated",-2.62463772898733e-06,0.342359275424934,0.342359275424934,0.35,0.65,0,0.0201133333333564
"architecture",30,"M1","full_factorial","DBSCAN_full",1000,5,2,10,"spherical","normal",0.05,1,0.2,"isolated",1.94017032879357e-06,0.99276275060684,0.99276275060684,1,0,0,0.0201166666665813
"architecture",31,"M1","full_factorial","DBSCAN_full",1000,5,2,6,"elliptical","normal",0.05,1,0.2,"isolated",5.59281549162678e-05,0.652532111610126,0.652532111610126,0.666666666666667,0.333333333333333,0,0.0202500000001116
"architecture",32,"M1","full_factorial","DBSCAN_full",1000,5,2,10,"elliptical","normal",0.05,1,0.2,"isolated",3.25711994340928e-05,0.993703188598524,0.993703188598524,1,0,0,0.0201933333333
"architecture",33,"M2","full_factorial","DBSCAN_full",500,2,2,6,"spherical","normal",0.025,1,0.2,"isolated",0.483169178456101,0.947646806154402,0.947646806154402,1,0.316666666666667,0.316666666666667,0.00268666666668044
"architecture",34,"M2","full_factorial","DBSCAN_full",500,2,2,10,"spherical","normal",0.025,1,0.2,"isolated",0.950137920069225,0.963785736003127,0.963785736003127,1,0.47,0.47,0.00262666666660759
"architecture",35,"M2","full_factorial","DBSCAN_full",500,2,2,6,"elliptical","normal",0.025,1,0.2,"isolated",0.000182897987462991,0.949524961976036,0.949524961976036,1,0.08,0.08,0.00263666666667026
"architecture",36,"M2","full_factorial","DBSCAN_full",500,2,2,10,"elliptical","normal",0.025,1,0.2,"isolated",0.942245586537429,0.961978177378177,0.961978177378177,1,0.5,0.5,0.0026800000000973
"architecture",37,"M2","full_factorial","DBSCAN_full",500,5,2,6,"spherical","normal",0.025,1,0.2,"isolated",-7.36569227975052e-07,0.312555834483977,0.312555834483977,0.343333333333333,0.656666666666667,0,0.00861666666662738
"architecture",38,"M2","full_factorial","DBSCAN_full",500,5,2,10,"spherical","normal",0.025,1,0.2,"isolated",3.76780649349517e-06,0.961452446914516,0.961452446914516,1,0,0,0.00888666666647623
"architecture",39,"M2","full_factorial","DBSCAN_full",500,5,2,6,"elliptical","normal",0.025,1,0.2,"isolated",2.44567347854369e-05,0.546918477732048,0.546918477732048,0.6,0.4,0,0.00874999999993937
"architecture",40,"M2","full_factorial","DBSCAN_full",500,5,2,10,"elliptical","normal",0.025,1,0.2,"isolated",8.25367533879571e-06,0.965943996743997,0.965943996743997,1,0,0,0.00876666666665793
"architecture",41,"M2","full_factorial","DBSCAN_full",1000,2,2,6,"spherical","normal",0.025,1,0.2,"isolated",0.601866591048168,0.961824240167985,0.961824240167985,1,0.806666666666667,0.806666666666667,0.00457333333350107
"architecture",42,"M2","full_factorial","DBSCAN_full",1000,2,2,10,"spherical","normal",0.025,1,0.2,"isolated",0.948051570976012,0.976934186860636,0.976934186860636,1,0.96,0.96,0.00455666666657635
"architecture",43,"M2","full_factorial","DBSCAN_full",1000,2,2,6,"elliptical","normal",0.025,1,0.2,"isolated",0.000114561784667163,0.960345558120646,0.960345558120646,1,0.343333333333333,0.343333333333333,0.00465333333329909
"architecture",44,"M2","full_factorial","DBSCAN_full",1000,2,2,10,"elliptical","normal",0.025,1,0.2,"isolated",0.942120164051491,0.972199942977385,0.972199942977385,1,0.91,0.91,0.004663333333289
"architecture",45,"M2","full_factorial","DBSCAN_full",1000,5,2,6,"spherical","normal",0.025,1,0.2,"isolated",8.78754525393093e-07,0.265122502363299,0.265122502363299,0.283333333333333,0.716666666666667,0,0.0210033333333801
"architecture",46,"M2","full_factorial","DBSCAN_full",1000,5,2,10,"spherical","normal",0.025,1,0.2,"isolated",1.80420801610916e-06,0.976001445355866,0.976001445355866,1,0,0,0.0213533333331482
"architecture",47,"M2","full_factorial","DBSCAN_full",1000,5,2,6,"elliptical","normal",0.025,1,0.2,"isolated",2.46047051389911e-05,0.592623335006083,0.592623335006083,0.636666666666667,0.363333333333333,0,0.021313333333128
"architecture",48,"M2","full_factorial","DBSCAN_full",1000,5,2,10,"elliptical","normal",0.025,1,0.2,"isolated",1.0007698424981e-05,0.978607648431918,0.978607648431918,1,0,0,0.0218933333333916
"architecture",49,"M3","full_factorial","DBSCAN_full",500,2,2,6,"spherical","normal",0.05,1,0.55,"isolated",0.559097733201371,0.872864689470125,0.872864689470125,0.986666666666667,0.493333333333333,0.48,0.00265333333338882
"architecture",50,"M3","full_factorial","DBSCAN_full",500,2,2,10,"spherical","normal",0.05,1,0.55,"isolated",0.930962989465372,0.869556583112975,0.869556583112975,1,0.943333333333333,0.943333333333333,0.0026266666667046
"architecture",51,"M3","full_factorial","DBSCAN_full",500,2,2,6,"elliptical","normal",0.05,1,0.55,"isolated",0.00319979712328512,0.854301626203412,0.854301626203412,0.996666666666667,0.346666666666667,0.343333333333333,0.00274333333331015
"architecture",52,"M3","full_factorial","DBSCAN_full",500,2,2,10,"elliptical","normal",0.05,1,0.55,"isolated",0.934882152290927,0.84754209226819,0.84754209226819,1,0.923333333333333,0.923333333333333,0.00264666666676931
"architecture",53,"M3","full_factorial","DBSCAN_full",500,5,2,6,"spherical","normal",0.05,1,0.55,"isolated",-6.56949142781812e-06,0.0344204857227425,0.0344204857227425,0.0366666666666667,0.963333333333333,0,0.00846999999999146
"architecture",54,"M3","full_factorial","DBSCAN_full",500,5,2,10,"spherical","normal",0.05,1,0.55,"isolated",4.33052053256771e-08,0.976458105587116,0.976458105587116,1,0,0,0.00883333333345945
"architecture",55,"M3","full_factorial","DBSCAN_full",500,5,2,6,"elliptical","normal",0.05,1,0.55,"isolated",3.97702885202138e-05,0.130772530634109,0.130772530634109,0.14,0.86,0,0.00853666666663533
"architecture",56,"M3","full_factorial","DBSCAN_full",500,5,2,10,"elliptical","normal",0.05,1,0.55,"isolated",2.33581494607407e-05,0.980202804365407,0.980202804365407,1,0,0,0.008543333333461
"architecture",57,"M3","full_factorial","DBSCAN_full",1000,2,2,6,"spherical","normal",0.05,1,0.55,"isolated",0.73237681428103,0.90312804248425,0.90312804248425,1,1.11333333333333,1.11333333333333,0.00454333333334944
"architecture",58,"M3","full_factorial","DBSCAN_full",1000,2,2,10,"spherical","normal",0.05,1,0.55,"isolated",0.931015391802621,0.898848572714857,0.898848572714857,1,1.47333333333333,1.47333333333333,0.00445999999999913
"architecture",59,"M3","full_factorial","DBSCAN_full",1000,2,2,6,"elliptical","normal",0.05,1,0.55,"isolated",0.000166655722744186,0.870774163185725,0.870774163185725,0.993333333333333,0.766666666666667,0.76,0.00459333333348089
"architecture",60,"M3","full_factorial","DBSCAN_full",1000,2,2,10,"elliptical","normal",0.05,1,0.55,"isolated",0.933466015897877,0.874904140578956,0.874904140578956,1,1.55666666666667,1.55666666666667,0.00455666666663698
"architecture",61,"M3","full_factorial","DBSCAN_full",1000,5,2,6,"spherical","normal",0.05,1,0.55,"isolated",9.79365738053521e-06,0.012610260974747,0.012610260974747,0.0133333333333333,0.986666666666667,0,0.0203933333332801
"architecture",62,"M3","full_factorial","DBSCAN_full",1000,5,2,10,"spherical","normal",0.05,1,0.55,"isolated",3.62794283399585e-06,0.980145176596175,0.980145176596175,1,0,0,0.0204066666666889
"architecture",63,"M3","full_factorial","DBSCAN_full",1000,5,2,6,"elliptical","normal",0.05,1,0.55,"isolated",5.88557465767323e-05,0.0624838565266043,0.0624838565266043,0.0666666666666667,0.933333333333333,0,0.0204666666666769
"architecture",64,"M3","full_factorial","DBSCAN_full",1000,5,2,10,"elliptical","normal",0.05,1,0.55,"isolated",3.22741919091154e-05,0.981896585012034,0.981896585012034,1,0,0,0.0202966666664967
"architecture",65,"M4","full_factorial","DBSCAN_full",500,2,2,6,"spherical","normal",0.05,2,0.2,"isolated",0.623693942880851,0.973178437662546,0.973407768062541,1,0.306666666666667,0.306666666666667,0.00269333333326358
"architecture",66,"M4","full_factorial","DBSCAN_full",500,2,2,10,"spherical","normal",0.05,2,0.2,"isolated",0.928767345775379,0.981715786143925,0.981613726287964,1,0.6,0.6,0.00258333333331393
"architecture",67,"M4","full_factorial","DBSCAN_full",500,2,2,6,"elliptical","normal",0.05,2,0.2,"isolated",0.0032283689796571,0.974001333352779,0.974138739242138,1,0.0566666666666667,0.0566666666666667,0.00262666666675311
"architecture",68,"M4","full_factorial","DBSCAN_full",500,2,2,10,"elliptical","normal",0.05,2,0.2,"isolated",0.932177070242364,0.97693241289416,0.976621978119346,1,0.553333333333333,0.553333333333333,0.00265666666656519
"architecture",69,"M4","full_factorial","DBSCAN_full",500,5,2,6,"spherical","normal",0.05,2,0.2,"isolated",3.66372238314258e-06,0.475078807133729,0.395944514164203,0.643333333333333,1.18,0,0.00858333333345702
"architecture",70,"M4","full_factorial","DBSCAN_full",500,5,2,10,"spherical","normal",0.05,2,0.2,"isolated",2.53112979171968e-06,0.988844456881823,0.989062891854846,1,0,0,0.00854666666660099
"architecture",71,"M4","full_factorial","DBSCAN_full",500,5,2,6,"elliptical","normal",0.05,2,0.2,"isolated",4.92379252971539e-05,0.822901219991143,0.770124525750962,0.966666666666667,0.406666666666667,0,0.00861666666684566
"architecture",72,"M4","full_factorial","DBSCAN_full",500,5,2,10,"elliptical","normal",0.05,2,0.2,"isolated",2.31226747679138e-05,0.987883231031585,0.988082549974504,1,0,0,0.00843666666665134
"architecture",73,"M4","full_factorial","DBSCAN_full",1000,2,2,6,"spherical","normal",0.05,2,0.2,"isolated",0.762004613323001,0.980273823936381,0.980362929397632,1,0.906666666666667,0.906666666666667,0.00457666666681083
"architecture",74,"M4","full_factorial","DBSCAN_full",1000,2,2,10,"spherical","normal",0.05,2,0.2,"isolated",0.9258679638858,0.982957552700336,0.982881075048374,1,1.24333333333333,1.24333333333333,0.00465666666665735
"architecture",75,"M4","full_factorial","DBSCAN_full",1000,2,2,6,"elliptical","normal",0.05,2,0.2,"isolated",0.00286142646823771,0.979012208892242,0.979063837263246,1,0.313333333333333,0.313333333333333,0.00453333333372332
"architecture",76,"M4","full_factorial","DBSCAN_full",1000,2,2,10,"elliptical","normal",0.05,2,0.2,"isolated",0.928412970915116,0.98235090978497,0.982253592363021,1,1.11333333333333,1.11333333333333,0.00463666666665328
"architecture",77,"M4","full_factorial","DBSCAN_full",1000,5,2,6,"spherical","normal",0.05,2,0.2,"isolated",2.05831295716972e-06,0.507712423205385,0.422696828698494,0.686666666666667,1.13333333333333,0,0.0207966666666107
"architecture",78,"M4","full_factorial","DBSCAN_full",1000,5,2,10,"spherical","normal",0.05,2,0.2,"isolated",-1.63141625669966e-06,0.992333042455688,0.992411381044381,1,0,0,0.0202299999998165
"architecture",79,"M4","full_factorial","DBSCAN_full",1000,5,2,6,"elliptical","normal",0.05,2,0.2,"isolated",4.07130249193053e-05,0.851610203125628,0.799137593249277,0.976666666666667,0.36,0,0.0197999999999593
"architecture",80,"M4","full_factorial","DBSCAN_full",1000,5,2,10,"elliptical","normal",0.05,2,0.2,"isolated",3.56430567538386e-05,0.992790742963063,0.992856678714059,1,0,0,0.0190666666665493
"architecture",1,"N0","full_factorial","HDBSCAN_full",500,2,2,6,"spherical","normal",0,0,0.2,"isolated",0.625570733428917,NA,NA,0.86,5.407,5.407,0.0119539999999999
"architecture",2,"N0","full_factorial","HDBSCAN_full",500,2,2,10,"spherical","normal",0,0,0.2,"isolated",0.870925218245306,NA,NA,0.741,2.345,2.345,0.00838999999999726
"architecture",3,"N0","full_factorial","HDBSCAN_full",500,2,2,6,"elliptical","normal",0,0,0.2,"isolated",0.23754194101681,NA,NA,0.821,8.992,8.992,0.00877400000000102
"architecture",4,"N0","full_factorial","HDBSCAN_full",500,2,2,10,"elliptical","normal",0,0,0.2,"isolated",0.82891193725777,NA,NA,0.814,3.099,3.099,0.00855100000000448
"architecture",5,"N0","full_factorial","HDBSCAN_full",500,5,2,6,"spherical","normal",0,0,0.2,"isolated",0.0196259235411825,NA,NA,0.03,0.03,0.03,0.0116750000000143
"architecture",6,"N0","full_factorial","HDBSCAN_full",500,5,2,10,"spherical","normal",0,0,0.2,"isolated",0.119860219840535,NA,NA,0.008,0.008,0.008,0.0114609999999907
"architecture",7,"N0","full_factorial","HDBSCAN_full",500,5,2,6,"elliptical","normal",0,0,0.2,"isolated",0.0128254980668971,NA,NA,0.035,0.035,0.035,0.0115129999999954
"architecture",8,"N0","full_factorial","HDBSCAN_full",500,5,2,10,"elliptical","normal",0,0,0.2,"isolated",0.0809484118365916,NA,NA,0.026,0.026,0.026,0.0114930000000004
"architecture",9,"N0","full_factorial","HDBSCAN_full",1000,2,2,6,"spherical","normal",0,0,0.2,"isolated",0.55041466793227,NA,NA,0.941,15.796,15.796,0.0275580000000255
"architecture",10,"N0","full_factorial","HDBSCAN_full",1000,2,2,10,"spherical","normal",0,0,0.2,"isolated",0.864039776233777,NA,NA,0.91,5.461,5.461,0.0272349999999706
"architecture",11,"N0","full_factorial","HDBSCAN_full",1000,2,2,6,"elliptical","normal",0,0,0.2,"isolated",0.113519377471977,NA,NA,0.871,22.422,22.422,0.0276620000000366
"architecture",12,"N0","full_factorial","HDBSCAN_full",1000,2,2,10,"elliptical","normal",0,0,0.2,"isolated",0.823943563317987,NA,NA,0.962,6.789,6.789,0.0270770000000084
"architecture",13,"N0","full_factorial","HDBSCAN_full",1000,5,2,6,"spherical","normal",0,0,0.2,"isolated",0.0297299796283394,NA,NA,0.095,0.101,0.101,0.0350779999999813
"architecture",14,"N0","full_factorial","HDBSCAN_full",1000,5,2,10,"spherical","normal",0,0,0.2,"isolated",0.200192402711863,NA,NA,0.003,0.004,0.004,0.0338950000000241
"architecture",15,"N0","full_factorial","HDBSCAN_full",1000,5,2,6,"elliptical","normal",0,0,0.2,"isolated",0.0192703210029948,NA,NA,0.151,0.162,0.162,0.0352099999999846
"architecture",16,"N0","full_factorial","HDBSCAN_full",1000,5,2,10,"elliptical","normal",0,0,0.2,"isolated",0.121966185625,NA,NA,0.022,0.023,0.023,0.0342769999999437
"architecture",17,"M1","full_factorial","HDBSCAN_full",500,2,2,6,"spherical","normal",0.05,1,0.2,"isolated",0.456377466861242,0.846811471261569,0.846811471261569,0.926666666666667,1.14,1.07,0.0083800000000762
"architecture",18,"M1","full_factorial","HDBSCAN_full",500,2,2,10,"spherical","normal",0.05,1,0.2,"isolated",0.92423094864486,0.855759357280384,0.855759357280384,1,1.20666666666667,1.20666666666667,0.00839333333321216
"architecture",19,"M1","full_factorial","HDBSCAN_full",500,2,2,6,"elliptical","normal",0.05,1,0.2,"isolated",0.00517912137967472,0.815889839276258,0.815889839276258,0.903333333333333,0.22,0.123333333333333,0.00844666666664125
"architecture",20,"M1","full_factorial","HDBSCAN_full",500,2,2,10,"elliptical","normal",0.05,1,0.2,"isolated",0.853489744748037,0.849185958869852,0.849185958869852,1,1.33666666666667,1.33666666666667,0.0083533333332889
"architecture",21,"M1","full_factorial","HDBSCAN_full",500,5,2,6,"spherical","normal",0.05,1,0.2,"isolated",0.000143838472772727,0.76893017993092,0.76893017993092,0.786666666666667,0.213333333333333,0,0.0110466666667465
"architecture",22,"M1","full_factorial","HDBSCAN_full",500,5,2,10,"spherical","normal",0.05,1,0.2,"isolated",-7.68508296706395e-07,0.938284207876071,0.938284207876071,1,0,0,0.0109766666667322
"architecture",23,"M1","full_factorial","HDBSCAN_full",500,5,2,6,"elliptical","normal",0.05,1,0.2,"isolated",0.00153149142152334,0.893751914684553,0.893751914684553,0.916666666666667,0.0833333333333333,0,0.0110633333333196
"architecture",24,"M1","full_factorial","HDBSCAN_full",500,5,2,10,"elliptical","normal",0.05,1,0.2,"isolated",-1.2846860822419e-07,0.924591008868935,0.924591008868935,1,0,0,0.0109966666667727
"architecture",25,"M1","full_factorial","HDBSCAN_full",1000,2,2,6,"spherical","normal",0.05,1,0.2,"isolated",0.41014516249766,0.875847947563733,0.875847947563733,0.956666666666667,3.17333333333333,3.14666666666667,0.0268199999999221
"architecture",26,"M1","full_factorial","HDBSCAN_full",1000,2,2,10,"spherical","normal",0.05,1,0.2,"isolated",0.931967079655178,0.892040801846756,0.892040801846756,1,2.55333333333333,2.55333333333333,0.0267733333333429
"architecture",27,"M1","full_factorial","HDBSCAN_full",1000,2,2,6,"elliptical","normal",0.05,1,0.2,"isolated",0.005791566917819,0.845272438747547,0.845272438747547,0.96,0.623333333333333,0.623333333333333,0.0271033333332404
"architecture",28,"M1","full_factorial","HDBSCAN_full",1000,2,2,10,"elliptical","normal",0.05,1,0.2,"isolated",0.87358656228491,0.886721054726102,0.886721054726102,1,3.59666666666667,3.59666666666667,0.0268700000001991
"architecture",29,"M1","full_factorial","HDBSCAN_full",1000,5,2,6,"spherical","normal",0.05,1,0.2,"isolated",-3.15004706210312e-05,0.781865228944842,0.781865228944842,0.793333333333333,0.206666666666667,0,0.034036666666531
"architecture",30,"M1","full_factorial","HDBSCAN_full",1000,5,2,10,"spherical","normal",0.05,1,0.2,"isolated",-4.15957440335614e-07,0.954068936796016,0.954068936796016,1,0,0,0.0332399999997991
"architecture",31,"M1","full_factorial","HDBSCAN_full",1000,5,2,6,"elliptical","normal",0.05,1,0.2,"isolated",0.00105111119620159,0.896547892061755,0.896547892061755,0.913333333333333,0.0866666666666667,0,0.0342699999999483
"architecture",32,"M1","full_factorial","HDBSCAN_full",1000,5,2,10,"elliptical","normal",0.05,1,0.2,"isolated",2.97434308507947e-07,0.947511065927289,0.947511065927289,1,0,0,0.0333899999999873
"architecture",33,"M2","full_factorial","HDBSCAN_full",500,2,2,6,"spherical","normal",0.025,1,0.2,"isolated",0.465217791523321,0.779875764527163,0.779875764527163,0.976666666666667,1.71,1.68666666666667,0.00919333333329026
"architecture",34,"M2","full_factorial","HDBSCAN_full",500,2,2,10,"spherical","normal",0.025,1,0.2,"isolated",0.916499905958745,0.723305718352541,0.723305718352541,1,1.62666666666667,1.62666666666667,0.0086800000000585
"architecture",35,"M2","full_factorial","HDBSCAN_full",500,2,2,6,"elliptical","normal",0.025,1,0.2,"isolated",0.0115914928494058,0.737731292783478,0.737731292783478,0.953333333333333,0.4,0.36,0.00830333333348487
"architecture",36,"M2","full_factorial","HDBSCAN_full",500,2,2,10,"elliptical","normal",0.025,1,0.2,"isolated",0.828038794068374,0.727221136095015,0.727221136095015,1,2.13333333333333,2.13333333333333,0.00834333333338388
"architecture",37,"M2","full_factorial","HDBSCAN_full",500,5,2,6,"spherical","normal",0.025,1,0.2,"isolated",9.71759343117258e-05,0.778639883232987,0.778639883232987,0.813333333333333,0.186666666666667,0,0.0109966666665302
"architecture",38,"M2","full_factorial","HDBSCAN_full",500,5,2,10,"spherical","normal",0.025,1,0.2,"isolated",1.73286828057166e-06,0.859149594326253,0.859149594326253,0.996666666666667,0.00333333333333333,0,0.0111400000000867
"architecture",39,"M2","full_factorial","HDBSCAN_full",500,5,2,6,"elliptical","normal",0.025,1,0.2,"isolated",0.00120039313207335,0.873915810244123,0.873915810244123,0.926666666666667,0.0733333333333333,0,0.0114899999999761
"architecture",40,"M2","full_factorial","HDBSCAN_full",500,5,2,10,"elliptical","normal",0.025,1,0.2,"isolated",7.92508768482195e-07,0.829217130874875,0.829217130874875,1,0,0,0.0110399999999572
"architecture",41,"M2","full_factorial","HDBSCAN_full",1000,2,2,6,"spherical","normal",0.025,1,0.2,"isolated",0.406245779306219,0.80413295722193,0.80413295722193,0.97,4.35,4.34666666666667,0.0272766666667303
"architecture",42,"M2","full_factorial","HDBSCAN_full",1000,2,2,10,"spherical","normal",0.025,1,0.2,"isolated",0.930658973068959,0.812840112104341,0.812840112104341,1,3.37666666666667,3.37666666666667,0.0271500000000015
"architecture",43,"M2","full_factorial","HDBSCAN_full",1000,2,2,6,"elliptical","normal",0.025,1,0.2,"isolated",0.0117398016960338,0.799818130599927,0.799818130599927,0.98,2.28666666666667,2.28666666666667,0.0272933333334246
"architecture",44,"M2","full_factorial","HDBSCAN_full",1000,2,2,10,"elliptical","normal",0.025,1,0.2,"isolated",0.871234250371759,0.82166512557645,0.82166512557645,1,4.59,4.59,0.0273400000000523
"architecture",45,"M2","full_factorial","HDBSCAN_full",1000,5,2,6,"spherical","normal",0.025,1,0.2,"isolated",1.27062563547666e-05,0.757438634200906,0.757438634200906,0.786666666666667,0.213333333333333,0,0.0343333333333309
"architecture",46,"M2","full_factorial","HDBSCAN_full",1000,5,2,10,"spherical","normal",0.025,1,0.2,"isolated",4.66044808769156e-07,0.896391169748583,0.896391169748583,0.996666666666667,0.00333333333333333,0,0.0333266666665198
"architecture",47,"M2","full_factorial","HDBSCAN_full",1000,5,2,6,"elliptical","normal",0.025,1,0.2,"isolated",0.000887762813454453,0.867215990368428,0.867215990368428,0.91,0.09,0,0.0343166666664789
"architecture",48,"M2","full_factorial","HDBSCAN_full",1000,5,2,10,"elliptical","normal",0.025,1,0.2,"isolated",3.39843055053331e-08,0.880050026742116,0.880050026742116,1,0,0,0.0341333333334236
"architecture",49,"M3","full_factorial","HDBSCAN_full",500,2,2,6,"spherical","normal",0.05,1,0.55,"isolated",0.572895006372659,0.806805489461873,0.806805489461873,0.913333333333333,1.68333333333333,1.59666666666667,0.00829666666662282
"architecture",50,"M3","full_factorial","HDBSCAN_full",500,2,2,10,"spherical","normal",0.05,1,0.55,"isolated",0.916052892249373,0.846394119921526,0.846394119921526,1,1.36666666666667,1.36666666666667,0.00832333333344044
"architecture",51,"M3","full_factorial","HDBSCAN_full",500,2,2,6,"elliptical","normal",0.05,1,0.55,"isolated",0.017680529674738,0.722450216653434,0.722450216653434,0.823333333333333,0.513333333333333,0.336666666666667,0.0084533333333214
"architecture",52,"M3","full_factorial","HDBSCAN_full",500,2,2,10,"elliptical","normal",0.05,1,0.55,"isolated",0.848767299532705,0.837711397137745,0.837711397137745,1,1.37333333333333,1.37333333333333,0.00837666666679676
"architecture",53,"M3","full_factorial","HDBSCAN_full",500,5,2,6,"spherical","normal",0.05,1,0.55,"isolated",0.00014307526022404,0.738791182587508,0.738791182587508,0.833333333333333,0.166666666666667,0,0.0111499999999069
"architecture",54,"M3","full_factorial","HDBSCAN_full",500,5,2,10,"spherical","normal",0.05,1,0.55,"isolated",-5.07457492493777e-07,0.944479244238933,0.944479244238933,1,0,0,0.0109633333332628
"architecture",55,"M3","full_factorial","HDBSCAN_full",500,5,2,6,"elliptical","normal",0.05,1,0.55,"isolated",0.00425570569379086,0.795715935024329,0.795715935024329,0.87,0.13,0,0.0111799999999615
"architecture",56,"M3","full_factorial","HDBSCAN_full",500,5,2,10,"elliptical","normal",0.05,1,0.55,"isolated",-2.57528873415526e-07,0.92797504772158,0.92797504772158,1,0,0,0.0112200000001273
"architecture",57,"M3","full_factorial","HDBSCAN_full",1000,2,2,6,"spherical","normal",0.05,1,0.55,"isolated",0.469090807243389,0.799855164776389,0.799855164776389,0.893333333333333,3.1,3,0.0270033333333655
"architecture",58,"M3","full_factorial","HDBSCAN_full",1000,2,2,10,"spherical","normal",0.05,1,0.55,"isolated",0.944236643573811,0.864684001357014,0.864684001357014,1,1.85,1.85,0.0271100000000418
"architecture",59,"M3","full_factorial","HDBSCAN_full",1000,2,2,6,"elliptical","normal",0.05,1,0.55,"isolated",0.0149525177705315,0.676164601281118,0.676164601281118,0.786666666666667,2.12,1.92666666666667,0.027383333333443
"architecture",60,"M3","full_factorial","HDBSCAN_full",1000,2,2,10,"elliptical","normal",0.05,1,0.55,"isolated",0.868744567573056,0.855870371568136,0.855870371568136,1,2.74,2.74,0.0269333333333392
"architecture",61,"M3","full_factorial","HDBSCAN_full",1000,5,2,6,"spherical","normal",0.05,1,0.55,"isolated",0.000116073783786114,0.729298563763796,0.729298563763796,0.79,0.21,0,0.0342800000001444
"architecture",62,"M3","full_factorial","HDBSCAN_full",1000,5,2,10,"spherical","normal",0.05,1,0.55,"isolated",1.15116572423675e-06,0.935653728963111,0.935653728963111,0.983333333333333,0.0166666666666667,0,0.0333433333334081
"architecture",63,"M3","full_factorial","HDBSCAN_full",1000,5,2,6,"elliptical","normal",0.05,1,0.55,"isolated",0.00380763647398887,0.805297861971186,0.805297861971186,0.87,0.13,0,0.0344000000000718
"architecture",64,"M3","full_factorial","HDBSCAN_full",1000,5,2,10,"elliptical","normal",0.05,1,0.55,"isolated",7.26416179842934e-07,0.937904277321687,0.937904277321687,1,0,0,0.0334199999998358
"architecture",65,"M4","full_factorial","HDBSCAN_full",500,2,2,6,"spherical","normal",0.05,2,0.2,"isolated",0.487468935084459,0.858244110537803,0.840983376417089,1,1.15666666666667,1.05,0.00851666666659488
"architecture",66,"M4","full_factorial","HDBSCAN_full",500,2,2,10,"spherical","normal",0.05,2,0.2,"isolated",0.93589270998994,0.826029604826426,0.828164908054871,1,1.00333333333333,1.00333333333333,0.00840333333323845
"architecture",67,"M4","full_factorial","HDBSCAN_full",500,2,2,6,"elliptical","normal",0.05,2,0.2,"isolated",0.0174906365117244,0.842839414912941,0.832531338525506,1,0.29,0.226666666666667,0.00844333333323448
"architecture",68,"M4","full_factorial","HDBSCAN_full",500,2,2,10,"elliptical","normal",0.05,2,0.2,"isolated",0.87888805067269,0.816908843926833,0.819278717750263,1,1.45333333333333,1.45333333333333,0.00844333333323448
"architecture",69,"M4","full_factorial","HDBSCAN_full",500,5,2,6,"spherical","normal",0.05,2,0.2,"isolated",4.2341248935164e-05,0.869278387508662,0.811291629826113,1,0.34,0,0.0112400000001556
"architecture",70,"M4","full_factorial","HDBSCAN_full",500,5,2,10,"spherical","normal",0.05,2,0.2,"isolated",2.78634769758762e-07,0.917074587457873,0.91847488329954,1,0,0,0.0111299999998664
"architecture",71,"M4","full_factorial","HDBSCAN_full",500,5,2,6,"elliptical","normal",0.05,2,0.2,"isolated",0.00128832755422692,0.929016522709664,0.910255645844152,1,0.116666666666667,0,0.0114633333331828
"architecture",72,"M4","full_factorial","HDBSCAN_full",500,5,2,10,"elliptical","normal",0.05,2,0.2,"isolated",2.24566875923821e-06,0.889847516051973,0.891614640147045,1,0,0,0.0110433333333397
"architecture",73,"M4","full_factorial","HDBSCAN_full",1000,2,2,6,"spherical","normal",0.05,2,0.2,"isolated",0.412877912478085,0.878886568188318,0.8630741541546,1,3.01666666666667,2.96333333333333,0.0274433333333945
"architecture",74,"M4","full_factorial","HDBSCAN_full",1000,2,2,10,"spherical","normal",0.05,2,0.2,"isolated",0.943089818545115,0.840614171701143,0.841197481928528,1,2.16666666666667,2.16666666666667,0.0272866666663807
"architecture",75,"M4","full_factorial","HDBSCAN_full",1000,2,2,6,"elliptical","normal",0.05,2,0.2,"isolated",0.00147091039441563,0.858215679976866,0.843185340139795,1,0.513333333333333,0.46,0.0273066666667364
"architecture",76,"M4","full_factorial","HDBSCAN_full",1000,2,2,10,"elliptical","normal",0.05,2,0.2,"isolated",0.876063210022598,0.837297119817784,0.837512530032419,1,3.37666666666667,3.37666666666667,0.0271999999999874
"architecture",77,"M4","full_factorial","HDBSCAN_full",1000,5,2,6,"spherical","normal",0.05,2,0.2,"isolated",-1.03386547701456e-05,0.864924455630712,0.80465718158467,1,0.36,0,0.0345433333335556
"architecture",78,"M4","full_factorial","HDBSCAN_full",1000,5,2,10,"spherical","normal",0.05,2,0.2,"isolated",8.64430657514859e-07,0.936828912115142,0.936917456802973,1,0.00333333333333333,0,0.0335000000000097
"architecture",79,"M4","full_factorial","HDBSCAN_full",1000,5,2,6,"elliptical","normal",0.05,2,0.2,"isolated",0.000884327190654538,0.919377029293498,0.89269191629734,1,0.16,0,0.0326166666664843
"architecture",80,"M4","full_factorial","HDBSCAN_full",1000,5,2,10,"elliptical","normal",0.05,2,0.2,"isolated",1.32494366105037e-07,0.918361484986473,0.919111239987885,1,0,0,0.0315799999996913
"architecture",17,"M1","full_factorial","Oracle_TCLUST",500,2,2,6,"spherical","normal",0.05,1,0.2,"isolated",0.946517984384463,0.978900230333688,0.978900230333688,1,0,0,0.18821000000006
"architecture",18,"M1","full_factorial","Oracle_TCLUST",500,2,2,10,"spherical","normal",0.05,1,0.2,"isolated",0.970430913785172,0.983899357417536,0.983899357417536,1,0,0,0.18988333333314
"architecture",19,"M1","full_factorial","Oracle_TCLUST",500,2,2,6,"elliptical","normal",0.05,1,0.2,"isolated",0.912947944257382,0.979802797677886,0.979802797677886,1,0,0,0.191869999999944
"architecture",20,"M1","full_factorial","Oracle_TCLUST",500,2,2,10,"elliptical","normal",0.05,1,0.2,"isolated",0.973012816722447,0.984579405115806,0.984579405115806,1,0,0,0.190473333333345
"architecture",21,"M1","full_factorial","Oracle_TCLUST",500,5,2,6,"spherical","normal",0.05,1,0.2,"isolated",0.946180486420951,0.985864843798398,0.985864843798398,1,0,0.00333333333333333,0.281033333333507
"architecture",22,"M1","full_factorial","Oracle_TCLUST",500,5,2,10,"spherical","normal",0.05,1,0.2,"isolated",0.983196241284638,0.997400703871292,0.997400703871292,1,0,0,0.281570000000138
"architecture",23,"M1","full_factorial","Oracle_TCLUST",500,5,2,6,"elliptical","normal",0.05,1,0.2,"isolated",0.909052593752499,0.992966329583052,0.992966329583052,1,0,0,0.279933333333296
"architecture",24,"M1","full_factorial","Oracle_TCLUST",500,5,2,10,"elliptical","normal",0.05,1,0.2,"isolated",0.98371075691489,0.996935646053293,0.996935646053293,1,0,0,0.280760000000046
"architecture",25,"M1","full_factorial","Oracle_TCLUST",1000,2,2,6,"spherical","normal",0.05,1,0.2,"isolated",0.947007121776696,0.979615766704495,0.979615766704496,1,0,0,0.353666666666625
"architecture",26,"M1","full_factorial","Oracle_TCLUST",1000,2,2,10,"spherical","normal",0.05,1,0.2,"isolated",0.969864575368332,0.985042783781784,0.985042783781785,1,0,0,0.352513333333348
"architecture",27,"M1","full_factorial","Oracle_TCLUST",1000,2,2,6,"elliptical","normal",0.05,1,0.2,"isolated",0.913515998422606,0.977751874290545,0.977751874290545,1,0,0,0.356149999999907
"architecture",28,"M1","full_factorial","Oracle_TCLUST",1000,2,2,10,"elliptical","normal",0.05,1,0.2,"isolated",0.973344873151053,0.985279893828869,0.985279893828869,1,0,0,0.352233333333449
"architecture",29,"M1","full_factorial","Oracle_TCLUST",1000,5,2,6,"spherical","normal",0.05,1,0.2,"isolated",0.951837725350831,0.997792661619103,0.997792661619103,1,0,0,0.504813333333162
"architecture",30,"M1","full_factorial","Oracle_TCLUST",1000,5,2,10,"spherical","normal",0.05,1,0.2,"isolated",0.983863471783685,0.999438943894389,0.999438943894389,1,0,0,0.504776666666415
"architecture",31,"M1","full_factorial","Oracle_TCLUST",1000,5,2,6,"elliptical","normal",0.05,1,0.2,"isolated",0.916136540342875,0.997726007894907,0.997726007894907,1,0,0,0.512263333333273
"architecture",32,"M1","full_factorial","Oracle_TCLUST",1000,5,2,10,"elliptical","normal",0.05,1,0.2,"isolated",0.984673573373703,0.99960396039604,0.99960396039604,1,0,0,0.505883333333222
"architecture",33,"M2","full_factorial","Oracle_TCLUST",500,2,2,6,"spherical","normal",0.025,1,0.2,"isolated",0.927766819890005,0.931025032681055,0.931025032681055,0.993333333333333,0.00666666666666667,0.00666666666666667,0.188463333333239
"architecture",34,"M2","full_factorial","Oracle_TCLUST",500,2,2,10,"spherical","normal",0.025,1,0.2,"isolated",0.958550090711235,0.95696356992444,0.956963569924439,1,0,0,0.188900000000006
"architecture",35,"M2","full_factorial","Oracle_TCLUST",500,2,2,6,"elliptical","normal",0.025,1,0.2,"isolated",0.897966687864668,0.926038957266843,0.926038957266843,0.986666666666667,0.0133333333333333,0.00666666666666667,0.190383333333399
"architecture",36,"M2","full_factorial","Oracle_TCLUST",500,2,2,10,"elliptical","normal",0.025,1,0.2,"isolated",0.961433231607894,0.957930421114229,0.957930421114229,1,0,0,0.190310000000112
"architecture",37,"M2","full_factorial","Oracle_TCLUST",500,5,2,6,"spherical","normal",0.025,1,0.2,"isolated",0.922093934248102,0.797587852667091,0.797587852667091,1,0,0.0933333333333333,0.277259999999963
"architecture",38,"M2","full_factorial","Oracle_TCLUST",500,5,2,10,"spherical","normal",0.025,1,0.2,"isolated",0.972868223985846,0.695691791222826,0.695691791222826,1,0,0.27,0.2792700000003
"architecture",39,"M2","full_factorial","Oracle_TCLUST",500,5,2,6,"elliptical","normal",0.025,1,0.2,"isolated",0.887866279004629,0.852476639501229,0.852476639501229,1,0,0.04,0.280953333333237
"architecture",40,"M2","full_factorial","Oracle_TCLUST",500,5,2,10,"elliptical","normal",0.025,1,0.2,"isolated",0.971879455091289,0.811242951173986,0.811242951173986,1,0,0.146666666666667,0.27603000000004
"architecture",41,"M2","full_factorial","Oracle_TCLUST",1000,2,2,6,"spherical","normal",0.025,1,0.2,"isolated",0.930330334462361,0.944509198354693,0.944509198354693,0.993333333333333,0.00666666666666667,0,0.354079999999994
"architecture",42,"M2","full_factorial","Oracle_TCLUST",1000,2,2,10,"spherical","normal",0.025,1,0.2,"isolated",0.960106329101085,0.966423307532393,0.966423307532393,1,0,0,0.351116666666627
"architecture",43,"M2","full_factorial","Oracle_TCLUST",1000,2,2,6,"elliptical","normal",0.025,1,0.2,"isolated",0.898971214044954,0.945942369246046,0.945942369246046,0.996666666666667,0.00333333333333333,0,0.353953333333278
"architecture",44,"M2","full_factorial","Oracle_TCLUST",1000,2,2,10,"elliptical","normal",0.025,1,0.2,"isolated",0.962728087762037,0.961983039394043,0.961983039394043,1,0,0,0.352303333333354
"architecture",45,"M2","full_factorial","Oracle_TCLUST",1000,5,2,6,"spherical","normal",0.025,1,0.2,"isolated",0.93584589888925,0.916168570314097,0.916168570314097,1,0,0.0633333333333333,0.504409999999989
"architecture",46,"M2","full_factorial","Oracle_TCLUST",1000,5,2,10,"spherical","normal",0.025,1,0.2,"isolated",0.97982128508626,0.800984434304819,0.800984434304819,1,0,0.193333333333333,0.501516666666575
"architecture",47,"M2","full_factorial","Oracle_TCLUST",1000,5,2,6,"elliptical","normal",0.025,1,0.2,"isolated",0.900726701408675,0.941608829152481,0.941608829152481,1,0,0.0433333333333333,0.508183333333194
"architecture",48,"M2","full_factorial","Oracle_TCLUST",1000,5,2,10,"elliptical","normal",0.025,1,0.2,"isolated",0.979196844220509,0.860638369522942,0.860638369522942,1,0,0.133333333333333,0.505103333333233
"architecture",49,"M3","full_factorial","Oracle_TCLUST",500,2,2,6,"spherical","normal",0.05,1,0.55,"isolated",0.948610381551036,0.939823563545213,0.939823563545213,1,0,0,0.190879999999997
"architecture",50,"M3","full_factorial","Oracle_TCLUST",500,2,2,10,"spherical","normal",0.05,1,0.55,"isolated",0.970190673121813,0.96430828911712,0.96430828911712,1,0,0,0.188613333333378
"architecture",51,"M3","full_factorial","Oracle_TCLUST",500,2,2,6,"elliptical","normal",0.05,1,0.55,"isolated",0.90982658781259,0.933233150656522,0.933233150656522,1,0,0,0.190050000000022
"architecture",52,"M3","full_factorial","Oracle_TCLUST",500,2,2,10,"elliptical","normal",0.05,1,0.55,"isolated",0.972305803063966,0.961333789792383,0.961333789792383,1,0,0,0.188696666666656
"architecture",53,"M3","full_factorial","Oracle_TCLUST",500,5,2,6,"spherical","normal",0.05,1,0.55,"isolated",0.943624780192361,0.938347998812248,0.938347998812248,1,0,0.01,0.27973333333334
"architecture",54,"M3","full_factorial","Oracle_TCLUST",500,5,2,10,"spherical","normal",0.05,1,0.55,"isolated",0.982046592171137,0.985234862089759,0.985234862089759,1,0,0,0.280696666666639
"architecture",55,"M3","full_factorial","Oracle_TCLUST",500,5,2,6,"elliptical","normal",0.05,1,0.55,"isolated",0.906473107384253,0.94794159484821,0.94794159484821,1,0,0,0.281839999999829
"architecture",56,"M3","full_factorial","Oracle_TCLUST",500,5,2,10,"elliptical","normal",0.05,1,0.55,"isolated",0.982979402256592,0.986313460652766,0.986313460652766,1,0,0,0.282420000000081
"architecture",57,"M3","full_factorial","Oracle_TCLUST",1000,2,2,6,"spherical","normal",0.05,1,0.55,"isolated",0.94941067004876,0.939749552520955,0.939749552520955,1,0,0,0.353056666666598
"architecture",58,"M3","full_factorial","Oracle_TCLUST",1000,2,2,10,"spherical","normal",0.05,1,0.55,"isolated",0.969889822948318,0.963754948898713,0.963754948898713,1,0,0,0.35161333333331
"architecture",59,"M3","full_factorial","Oracle_TCLUST",1000,2,2,6,"elliptical","normal",0.05,1,0.55,"isolated",0.914214004974985,0.933866815953789,0.933866815953789,1,0,0,0.356183333333235
"architecture",60,"M3","full_factorial","Oracle_TCLUST",1000,2,2,10,"elliptical","normal",0.05,1,0.55,"isolated",0.972195400315204,0.962804593150278,0.962804593150278,1,0,0,0.349419999999809
"architecture",61,"M3","full_factorial","Oracle_TCLUST",1000,5,2,6,"spherical","normal",0.05,1,0.55,"isolated",0.949369993749222,0.963729181524592,0.963729181524592,1,0,0.01,0.508853333333379
"architecture",62,"M3","full_factorial","Oracle_TCLUST",1000,5,2,10,"spherical","normal",0.05,1,0.55,"isolated",0.983060718464362,0.991671527006814,0.991671527006814,1,0,0,0.507513333333397
"architecture",63,"M3","full_factorial","Oracle_TCLUST",1000,5,2,6,"elliptical","normal",0.05,1,0.55,"isolated",0.912916960955995,0.969294749741079,0.969294749741079,1,0,0,0.511586666666626
"architecture",64,"M3","full_factorial","Oracle_TCLUST",1000,5,2,10,"elliptical","normal",0.05,1,0.55,"isolated",0.983551101762772,0.991679742488547,0.991679742488548,1,0,0,0.505496666666501
"architecture",65,"M4","full_factorial","Oracle_TCLUST",500,2,2,6,"spherical","normal",0.05,2,0.2,"isolated",0.968166397441735,0.824383499467172,0.747110760377968,1,0.203333333333333,0.23,0.229586666666546
"architecture",66,"M4","full_factorial","Oracle_TCLUST",500,2,2,10,"spherical","normal",0.05,2,0.2,"isolated",0.979601828333978,0.883267465562349,0.836648891095801,1,0.04,0.223333333333333,0.226476666666664
"architecture",67,"M4","full_factorial","Oracle_TCLUST",500,2,2,6,"elliptical","normal",0.05,2,0.2,"isolated",0.926686217877948,0.834034288597466,0.765839479761829,1,0.116666666666667,0.266666666666667,0.229330000000045
"architecture",68,"M4","full_factorial","Oracle_TCLUST",500,2,2,10,"elliptical","normal",0.05,2,0.2,"isolated",0.980985474614473,0.86364372293433,0.809642553506912,1,0.03,0.276666666666667,0.225406666666555
"architecture",69,"M4","full_factorial","Oracle_TCLUST",500,5,2,6,"spherical","normal",0.05,2,0.2,"isolated",0.917236177667233,0.80043099921349,0.774626277034409,1,0.00333333333333333,0.213333333333333,0.369423333333289
"architecture",70,"M4","full_factorial","Oracle_TCLUST",500,5,2,10,"spherical","normal",0.05,2,0.2,"isolated",0.97165848834984,0.859615952068923,0.799430144530399,1,0.00333333333333333,0.336666666666667,0.37401999999997
"architecture",71,"M4","full_factorial","Oracle_TCLUST",500,5,2,6,"elliptical","normal",0.05,2,0.2,"isolated",0.896831848086224,0.875425507550622,0.856217412383192,1,0,0.136666666666667,0.3737033333333
"architecture",72,"M4","full_factorial","Oracle_TCLUST",500,5,2,10,"elliptical","normal",0.05,2,0.2,"isolated",0.973419869046887,0.866257311882483,0.811650680304054,1,0,0.303333333333333,0.371339999999812
"architecture",73,"M4","full_factorial","Oracle_TCLUST",1000,2,2,6,"spherical","normal",0.05,2,0.2,"isolated",0.972579281490614,0.824718549067844,0.749782055463799,1,0.28,0.163333333333333,0.428736666666664
"architecture",74,"M4","full_factorial","Oracle_TCLUST",1000,2,2,10,"spherical","normal",0.05,2,0.2,"isolated",0.981235667173128,0.890814708525157,0.848849789631162,1,0.0266666666666667,0.22,0.422116666666419
"architecture",75,"M4","full_factorial","Oracle_TCLUST",1000,2,2,6,"elliptical","normal",0.05,2,0.2,"isolated",0.928817138461991,0.87104376242106,0.821808363217899,1,0.0833333333333333,0.206666666666667,0.427146666666825
"architecture",76,"M4","full_factorial","Oracle_TCLUST",1000,2,2,10,"elliptical","normal",0.05,2,0.2,"isolated",0.983641347750984,0.886338264250132,0.84374574607922,1,0.0133333333333333,0.236666666666667,0.421503333333421
"architecture",77,"M4","full_factorial","Oracle_TCLUST",1000,5,2,6,"spherical","normal",0.05,2,0.2,"isolated",0.949911016262914,0.896286297885233,0.864489560125075,1,0,0.22,0.651120000000022
"architecture",78,"M4","full_factorial","Oracle_TCLUST",1000,5,2,10,"spherical","normal",0.05,2,0.2,"isolated",0.984667320538219,0.898446652411886,0.852336158104836,1,0,0.273333333333333,0.648993333333395
"architecture",79,"M4","full_factorial","Oracle_TCLUST",1000,5,2,6,"elliptical","normal",0.05,2,0.2,"isolated",0.920328649778343,0.966277401616834,0.960473701053591,1,0,0.0466666666666667,0.629023333333583
"architecture",80,"M4","full_factorial","Oracle_TCLUST",1000,5,2,10,"elliptical","normal",0.05,2,0.2,"isolated",0.984533194709974,0.928263413297351,0.897726190227676,1,0,0.18,0.620923333333121
"architecture",1,"N0","full_factorial","OTRIMLE_fixedK",500,2,2,6,"spherical","normal",0,0,0.2,"isolated",0.884684640868895,NA,NA,0.002,0.002,0.002,0.583566999999999
"architecture",2,"N0","full_factorial","OTRIMLE_fixedK",500,2,2,10,"spherical","normal",0,0,0.2,"isolated",0.814986368262245,NA,NA,0.001,0.001,0.001,0.458255999999999
"architecture",3,"N0","full_factorial","OTRIMLE_fixedK",500,2,2,6,"elliptical","normal",0,0,0.2,"isolated",0.872460190192695,NA,NA,0.001,0.001,0.001,0.817647999999996
"architecture",4,"N0","full_factorial","OTRIMLE_fixedK",500,2,2,10,"elliptical","normal",0,0,0.2,"isolated",0.855943269209624,NA,NA,0,0,0,0.510485000000005
"architecture",5,"N0","full_factorial","OTRIMLE_fixedK",500,5,2,6,"spherical","normal",0,0,0.2,"isolated",0.474796922914895,NA,NA,0.002,0.002,0.002,1.395316
"architecture",6,"N0","full_factorial","OTRIMLE_fixedK",500,5,2,10,"spherical","normal",0,0,0.2,"isolated",0.700970429448999,NA,NA,0,0,0,1.05308899999998
"architecture",7,"N0","full_factorial","OTRIMLE_fixedK",500,5,2,6,"elliptical","normal",0,0,0.2,"isolated",0.450493870538378,NA,NA,0,0,0,1.67907499999999
"architecture",8,"N0","full_factorial","OTRIMLE_fixedK",500,5,2,10,"elliptical","normal",0,0,0.2,"isolated",0.589066376284325,NA,NA,0,0,0,1.21015899999998
"architecture",9,"N0","full_factorial","OTRIMLE_fixedK",1000,2,2,6,"spherical","normal",0,0,0.2,"isolated",0.939212237763524,NA,NA,0,0,0,1.10188300000002
"architecture",10,"N0","full_factorial","OTRIMLE_fixedK",1000,2,2,10,"spherical","normal",0,0,0.2,"isolated",0.846061356753554,NA,NA,0.001,0.001,0.001,0.803973999999964
"architecture",11,"N0","full_factorial","OTRIMLE_fixedK",1000,2,2,6,"elliptical","normal",0,0,0.2,"isolated",0.898756301170968,NA,NA,0.001,0.001,0.001,1.51262500000001
"architecture",12,"N0","full_factorial","OTRIMLE_fixedK",1000,2,2,10,"elliptical","normal",0,0,0.2,"isolated",0.886990288299069,NA,NA,0,0,0,0.86522299999998
"architecture",13,"N0","full_factorial","OTRIMLE_fixedK",1000,5,2,6,"spherical","normal",0,0,0.2,"isolated",0.47295080580338,NA,NA,0,0,0,2.58812399999999
"architecture",14,"N0","full_factorial","OTRIMLE_fixedK",1000,5,2,10,"spherical","normal",0,0,0.2,"isolated",0.660471129412079,NA,NA,0,0,0,2.02970499999998
"architecture",15,"N0","full_factorial","OTRIMLE_fixedK",1000,5,2,6,"elliptical","normal",0,0,0.2,"isolated",0.4970972083243,NA,NA,0.001,0.001,0.001,2.85156999999992
"architecture",16,"N0","full_factorial","OTRIMLE_fixedK",1000,5,2,10,"elliptical","normal",0,0,0.2,"isolated",0.614020279447894,NA,NA,0,0,0,2.08535200000001
"architecture",17,"M1","full_factorial","OTRIMLE_fixedK",500,2,2,6,"spherical","normal",0.05,1,0.2,"isolated",4.08861436815461e-07,0.902705144116667,0.902705144116667,0.963333333333333,0.0366666666666667,0,0.488099999999959
"architecture",18,"M1","full_factorial","OTRIMLE_fixedK",500,2,2,10,"spherical","normal",0.05,1,0.2,"isolated",8.71033358387874e-05,0.943541335156202,0.943541335156202,1,0,0,0.459846666666587
"architecture",19,"M1","full_factorial","OTRIMLE_fixedK",500,2,2,6,"elliptical","normal",0.05,1,0.2,"isolated",3.97127851983527e-07,0.892890481561192,0.892890481561192,0.96,0.04,0,0.57015333333351
"architecture",20,"M1","full_factorial","OTRIMLE_fixedK",500,2,2,10,"elliptical","normal",0.05,1,0.2,"isolated",0.000120403068417399,0.948593048933915,0.948593048933915,1,0,0,0.503466666666609
"architecture",21,"M1","full_factorial","OTRIMLE_fixedK",500,5,2,6,"spherical","normal",0.05,1,0.2,"isolated",1.97994003949549e-06,0.992131023564616,0.992131023564616,0.996666666666667,0.00333333333333333,0,0.759176666666826
"architecture",22,"M1","full_factorial","OTRIMLE_fixedK",500,5,2,10,"spherical","normal",0.05,1,0.2,"isolated",0,0.9967543659941,0.9967543659941,1,0,0,0.774010000000029
"architecture",23,"M1","full_factorial","OTRIMLE_fixedK",500,5,2,6,"elliptical","normal",0.05,1,0.2,"isolated",2.64985171851886e-06,0.991477845129343,0.991477845129343,0.996666666666667,0.00333333333333333,0,0.864853333333206
"architecture",24,"M1","full_factorial","OTRIMLE_fixedK",500,5,2,10,"elliptical","normal",0.05,1,0.2,"isolated",1.31985735509562e-07,0.997139123670755,0.997139123670755,1,0,0,0.82155666666662
"architecture",25,"M1","full_factorial","OTRIMLE_fixedK",1000,2,2,6,"spherical","normal",0.05,1,0.2,"isolated",2.16023743938834e-05,0.878113536621431,0.878113536621431,0.933333333333333,0.0666666666666667,0,0.850086666666806
"architecture",26,"M1","full_factorial","OTRIMLE_fixedK",1000,2,2,10,"spherical","normal",0.05,1,0.2,"isolated",1.28500201869575e-06,0.954968832200377,0.954968832200377,1,0,0,0.827603333333209
"architecture",27,"M1","full_factorial","OTRIMLE_fixedK",1000,2,2,6,"elliptical","normal",0.05,1,0.2,"isolated",-9.66810741061653e-08,0.902362767329598,0.902362767329598,0.963333333333333,0.0366666666666667,0,0.97282999999997
"architecture",28,"M1","full_factorial","OTRIMLE_fixedK",1000,2,2,10,"elliptical","normal",0.05,1,0.2,"isolated",6.89649190727916e-07,0.955346040980926,0.955346040980926,1,0,0,0.881636666666624
"architecture",29,"M1","full_factorial","OTRIMLE_fixedK",1000,5,2,6,"spherical","normal",0.05,1,0.2,"isolated",9.88782069662564e-07,0.990368213291917,0.990368213291917,0.993333333333333,0.00666666666666667,0,1.29255666666671
"architecture",30,"M1","full_factorial","OTRIMLE_fixedK",1000,5,2,10,"spherical","normal",0.05,1,0.2,"isolated",0,0.997440495202707,0.997440495202707,1,0,0,1.31303999999982
"architecture",31,"M1","full_factorial","OTRIMLE_fixedK",1000,5,2,6,"elliptical","normal",0.05,1,0.2,"isolated",0.00307416826269057,0.982465427582164,0.982465427582164,0.986666666666667,0.0133333333333333,0,1.52205000000008
"architecture",32,"M1","full_factorial","OTRIMLE_fixedK",1000,5,2,10,"elliptical","normal",0.05,1,0.2,"isolated",4.62824053231815e-07,0.998516792855756,0.998516792855756,1,0,0,1.4187333333334
"architecture",33,"M2","full_factorial","OTRIMLE_fixedK",500,2,2,6,"spherical","normal",0.025,1,0.2,"isolated",0.0305150493045381,0.609020554228486,0.609020554228486,0.796666666666667,0.203333333333333,0,0.598426666666613
"architecture",34,"M2","full_factorial","OTRIMLE_fixedK",500,2,2,10,"spherical","normal",0.025,1,0.2,"isolated",0.00950552350400251,0.672477366249888,0.672477366249888,0.913333333333333,0.0866666666666667,0,0.504759999999806
"architecture",35,"M2","full_factorial","OTRIMLE_fixedK",500,2,2,6,"elliptical","normal",0.025,1,0.2,"isolated",0.0378096618506912,0.682090141701825,0.682090141701825,0.873333333333333,0.126666666666667,0,0.759423333333483
"architecture",36,"M2","full_factorial","OTRIMLE_fixedK",500,2,2,10,"elliptical","normal",0.025,1,0.2,"isolated",0.0484616507541659,0.65051318594653,0.65051318594653,0.886666666666667,0.113333333333333,0,0.565273333333498
"architecture",37,"M2","full_factorial","OTRIMLE_fixedK",500,5,2,6,"spherical","normal",0.025,1,0.2,"isolated",4.57126143642248e-06,0.950118346141876,0.950118346141876,0.963333333333333,0.0366666666666667,0,0.759386666666663
"architecture",38,"M2","full_factorial","OTRIMLE_fixedK",500,5,2,10,"spherical","normal",0.025,1,0.2,"isolated",-6.48224577950386e-07,0.991238746438746,0.991238746438746,1,0,0,0.78582000000007
"architecture",39,"M2","full_factorial","OTRIMLE_fixedK",500,5,2,6,"elliptical","normal",0.025,1,0.2,"isolated",6.47290371803046e-06,0.966913308913309,0.966913308913309,0.983333333333333,0.0166666666666667,0,0.868499999999888
"architecture",40,"M2","full_factorial","OTRIMLE_fixedK",500,5,2,10,"elliptical","normal",0.025,1,0.2,"isolated",2.91493251162599e-06,0.992107908438943,0.992107908438943,1,0,0,0.856800000000136
"architecture",41,"M2","full_factorial","OTRIMLE_fixedK",1000,2,2,6,"spherical","normal",0.025,1,0.2,"isolated",0.00661947766884315,0.663907242043658,0.663907242043658,0.796666666666667,0.203333333333333,0,0.983573333333455
"architecture",42,"M2","full_factorial","OTRIMLE_fixedK",1000,2,2,10,"spherical","normal",0.025,1,0.2,"isolated",7.92801339589729e-06,0.74268812081959,0.74268812081959,0.926666666666667,0.0733333333333333,0,0.881946666666712
"architecture",43,"M2","full_factorial","OTRIMLE_fixedK",1000,2,2,6,"elliptical","normal",0.025,1,0.2,"isolated",7.17924058314138e-05,0.736632598050125,0.736632598050125,0.876666666666667,0.123333333333333,0,1.19322999999981
"architecture",44,"M2","full_factorial","OTRIMLE_fixedK",1000,2,2,10,"elliptical","normal",0.025,1,0.2,"isolated",-1.99230489173103e-07,0.787152906250872,0.787152906250872,0.96,0.04,0,0.934826666666522
"architecture",45,"M2","full_factorial","OTRIMLE_fixedK",1000,5,2,6,"spherical","normal",0.025,1,0.2,"isolated",9.39782108597965e-07,0.948292452604328,0.948292452604328,0.96,0.04,0,1.32345000000012
"architecture",46,"M2","full_factorial","OTRIMLE_fixedK",1000,5,2,10,"spherical","normal",0.025,1,0.2,"isolated",6.59175126709273e-08,0.994152840623429,0.994152840623429,1,0,0,1.36868666666663
"architecture",47,"M2","full_factorial","OTRIMLE_fixedK",1000,5,2,6,"elliptical","normal",0.025,1,0.2,"isolated",4.40018201377598e-06,0.977126197463201,0.977126197463201,0.99,0.01,0,1.50617999999985
"architecture",48,"M2","full_factorial","OTRIMLE_fixedK",1000,5,2,10,"elliptical","normal",0.025,1,0.2,"isolated",6.60575142383758e-07,0.995769230769231,0.995769230769231,1,0,0,1.55481333333323
"architecture",49,"M3","full_factorial","OTRIMLE_fixedK",500,2,2,6,"spherical","normal",0.05,1,0.55,"isolated",0.171850641210738,0.570332951820546,0.570332951820546,0.65,0.35,0,0.697193333333428
"architecture",50,"M3","full_factorial","OTRIMLE_fixedK",500,2,2,10,"spherical","normal",0.05,1,0.55,"isolated",0.17529475666752,0.70137187484688,0.70137187484688,0.803333333333333,0.196666666666667,0,0.567943333333327
"architecture",51,"M3","full_factorial","OTRIMLE_fixedK",500,2,2,6,"elliptical","normal",0.05,1,0.55,"isolated",0.18627814162256,0.492810093508568,0.492810093508568,0.556666666666667,0.443333333333333,0,0.698576666666619
"architecture",52,"M3","full_factorial","OTRIMLE_fixedK",500,2,2,10,"elliptical","normal",0.05,1,0.55,"isolated",0.247378941670729,0.631063095614461,0.631063095614461,0.713333333333333,0.286666666666667,0,0.625893333333394
"architecture",53,"M3","full_factorial","OTRIMLE_fixedK",500,5,2,6,"spherical","normal",0.05,1,0.55,"isolated",8.39619883148627e-06,0.724711280924438,0.724711280924438,0.786666666666667,0.213333333333333,0,1.41465333333341
"architecture",54,"M3","full_factorial","OTRIMLE_fixedK",500,5,2,10,"spherical","normal",0.05,1,0.55,"isolated",2.73332084194564e-07,0.960127347924642,0.960127347924642,1,0,0,1.19145333333323
"architecture",55,"M3","full_factorial","OTRIMLE_fixedK",500,5,2,6,"elliptical","normal",0.05,1,0.55,"isolated",2.07809735880297e-05,0.711651088771456,0.711651088771456,0.77,0.23,0,1.35945999999987
"architecture",56,"M3","full_factorial","OTRIMLE_fixedK",500,5,2,10,"elliptical","normal",0.05,1,0.55,"isolated",3.97462336503503e-06,0.971626687036741,0.971626687036741,1,0,0,1.2053666666668
"architecture",57,"M3","full_factorial","OTRIMLE_fixedK",1000,2,2,6,"spherical","normal",0.05,1,0.55,"isolated",0.0255691126942848,0.678214332018427,0.678214332018427,0.756666666666667,0.243333333333333,0,1.33738333333318
"architecture",58,"M3","full_factorial","OTRIMLE_fixedK",1000,2,2,10,"spherical","normal",0.05,1,0.55,"isolated",0.0287838709168345,0.875437671697738,0.875437671697738,0.966666666666667,0.0333333333333333,0,1.15929666666656
"architecture",59,"M3","full_factorial","OTRIMLE_fixedK",1000,2,2,6,"elliptical","normal",0.05,1,0.55,"isolated",0.0292223573397463,0.442098898755494,0.442098898755494,0.493333333333333,0.506666666666667,0,1.4591233333333
"architecture",60,"M3","full_factorial","OTRIMLE_fixedK",1000,2,2,10,"elliptical","normal",0.05,1,0.55,"isolated",0.0544545569313539,0.846100957231207,0.846100957231207,0.936666666666667,0.0633333333333333,0,1.27258333333342
"architecture",61,"M3","full_factorial","OTRIMLE_fixedK",1000,5,2,6,"spherical","normal",0.05,1,0.55,"isolated",1.24787292870162e-06,0.663493194131317,0.663493194131317,0.713333333333333,0.286666666666667,0,2.31341999999992
"architecture",62,"M3","full_factorial","OTRIMLE_fixedK",1000,5,2,10,"spherical","normal",0.05,1,0.55,"isolated",2.64038526168779e-07,0.966255805499029,0.966255805499029,1,0,0,2.21179666666686
"architecture",63,"M3","full_factorial","OTRIMLE_fixedK",1000,5,2,6,"elliptical","normal",0.05,1,0.55,"isolated",7.11243853459431e-06,0.536690046681972,0.536690046681972,0.573333333333333,0.426666666666667,0,2.43219333333321
"architecture",64,"M3","full_factorial","OTRIMLE_fixedK",1000,5,2,10,"elliptical","normal",0.05,1,0.55,"isolated",1.29377409751355e-06,0.973265059564495,0.973265059564495,1,0,0,2.02819333333317
"architecture",65,"M4","full_factorial","OTRIMLE_fixedK",500,2,2,6,"spherical","normal",0.05,2,0.2,"isolated",0,0.601501769428699,0.436096475564423,0.976666666666667,1.02333333333333,0,0.513859999999986
"architecture",66,"M4","full_factorial","OTRIMLE_fixedK",500,2,2,10,"spherical","normal",0.05,2,0.2,"isolated",0.00342998883234571,0.582705836568605,0.413788187523317,0.996666666666667,1.00333333333333,0,0.489706666666668
"architecture",67,"M4","full_factorial","OTRIMLE_fixedK",500,2,2,6,"elliptical","normal",0.05,2,0.2,"isolated",-1.31399132240805e-07,0.601248541998275,0.434124752320537,0.99,1.01,0,0.575263333333423
"architecture",68,"M4","full_factorial","OTRIMLE_fixedK",500,2,2,10,"elliptical","normal",0.05,2,0.2,"isolated",6.57319908730691e-05,0.593005222788001,0.422332355311409,0.996666666666667,1.00333333333333,0,0.494946666666547
"architecture",69,"M4","full_factorial","OTRIMLE_fixedK",500,5,2,6,"spherical","normal",0.05,2,0.2,"isolated",1.67145915239027e-07,0.651478893873631,0.489644105277439,0.983333333333333,1.01666666666667,0,0.795113333333417
"architecture",70,"M4","full_factorial","OTRIMLE_fixedK",500,5,2,10,"spherical","normal",0.05,2,0.2,"isolated",1.31985735509562e-07,0.664401527033106,0.498387844254511,1,1,0,0.791946666666712
"architecture",71,"M4","full_factorial","OTRIMLE_fixedK",500,5,2,6,"elliptical","normal",0.05,2,0.2,"isolated",3.12051171476794e-05,0.656820591846908,0.495945719712386,0.996666666666667,1.00333333333333,0,0.894573333333331
"architecture",72,"M4","full_factorial","OTRIMLE_fixedK",500,5,2,10,"elliptical","normal",0.05,2,0.2,"isolated",1.86084730190406e-06,0.66319866019866,0.497569692036359,1,1,0,0.840513333333111
"architecture",73,"M4","full_factorial","OTRIMLE_fixedK",1000,2,2,6,"spherical","normal",0.05,2,0.2,"isolated",0,0.605071312180758,0.440259512095048,0.97,1.03,0,0.865603333333432
"architecture",74,"M4","full_factorial","OTRIMLE_fixedK",1000,2,2,10,"spherical","normal",0.05,2,0.2,"isolated",0,0.584501337838194,0.413628283998338,1,1,0,0.838589999999846
"architecture",75,"M4","full_factorial","OTRIMLE_fixedK",1000,2,2,6,"elliptical","normal",0.05,2,0.2,"isolated",0,0.605077072799133,0.43515583075083,0.996666666666667,1.00333333333333,0,1.0051833333336
"architecture",76,"M4","full_factorial","OTRIMLE_fixedK",1000,2,2,10,"elliptical","normal",0.05,2,0.2,"isolated",-1.63405551573631e-07,0.597908337369253,0.427480545512534,1,1,0,0.874149999999924
"architecture",77,"M4","full_factorial","OTRIMLE_fixedK",1000,5,2,6,"spherical","normal",0.05,2,0.2,"isolated",1.40495181838052e-06,0.649364319890636,0.486385118149824,0.976666666666667,1.02333333333333,0,1.4049133333331
"architecture",78,"M4","full_factorial","OTRIMLE_fixedK",1000,5,2,10,"spherical","normal",0.05,2,0.2,"isolated",-3.2665789610114e-08,0.665206956785904,0.49836978381096,1,1,0,1.34766333333314
"architecture",79,"M4","full_factorial","OTRIMLE_fixedK",1000,5,2,6,"elliptical","normal",0.05,2,0.2,"isolated",3.78142119750968e-05,0.660446162025109,0.494685700598575,0.993333333333333,1.00666666666667,0,1.43875999999984
"architecture",80,"M4","full_factorial","OTRIMLE_fixedK",1000,5,2,10,"elliptical","normal",0.05,2,0.2,"isolated",-3.28855146541262e-08,0.66444976076555,0.497525138260432,1,1,0,1.35082333333332
"architecture",1,"N0","full_factorial","TCLUST",500,2,2,6,"spherical","normal",0,0,0.2,"isolated",0.866803392405327,NA,NA,0,0,0,0.149327999999999
"architecture",2,"N0","full_factorial","TCLUST",500,2,2,10,"spherical","normal",0,0,0.2,"isolated",0.916235367185083,NA,NA,0,0,0,0.142709000000001
"architecture",3,"N0","full_factorial","TCLUST",500,2,2,6,"elliptical","normal",0,0,0.2,"isolated",0.84622920091328,NA,NA,0,0,0,0.148993000000004
"architecture",4,"N0","full_factorial","TCLUST",500,2,2,10,"elliptical","normal",0,0,0.2,"isolated",0.922497999616632,NA,NA,0,0,0,0.146821000000007
"architecture",5,"N0","full_factorial","TCLUST",500,5,2,6,"spherical","normal",0,0,0.2,"isolated",0.884208169845397,NA,NA,0,0,0,0.201937000000003
"architecture",6,"N0","full_factorial","TCLUST",500,5,2,10,"spherical","normal",0,0,0.2,"isolated",0.956590658759483,NA,NA,0,0,0,0.202535
"architecture",7,"N0","full_factorial","TCLUST",500,5,2,6,"elliptical","normal",0,0,0.2,"isolated",0.855031593502373,NA,NA,0,0,0,0.202403000000008
"architecture",8,"N0","full_factorial","TCLUST",500,5,2,10,"elliptical","normal",0,0,0.2,"isolated",0.958571476085636,NA,NA,0,0,0,0.203685999999992
"architecture",9,"N0","full_factorial","TCLUST",1000,2,2,6,"spherical","normal",0,0,0.2,"isolated",0.867258852275593,NA,NA,0,0,0,0.275957000000024
"architecture",10,"N0","full_factorial","TCLUST",1000,2,2,10,"spherical","normal",0,0,0.2,"isolated",0.916788586380457,NA,NA,0,0,0,0.276751000000007
"architecture",11,"N0","full_factorial","TCLUST",1000,2,2,6,"elliptical","normal",0,0,0.2,"isolated",0.847397217226593,NA,NA,0,0,0,0.277981999999962
"architecture",12,"N0","full_factorial","TCLUST",1000,2,2,10,"elliptical","normal",0,0,0.2,"isolated",0.922937570598196,NA,NA,0,0,0,0.277056000000006
"architecture",13,"N0","full_factorial","TCLUST",1000,5,2,6,"spherical","normal",0,0,0.2,"isolated",0.885739285355292,NA,NA,0,0,0,0.373350999999997
"architecture",14,"N0","full_factorial","TCLUST",1000,5,2,10,"spherical","normal",0,0,0.2,"isolated",0.957210755025961,NA,NA,0,0,0,0.370374000000009
"architecture",15,"N0","full_factorial","TCLUST",1000,5,2,6,"elliptical","normal",0,0,0.2,"isolated",0.859263106240244,NA,NA,0,0,0,0.374549999999977
"architecture",16,"N0","full_factorial","TCLUST",1000,5,2,10,"elliptical","normal",0,0,0.2,"isolated",0.959276110161009,NA,NA,0,0,0,0.372535999999996
"architecture",17,"M1","full_factorial","TCLUST",500,2,2,6,"spherical","normal",0.05,1,0.2,"isolated",0.950190933615718,0,0,0,1,0,0.146776666666774
"architecture",18,"M1","full_factorial","TCLUST",500,2,2,10,"spherical","normal",0.05,1,0.2,"isolated",0.97310195698054,0,0,0,1,0,0.149583333333333
"architecture",19,"M1","full_factorial","TCLUST",500,2,2,6,"elliptical","normal",0.05,1,0.2,"isolated",0.914579666027688,0,0,0,1,0,0.149753333333295
"architecture",20,"M1","full_factorial","TCLUST",500,2,2,10,"elliptical","normal",0.05,1,0.2,"isolated",0.975117247556642,0,0,0,1,0,0.150616666666501
"architecture",21,"M1","full_factorial","TCLUST",500,5,2,6,"spherical","normal",0.05,1,0.2,"isolated",0.800102716380702,0.13921568627451,0.13921568627451,0.14,0.86,0,0.207323333333176
"architecture",22,"M1","full_factorial","TCLUST",500,5,2,10,"spherical","normal",0.05,1,0.2,"isolated",0.937757796838219,0.0464731020613374,0.0464731020613374,0.0466666666666667,0.953333333333333,0,0.20514333333329
"architecture",23,"M1","full_factorial","TCLUST",500,5,2,6,"elliptical","normal",0.05,1,0.2,"isolated",0.861674213998299,0.0496732026143791,0.0496732026143791,0.05,0.95,0,0.207343333333362
"architecture",24,"M1","full_factorial","TCLUST",500,5,2,10,"elliptical","normal",0.05,1,0.2,"isolated",0.964439070409785,0.0199346405228758,0.0199346405228758,0.02,0.98,0,0.205816666666591
"architecture",25,"M1","full_factorial","TCLUST",1000,2,2,6,"spherical","normal",0.05,1,0.2,"isolated",0.950328372001881,0,0,0,1,0,0.277033333333396
"architecture",26,"M1","full_factorial","TCLUST",1000,2,2,10,"spherical","normal",0.05,1,0.2,"isolated",0.971935998249915,0,0,0,1,0,0.277169999999981
"architecture",27,"M1","full_factorial","TCLUST",1000,2,2,6,"elliptical","normal",0.05,1,0.2,"isolated",0.91475410990345,0,0,0,1,0,0.27738666666668
"architecture",28,"M1","full_factorial","TCLUST",1000,2,2,10,"elliptical","normal",0.05,1,0.2,"isolated",0.975507204909048,0,0,0,1,0,0.276443333333373
"architecture",29,"M1","full_factorial","TCLUST",1000,5,2,6,"spherical","normal",0.05,1,0.2,"isolated",0.727985844431555,0.226238270885912,0.226238270885912,0.226666666666667,0.773333333333333,0,0.377246666666664
"architecture",30,"M1","full_factorial","TCLUST",1000,5,2,10,"spherical","normal",0.05,1,0.2,"isolated",0.954396994644851,0.03,0.03,0.03,0.97,0,0.374779999999992
"architecture",31,"M1","full_factorial","TCLUST",1000,5,2,6,"elliptical","normal",0.05,1,0.2,"isolated",0.89977570070559,0.0166336633663366,0.0166336633663366,0.0166666666666667,0.983333333333333,0,0.382150000000086
"architecture",32,"M1","full_factorial","TCLUST",1000,5,2,10,"elliptical","normal",0.05,1,0.2,"isolated",0.978208224633355,0.00666666666666667,0.00666666666666667,0.00666666666666667,0.993333333333333,0,0.375943333333234
"architecture",33,"M2","full_factorial","TCLUST",500,2,2,6,"spherical","normal",0.025,1,0.2,"isolated",0.931363939310535,0,0,0,1,0,0.147653333333425
"architecture",34,"M2","full_factorial","TCLUST",500,2,2,10,"spherical","normal",0.025,1,0.2,"isolated",0.962056042527653,0,0,0,1,0,0.147839999999912
"architecture",35,"M2","full_factorial","TCLUST",500,2,2,6,"elliptical","normal",0.025,1,0.2,"isolated",0.900003450745855,0,0,0,1,0,0.148966666666577
"architecture",36,"M2","full_factorial","TCLUST",500,2,2,10,"elliptical","normal",0.025,1,0.2,"isolated",0.96482443806872,0,0,0,1,0,0.149686666666736
"architecture",37,"M2","full_factorial","TCLUST",500,5,2,6,"spherical","normal",0.025,1,0.2,"isolated",0.936608033025575,0,0,0,1,0,0.20546000000013
"architecture",38,"M2","full_factorial","TCLUST",500,5,2,10,"spherical","normal",0.025,1,0.2,"isolated",0.978511004230145,0,0,0,1,0,0.204716666666633
"architecture",39,"M2","full_factorial","TCLUST",500,5,2,6,"elliptical","normal",0.025,1,0.2,"isolated",0.897621471071017,0,0,0,1,0,0.207259999999975
"architecture",40,"M2","full_factorial","TCLUST",500,5,2,10,"elliptical","normal",0.025,1,0.2,"isolated",0.978572007503383,0,0,0,1,0,0.203083333333355
"architecture",41,"M2","full_factorial","TCLUST",1000,2,2,6,"spherical","normal",0.025,1,0.2,"isolated",0.933166032681026,0,0,0,1,0,0.277189999999913
"architecture",42,"M2","full_factorial","TCLUST",1000,2,2,10,"spherical","normal",0.025,1,0.2,"isolated",0.962275592074495,0,0,0,1,0,0.276116666666664
"architecture",43,"M2","full_factorial","TCLUST",1000,2,2,6,"elliptical","normal",0.025,1,0.2,"isolated",0.900191171649848,0,0,0,1,0,0.278196666666687
"architecture",44,"M2","full_factorial","TCLUST",1000,2,2,10,"elliptical","normal",0.025,1,0.2,"isolated",0.965166252498953,0,0,0,1,0,0.275946666666568
"architecture",45,"M2","full_factorial","TCLUST",1000,5,2,6,"spherical","normal",0.025,1,0.2,"isolated",0.937785049621054,0,0,0,1,0,0.376270000000053
"architecture",46,"M2","full_factorial","TCLUST",1000,5,2,10,"spherical","normal",0.025,1,0.2,"isolated",0.978953108228188,0,0,0,1,0,0.373393333333236
"architecture",47,"M2","full_factorial","TCLUST",1000,5,2,6,"elliptical","normal",0.025,1,0.2,"isolated",0.902316130071582,0,0,0,1,0,0.378390000000024
"architecture",48,"M2","full_factorial","TCLUST",1000,5,2,10,"elliptical","normal",0.025,1,0.2,"isolated",0.979697651399539,0,0,0,1,0,0.37640333333334
"architecture",49,"M3","full_factorial","TCLUST",500,2,2,6,"spherical","normal",0.05,1,0.55,"isolated",0.950693247066304,0,0,0,1,0,0.14976333333337
"architecture",50,"M3","full_factorial","TCLUST",500,2,2,10,"spherical","normal",0.05,1,0.55,"isolated",0.972873990024694,0,0,0,1,0,0.14863666666685
"architecture",51,"M3","full_factorial","TCLUST",500,2,2,6,"elliptical","normal",0.05,1,0.55,"isolated",0.911602557395802,0,0,0,1,0,0.148420000000103
"architecture",52,"M3","full_factorial","TCLUST",500,2,2,10,"elliptical","normal",0.05,1,0.55,"isolated",0.975331973329822,0,0,0,1,0,0.14883999999997
"architecture",53,"M3","full_factorial","TCLUST",500,5,2,6,"spherical","normal",0.05,1,0.55,"isolated",0.951790348211307,0,0,0,1,0,0.20628666666665
"architecture",54,"M3","full_factorial","TCLUST",500,5,2,10,"spherical","normal",0.05,1,0.55,"isolated",0.98386793843346,0,0,0,1,0,0.204296666666511
"architecture",55,"M3","full_factorial","TCLUST",500,5,2,6,"elliptical","normal",0.05,1,0.55,"isolated",0.907041008161464,0,0,0,1,0,0.207906666666653
"architecture",56,"M3","full_factorial","TCLUST",500,5,2,10,"elliptical","normal",0.05,1,0.55,"isolated",0.984821402048933,0,0,0,1,0,0.206156666666599
"architecture",57,"M3","full_factorial","TCLUST",1000,2,2,6,"spherical","normal",0.05,1,0.55,"isolated",0.950823021458125,0,0,0,1,0,0.27505666666669
"architecture",58,"M3","full_factorial","TCLUST",1000,2,2,10,"spherical","normal",0.05,1,0.55,"isolated",0.972684750266563,0,0,0,1,0,0.276486666666606
"architecture",59,"M3","full_factorial","TCLUST",1000,2,2,6,"elliptical","normal",0.05,1,0.55,"isolated",0.914697382463214,0,0,0,1,0,0.277849999999902
"architecture",60,"M3","full_factorial","TCLUST",1000,2,2,10,"elliptical","normal",0.05,1,0.55,"isolated",0.975206632487394,0,0,0,1,0,0.274753333333453
"architecture",61,"M3","full_factorial","TCLUST",1000,5,2,6,"spherical","normal",0.05,1,0.55,"isolated",0.95249580345017,0,0,0,1,0,0.380296666666751
"architecture",62,"M3","full_factorial","TCLUST",1000,5,2,10,"spherical","normal",0.05,1,0.55,"isolated",0.983969518554295,0,0,0,1,0,0.374956666666585
"architecture",63,"M3","full_factorial","TCLUST",1000,5,2,6,"elliptical","normal",0.05,1,0.55,"isolated",0.911650973216506,0,0,0,1,0,0.381539999999938
"architecture",64,"M3","full_factorial","TCLUST",1000,5,2,10,"elliptical","normal",0.05,1,0.55,"isolated",0.984550321868636,0,0,0,1,0,0.374560000000129
"architecture",65,"M4","full_factorial","TCLUST",500,2,2,6,"spherical","normal",0.05,2,0.2,"isolated",0.961424680195779,0,0,0,2,0,0.149270000000045
"architecture",66,"M4","full_factorial","TCLUST",500,2,2,10,"spherical","normal",0.05,2,0.2,"isolated",0.980795079754936,0,0,0,2,0,0.147959999999985
"architecture",67,"M4","full_factorial","TCLUST",500,2,2,6,"elliptical","normal",0.05,2,0.2,"isolated",0.923424273475154,0,0,0,2,0,0.14940333333343
"architecture",68,"M4","full_factorial","TCLUST",500,2,2,10,"elliptical","normal",0.05,2,0.2,"isolated",0.981991126039137,0,0,0,2,0,0.148286666666681
"architecture",69,"M4","full_factorial","TCLUST",500,5,2,6,"spherical","normal",0.05,2,0.2,"isolated",0.961245496408083,0,0,0,2,0,0.205306666666632
"architecture",70,"M4","full_factorial","TCLUST",500,5,2,10,"spherical","normal",0.05,2,0.2,"isolated",0.987821830246682,0,0,0,2,0,0.205646666666629
"architecture",71,"M4","full_factorial","TCLUST",500,5,2,6,"elliptical","normal",0.05,2,0.2,"isolated",0.919817884966338,0,0,0,2,0,0.206119999999877
"architecture",72,"M4","full_factorial","TCLUST",500,5,2,10,"elliptical","normal",0.05,2,0.2,"isolated",0.987560246377304,0,0,0,2,0,0.206116666666591
"architecture",73,"M4","full_factorial","TCLUST",1000,2,2,6,"spherical","normal",0.05,2,0.2,"isolated",0.961977798756041,0,0,0,2,0,0.277923333333286
"architecture",74,"M4","full_factorial","TCLUST",1000,2,2,10,"spherical","normal",0.05,2,0.2,"isolated",0.980081066751389,0,0,0,2,0,0.27544000000015
"architecture",75,"M4","full_factorial","TCLUST",1000,2,2,6,"elliptical","normal",0.05,2,0.2,"isolated",0.923531945007298,0,0,0,2,0,0.276920000000112
"architecture",76,"M4","full_factorial","TCLUST",1000,2,2,10,"elliptical","normal",0.05,2,0.2,"isolated",0.982733760113795,0,0,0,2,0,0.275620000000102
"architecture",77,"M4","full_factorial","TCLUST",1000,5,2,6,"spherical","normal",0.05,2,0.2,"isolated",0.962256385579028,0,0,0,2,0,0.37561999999992
"architecture",78,"M4","full_factorial","TCLUST",1000,5,2,10,"spherical","normal",0.05,2,0.2,"isolated",0.987707263060403,0,0,0,2,0,0.371939999999959
"architecture",79,"M4","full_factorial","TCLUST",1000,5,2,6,"elliptical","normal",0.05,2,0.2,"isolated",0.924598795743079,0,0,0,2,0,0.365056666666884
"architecture",80,"M4","full_factorial","TCLUST",1000,5,2,10,"elliptical","normal",0.05,2,0.2,"isolated",0.988362551024339,0,0,0,2,0,0.356719999999841
"architecture",1,"N0","full_factorial","tEIGEN_BIC",500,2,2,6,"spherical","normal",0,0,0.2,"isolated",0.981051178268324,NA,NA,0.206,0.206,0.206,37.962569
"architecture",2,"N0","full_factorial","tEIGEN_BIC",500,2,2,10,"spherical","normal",0,0,0.2,"isolated",0.991658118254806,NA,NA,0.557,0.58,0.58,32.83782
"architecture",3,"N0","full_factorial","tEIGEN_BIC",500,2,2,6,"elliptical","normal",0,0,0.2,"isolated",0.939381641554685,NA,NA,0.251,0.271,0.271,39.043919
"architecture",4,"N0","full_factorial","tEIGEN_BIC",500,2,2,10,"elliptical","normal",0,0,0.2,"isolated",0.995357416774021,NA,NA,0.356,0.439,0.439,30.515633
"architecture",5,"N0","full_factorial","tEIGEN_BIC",500,5,2,6,"spherical","normal",0,0,0.2,"isolated",0.932194028020487,NA,NA,0.435,0.561,0.561,44.876066
"architecture",6,"N0","full_factorial","tEIGEN_BIC",500,5,2,10,"spherical","normal",0,0,0.2,"isolated",0.99730421557189,NA,NA,0.118,0.119,0.119,36.654201
"architecture",7,"N0","full_factorial","tEIGEN_BIC",500,5,2,6,"elliptical","normal",0,0,0.2,"isolated",0.765746806686249,NA,NA,0.407,0.884,0.884,40.849278
"architecture",8,"N0","full_factorial","tEIGEN_BIC",500,5,2,10,"elliptical","normal",0,0,0.2,"isolated",0.835444069680539,NA,NA,0.347,0.735,0.735,32.438775
"architecture",9,"N0","full_factorial","tEIGEN_BIC",1000,2,2,6,"spherical","normal",0,0,0.2,"isolated",0.983748615202384,NA,NA,0.266,0.267,0.267,95.920523
"architecture",10,"N0","full_factorial","tEIGEN_BIC",1000,2,2,10,"spherical","normal",0,0,0.2,"isolated",0.998217366544898,NA,NA,0.766,0.877,0.877,72.011124
"architecture",11,"N0","full_factorial","tEIGEN_BIC",1000,2,2,6,"elliptical","normal",0,0,0.2,"isolated",0.935593229079974,NA,NA,0.603,0.737,0.737,84.695629
"architecture",12,"N0","full_factorial","tEIGEN_BIC",1000,2,2,10,"elliptical","normal",0,0,0.2,"isolated",0.991317163996742,NA,NA,0.834,1.066,1.066,59.022958
"architecture",13,"N0","full_factorial","tEIGEN_BIC",1000,5,2,6,"spherical","normal",0,0,0.2,"isolated",0.945971580719156,NA,NA,0.433,0.552,0.552,92.541785
"architecture",14,"N0","full_factorial","tEIGEN_BIC",1000,5,2,10,"spherical","normal",0,0,0.2,"isolated",0.998793221104855,NA,NA,0.32,0.324,0.324,76.11076
"architecture",15,"N0","full_factorial","tEIGEN_BIC",1000,5,2,6,"elliptical","normal",0,0,0.2,"isolated",0.930258979793868,NA,NA,0.037,0.09,0.09,82.2374419999999
"architecture",16,"N0","full_factorial","tEIGEN_BIC",1000,5,2,10,"elliptical","normal",0,0,0.2,"isolated",0.985537645749319,NA,NA,0.13,0.161,0.161,66.91895
"architecture",17,"M1","full_factorial","tEIGEN_BIC",500,2,2,6,"spherical","normal",0.05,1,0.2,"isolated",0.985918653627118,0.977083751107821,0.977083751107821,1,0.793333333333333,0.793333333333333,32.89216
"architecture",18,"M1","full_factorial","tEIGEN_BIC",500,2,2,10,"spherical","normal",0.05,1,0.2,"isolated",0.996827839185183,0.991226098956194,0.991226098956194,1,0.98,0.98,30.8733633333335
"architecture",19,"M1","full_factorial","tEIGEN_BIC",500,2,2,6,"elliptical","normal",0.05,1,0.2,"isolated",0.944824877402962,0.915201227256601,0.915201227256601,1,0.36,0.36,32.9031933333334
"architecture",20,"M1","full_factorial","tEIGEN_BIC",500,2,2,10,"elliptical","normal",0.05,1,0.2,"isolated",0.99190412007344,0.965248581192618,0.965248581192618,1,0.826666666666667,0.826666666666667,30.4711133333333
"architecture",21,"M1","full_factorial","tEIGEN_BIC",500,5,2,6,"spherical","normal",0.05,1,0.2,"isolated",0.98431240538026,0.985592783061057,0.985592783061057,1,0.843333333333333,0.843333333333333,35.6666966666665
"architecture",22,"M1","full_factorial","tEIGEN_BIC",500,5,2,10,"spherical","normal",0.05,1,0.2,"isolated",0.987123687370982,0.983151532657533,0.983151532657533,1,0.97,0.97,29.6934166666667
"architecture",23,"M1","full_factorial","tEIGEN_BIC",500,5,2,6,"elliptical","normal",0.05,1,0.2,"isolated",0.618814273273046,0.908657678557891,0.908657678557891,1,1.72666666666667,1.72666666666667,31.1115266666666
"architecture",24,"M1","full_factorial","tEIGEN_BIC",500,5,2,10,"elliptical","normal",0.05,1,0.2,"isolated",0.73062356380625,0.925120442984658,0.925120442984658,1,1.65,1.65,25.3486833333334
"architecture",25,"M1","full_factorial","tEIGEN_BIC",1000,2,2,6,"spherical","normal",0.05,1,0.2,"isolated",0.985881519821889,0.989473505237603,0.989473505237603,1,1.02666666666667,1.02666666666667,70.1230166666668
"architecture",26,"M1","full_factorial","tEIGEN_BIC",1000,2,2,10,"spherical","normal",0.05,1,0.2,"isolated",0.998647032511254,0.995120349659181,0.995120349659181,1,1,1,59.48101
"architecture",27,"M1","full_factorial","tEIGEN_BIC",1000,2,2,6,"elliptical","normal",0.05,1,0.2,"isolated",0.942642072943086,0.973552513600203,0.973552513600203,1,0.906666666666667,0.906666666666667,70.0537900000001
"architecture",28,"M1","full_factorial","tEIGEN_BIC",1000,2,2,10,"elliptical","normal",0.05,1,0.2,"isolated",0.992482717512271,0.994137559813086,0.994137559813086,1,1.02,1.02,57.9554700000001
"architecture",29,"M1","full_factorial","tEIGEN_BIC",1000,5,2,6,"spherical","normal",0.05,1,0.2,"isolated",0.985973172346622,0.998329835036049,0.998329835036049,1,1.07,1.07,73.7675799999999
"architecture",30,"M1","full_factorial","tEIGEN_BIC",1000,5,2,10,"spherical","normal",0.05,1,0.2,"isolated",0.994913429068216,0.99986798679868,0.99986798679868,1,1.09666666666667,1.09666666666667,60.4584
"architecture",31,"M1","full_factorial","tEIGEN_BIC",1000,5,2,6,"elliptical","normal",0.05,1,0.2,"isolated",0.870974099078783,0.938816009571309,0.938816009571309,1,0.906666666666667,0.906666666666667,60.9218733333335
"architecture",32,"M1","full_factorial","tEIGEN_BIC",1000,5,2,10,"elliptical","normal",0.05,1,0.2,"isolated",0.989191205404062,0.993034320680134,0.993034320680134,1,0.993333333333333,0.993333333333333,48.4410900000001
"architecture",33,"M2","full_factorial","tEIGEN_BIC",500,2,2,6,"spherical","normal",0.025,1,0.2,"isolated",0.986186682495189,0.748628457640395,0.748628457640395,1,0.43,0.43,32.0346266666667
"architecture",34,"M2","full_factorial","tEIGEN_BIC",500,2,2,10,"spherical","normal",0.025,1,0.2,"isolated",0.995939638442242,0.853222420867106,0.853222420867106,1,0.753333333333333,0.753333333333333,28.9614733333334
"architecture",35,"M2","full_factorial","tEIGEN_BIC",500,2,2,6,"elliptical","normal",0.025,1,0.2,"isolated",0.948052066201576,0.603980154049626,0.603980154049626,1,0.0566666666666667,0.0566666666666667,31.9400733333335
"architecture",36,"M2","full_factorial","tEIGEN_BIC",500,2,2,10,"elliptical","normal",0.025,1,0.2,"isolated",0.995125449722861,0.68332379566378,0.68332379566378,1,0.39,0.39,30.0020700000001
"architecture",37,"M2","full_factorial","tEIGEN_BIC",500,5,2,6,"spherical","normal",0.025,1,0.2,"isolated",0.957862647516929,0.892874535213093,0.892874535213093,1,0.906666666666667,0.906666666666667,39.08861
"architecture",38,"M2","full_factorial","tEIGEN_BIC",500,5,2,10,"spherical","normal",0.025,1,0.2,"isolated",0.982776684103646,0.988961988275595,0.988961988275595,1,1.2,1.2,30.6482199999999
"architecture",39,"M2","full_factorial","tEIGEN_BIC",500,5,2,6,"elliptical","normal",0.025,1,0.2,"isolated",0.67010583802197,0.675158197720651,0.675158197720651,1,1.32333333333333,1.32333333333333,31.8895933333333
"architecture",40,"M2","full_factorial","tEIGEN_BIC",500,5,2,10,"elliptical","normal",0.025,1,0.2,"isolated",0.80876992711472,0.840812459696872,0.840812459696872,1,1.41,1.41,26.4291400000001
"architecture",41,"M2","full_factorial","tEIGEN_BIC",1000,2,2,6,"spherical","normal",0.025,1,0.2,"isolated",0.980111033657305,0.905858854906471,0.905858854906471,1,0.963333333333333,0.963333333333333,67.4377200000001
"architecture",42,"M2","full_factorial","tEIGEN_BIC",1000,2,2,10,"spherical","normal",0.025,1,0.2,"isolated",0.995289299272449,0.96226460807112,0.96226460807112,1,1.01,1.01,63.4379633333333
"architecture",43,"M2","full_factorial","tEIGEN_BIC",1000,2,2,6,"elliptical","normal",0.025,1,0.2,"isolated",0.942464414633901,0.717518398741073,0.717518398741073,1,0.423333333333333,0.423333333333333,69.9878300000001
"architecture",44,"M2","full_factorial","tEIGEN_BIC",1000,2,2,10,"elliptical","normal",0.025,1,0.2,"isolated",0.986761975472234,0.909107684190355,0.909107684190355,1,0.993333333333333,0.993333333333333,60.4870966666666
"architecture",45,"M2","full_factorial","tEIGEN_BIC",1000,5,2,6,"spherical","normal",0.025,1,0.2,"isolated",0.968270254379007,0.989130481612731,0.989130481612731,1,1.30333333333333,1.30333333333333,82.0388966666665
"architecture",46,"M2","full_factorial","tEIGEN_BIC",1000,5,2,10,"spherical","normal",0.025,1,0.2,"isolated",0.999150394643539,0.999803921568627,0.999803921568627,1,1.25,1.25,60.9306633333332
"architecture",47,"M2","full_factorial","tEIGEN_BIC",1000,5,2,6,"elliptical","normal",0.025,1,0.2,"isolated",0.890615581226767,0.78747158154693,0.78747158154693,1,0.676666666666667,0.676666666666667,62.0840666666667
"architecture",48,"M2","full_factorial","tEIGEN_BIC",1000,5,2,10,"elliptical","normal",0.025,1,0.2,"isolated",0.978176013245332,0.991785062061632,0.991785062061632,1,1.07333333333333,1.07333333333333,50.2011900000001
"architecture",49,"M3","full_factorial","tEIGEN_BIC",500,2,2,6,"spherical","normal",0.05,1,0.55,"isolated",0.988401385350223,0.85250517241337,0.85250517241337,1,0.19,0.19,31.4159666666667
"architecture",50,"M3","full_factorial","tEIGEN_BIC",500,2,2,10,"spherical","normal",0.05,1,0.55,"isolated",0.999217537482111,0.931232537319242,0.931232537319242,1,0.69,0.69,30.2422266666665
"architecture",51,"M3","full_factorial","tEIGEN_BIC",500,2,2,6,"elliptical","normal",0.05,1,0.55,"isolated",0.946627785882062,0.803788478824401,0.803788478824401,1,0.00333333333333333,0.00333333333333333,31.1332866666667
"architecture",52,"M3","full_factorial","tEIGEN_BIC",500,2,2,10,"elliptical","normal",0.05,1,0.55,"isolated",0.998743125907551,0.817844784694937,0.817844784694937,1,0.163333333333333,0.163333333333333,30.3039066666667
"architecture",53,"M3","full_factorial","tEIGEN_BIC",500,5,2,6,"spherical","normal",0.05,1,0.55,"isolated",0.973551372983103,0.861245964587907,0.861245964587907,1,0.293333333333333,0.293333333333333,39.1278633333333
"architecture",54,"M3","full_factorial","tEIGEN_BIC",500,5,2,10,"spherical","normal",0.05,1,0.55,"isolated",0.99416020951218,0.87767087478313,0.87767087478313,1,0.453333333333333,0.453333333333333,29.9588433333332
"architecture",55,"M3","full_factorial","tEIGEN_BIC",500,5,2,6,"elliptical","normal",0.05,1,0.55,"isolated",0.636274295181135,0.812959357991567,0.812959357991567,1,1.41666666666667,1.41666666666667,32.5252066666667
"architecture",56,"M3","full_factorial","tEIGEN_BIC",500,5,2,10,"elliptical","normal",0.05,1,0.55,"isolated",0.732448408511122,0.793838090379415,0.793838090379415,1,1.14333333333333,1.14333333333333,25.1702366666666
"architecture",57,"M3","full_factorial","tEIGEN_BIC",1000,2,2,6,"spherical","normal",0.05,1,0.55,"isolated",0.990651116418646,0.9006826327636,0.9006826327636,1,0.613333333333333,0.613333333333333,68.3962066666667
"architecture",58,"M3","full_factorial","tEIGEN_BIC",1000,2,2,10,"spherical","normal",0.05,1,0.55,"isolated",0.998779543061283,0.972870440364947,0.972870440364947,1,0.986666666666667,0.986666666666667,60.4075099999999
"architecture",59,"M3","full_factorial","tEIGEN_BIC",1000,2,2,6,"elliptical","normal",0.05,1,0.55,"isolated",0.948939965586122,0.798796779105312,0.798796779105312,1,0.06,0.06,68.9779733333333
"architecture",60,"M3","full_factorial","tEIGEN_BIC",1000,2,2,10,"elliptical","normal",0.05,1,0.55,"isolated",0.997086159256437,0.927262237933241,0.927262237933241,1,0.796666666666667,0.796666666666667,58.2395233333332
"architecture",61,"M3","full_factorial","tEIGEN_BIC",1000,5,2,6,"spherical","normal",0.05,1,0.55,"isolated",0.977240277892641,0.877853169513106,0.877853169513106,1,0.42,0.42,82.1177133333335
"architecture",62,"M3","full_factorial","tEIGEN_BIC",1000,5,2,10,"spherical","normal",0.05,1,0.55,"isolated",0.994455904292982,0.951334747951642,0.951334747951642,1,0.873333333333333,0.873333333333333,62.9851266666667
"architecture",63,"M3","full_factorial","tEIGEN_BIC",1000,5,2,6,"elliptical","normal",0.05,1,0.55,"isolated",0.904620395465637,0.790622622116381,0.790622622116381,1,0.186666666666667,0.186666666666667,63.3162033333332
"architecture",64,"M3","full_factorial","tEIGEN_BIC",1000,5,2,10,"elliptical","normal",0.05,1,0.55,"isolated",0.977813442052464,0.799897557370239,0.799897557370239,1,0.206666666666667,0.206666666666667,48.9644999999999
"architecture",65,"M4","full_factorial","tEIGEN_BIC",500,2,2,6,"spherical","normal",0.05,2,0.2,"isolated",0.984201733155214,0.96759055577118,0.968771784870699,1,0.576666666666667,0.576666666666667,40.9459499999999
"architecture",66,"M4","full_factorial","tEIGEN_BIC",500,2,2,10,"spherical","normal",0.05,2,0.2,"isolated",0.988668912738719,0.986190382342564,0.986669081150816,1,1.02666666666667,1.02666666666667,37.1424633333333
"architecture",67,"M4","full_factorial","tEIGEN_BIC",500,2,2,6,"elliptical","normal",0.05,2,0.2,"isolated",0.929037740888319,0.820108423842297,0.822926650297984,1,0.18,0.18,41.4041666666666
"architecture",68,"M4","full_factorial","tEIGEN_BIC",500,2,2,10,"elliptical","normal",0.05,2,0.2,"isolated",0.986459795042941,0.865826455822489,0.867669672991916,1,0.463333333333333,0.463333333333333,36.8456833333333
"architecture",69,"M4","full_factorial","tEIGEN_BIC",500,5,2,6,"spherical","normal",0.05,2,0.2,"isolated",0.980051263202981,0.969467171573704,0.970098023928795,1,0.316666666666667,0.316666666666667,46.6275866666667
"architecture",70,"M4","full_factorial","tEIGEN_BIC",500,5,2,10,"spherical","normal",0.05,2,0.2,"isolated",0.993306320107549,0.947978428702203,0.949545954981653,1,0.786666666666667,0.786666666666667,38.7876499999998
"architecture",71,"M4","full_factorial","tEIGEN_BIC",500,5,2,6,"elliptical","normal",0.05,2,0.2,"isolated",0.57127171757945,0.871538240797779,0.87346465309222,1,1.77,1.77,41.7048400000001
"architecture",72,"M4","full_factorial","tEIGEN_BIC",500,5,2,10,"elliptical","normal",0.05,2,0.2,"isolated",0.655000646721989,0.879101059600371,0.881348169827249,1,1.81333333333333,1.81333333333333,33.5376266666667
"architecture",73,"M4","full_factorial","tEIGEN_BIC",1000,2,2,6,"spherical","normal",0.05,2,0.2,"isolated",0.985740952989827,0.987491373498648,0.987593966920258,1,0.96,0.96,87.05721
"architecture",74,"M4","full_factorial","tEIGEN_BIC",1000,2,2,10,"spherical","normal",0.05,2,0.2,"isolated",0.997308990862425,0.993259199492368,0.993318373246735,1,1.00333333333333,1.00333333333333,73.220393333333
"architecture",75,"M4","full_factorial","tEIGEN_BIC",1000,2,2,6,"elliptical","normal",0.05,2,0.2,"isolated",0.930510299042503,0.9203947922519,0.921573194620402,1,0.816666666666667,0.816666666666667,88.84956
"architecture",76,"M4","full_factorial","tEIGEN_BIC",1000,2,2,10,"elliptical","normal",0.05,2,0.2,"isolated",0.97118479854903,0.978337287530408,0.978632731111996,1,1.13666666666667,1.13666666666667,70.5727433333334
"architecture",77,"M4","full_factorial","tEIGEN_BIC",1000,5,2,6,"spherical","normal",0.05,2,0.2,"isolated",0.986540062219143,0.973642323904273,0.974158059069836,1,0.813333333333333,0.813333333333333,93.9657433333333
"architecture",78,"M4","full_factorial","tEIGEN_BIC",1000,5,2,10,"spherical","normal",0.05,2,0.2,"isolated",0.991947230753025,0.992223768910663,0.992874796101899,1,1.21,1.21,80.6924233333333
"architecture",79,"M4","full_factorial","tEIGEN_BIC",1000,5,2,6,"elliptical","normal",0.05,2,0.2,"isolated",0.628410528482884,0.899153358027807,0.899859694361701,1,1.75,1.75,75.0106733333333
"architecture",80,"M4","full_factorial","tEIGEN_BIC",1000,5,2,10,"elliptical","normal",0.05,2,0.2,"isolated",0.923299596974995,0.989560522493995,0.989627443966705,1,1.26,1.26,61.4967966666667
"architecture",1,"N0","full_factorial","Trimmed_kmeans",500,2,2,6,"spherical","normal",0,0,0.2,"isolated",0.470417349627263,NA,NA,0,0,0,0.0785839999999983
"architecture",2,"N0","full_factorial","Trimmed_kmeans",500,2,2,10,"spherical","normal",0,0,0.2,"isolated",0.518121920462842,NA,NA,0,0,0,0.0744340000000005
"architecture",3,"N0","full_factorial","Trimmed_kmeans",500,2,2,6,"elliptical","normal",0,0,0.2,"isolated",0.307178494927712,NA,NA,0,0,0,0.0779920000000038
"architecture",4,"N0","full_factorial","Trimmed_kmeans",500,2,2,10,"elliptical","normal",0,0,0.2,"isolated",0.448002318695214,NA,NA,0,0,0,0.0764010000000046
"architecture",5,"N0","full_factorial","Trimmed_kmeans",500,5,2,6,"spherical","normal",0,0,0.2,"isolated",0.00654498636918447,NA,NA,0,0,0,0.0886969999999956
"architecture",6,"N0","full_factorial","Trimmed_kmeans",500,5,2,10,"spherical","normal",0,0,0.2,"isolated",0.0126293952348791,NA,NA,0,0,0,0.0887949999999901
"architecture",7,"N0","full_factorial","Trimmed_kmeans",500,5,2,6,"elliptical","normal",0,0,0.2,"isolated",0.00888438256564954,NA,NA,0,0,0,0.0876050000000105
"architecture",8,"N0","full_factorial","Trimmed_kmeans",500,5,2,10,"elliptical","normal",0,0,0.2,"isolated",0.00711775523419724,NA,NA,0,0,0,0.0888670000000184
"architecture",9,"N0","full_factorial","Trimmed_kmeans",1000,2,2,6,"spherical","normal",0,0,0.2,"isolated",0.528318031075041,NA,NA,0,0,0,0.154435000000021
"architecture",10,"N0","full_factorial","Trimmed_kmeans",1000,2,2,10,"spherical","normal",0,0,0.2,"isolated",0.516735252164877,NA,NA,0,0,0,0.15435000000001
"architecture",11,"N0","full_factorial","Trimmed_kmeans",1000,2,2,6,"elliptical","normal",0,0,0.2,"isolated",0.279329464145988,NA,NA,0,0,0,0.15502100000003
"architecture",12,"N0","full_factorial","Trimmed_kmeans",1000,2,2,10,"elliptical","normal",0,0,0.2,"isolated",0.432910650291131,NA,NA,0,0,0,0.153679000000007
"architecture",13,"N0","full_factorial","Trimmed_kmeans",1000,5,2,6,"spherical","normal",0,0,0.2,"isolated",0.00352504586087438,NA,NA,0,0,0,0.177351000000024
"architecture",14,"N0","full_factorial","Trimmed_kmeans",1000,5,2,10,"spherical","normal",0,0,0.2,"isolated",0.0036521710163572,NA,NA,0,0,0,0.176179
"architecture",15,"N0","full_factorial","Trimmed_kmeans",1000,5,2,6,"elliptical","normal",0,0,0.2,"isolated",0.00517887280321457,NA,NA,0,0,0,0.176779999999977
"architecture",16,"N0","full_factorial","Trimmed_kmeans",1000,5,2,10,"elliptical","normal",0,0,0.2,"isolated",0.00431281368425144,NA,NA,0,0,0,0.176541999999976
"architecture",17,"M1","full_factorial","Trimmed_kmeans",500,2,2,6,"spherical","normal",0.05,1,0.2,"isolated",0.566099209216657,0,0,0,1,0,0.0756299999998676
"architecture",18,"M1","full_factorial","Trimmed_kmeans",500,2,2,10,"spherical","normal",0.05,1,0.2,"isolated",0.462435412883999,0,0,0,1,0,0.0763599999999133
"architecture",19,"M1","full_factorial","Trimmed_kmeans",500,2,2,6,"elliptical","normal",0.05,1,0.2,"isolated",0.589412651673695,0,0,0,1,0,0.0763000000001072
"architecture",20,"M1","full_factorial","Trimmed_kmeans",500,2,2,10,"elliptical","normal",0.05,1,0.2,"isolated",0.440085458869276,0,0,0,1,0,0.0760433333332912
"architecture",21,"M1","full_factorial","Trimmed_kmeans",500,5,2,6,"spherical","normal",0.05,1,0.2,"isolated",0.00460063953409273,0,0,0,1,0,0.0884933333333538
"architecture",22,"M1","full_factorial","Trimmed_kmeans",500,5,2,10,"spherical","normal",0.05,1,0.2,"isolated",0.00395634807718936,0,0,0,1,0,0.0872366666666858
"architecture",23,"M1","full_factorial","Trimmed_kmeans",500,5,2,6,"elliptical","normal",0.05,1,0.2,"isolated",0.00596060711458938,0.00260416666666667,0.00260416666666667,0.00333333333333333,0.996666666666667,0,0.0875033333333704
"architecture",24,"M1","full_factorial","Trimmed_kmeans",500,5,2,10,"elliptical","normal",0.05,1,0.2,"isolated",0.00457582964629361,0.00314465408805032,0.00314465408805031,0.00333333333333333,0.996666666666667,0,0.0868066666667316
"architecture",25,"M1","full_factorial","Trimmed_kmeans",1000,2,2,6,"spherical","normal",0.05,1,0.2,"isolated",0.671810727119787,0,0,0,1,0,0.15124666666652
"architecture",26,"M1","full_factorial","Trimmed_kmeans",1000,2,2,10,"spherical","normal",0.05,1,0.2,"isolated",0.419480502029461,0,0,0,1,0,0.15155000000011
"architecture",27,"M1","full_factorial","Trimmed_kmeans",1000,2,2,6,"elliptical","normal",0.05,1,0.2,"isolated",0.635376677560969,0,0,0,1,0,0.151556666666426
"architecture",28,"M1","full_factorial","Trimmed_kmeans",1000,2,2,10,"elliptical","normal",0.05,1,0.2,"isolated",0.453913886615179,0,0,0,1,0,0.151286666666711
"architecture",29,"M1","full_factorial","Trimmed_kmeans",1000,5,2,6,"spherical","normal",0.05,1,0.2,"isolated",0.00232624269860497,0,0,0,1,0,0.176293333333294
"architecture",30,"M1","full_factorial","Trimmed_kmeans",1000,5,2,10,"spherical","normal",0.05,1,0.2,"isolated",0.00160440731567771,0,0,0,1,0,0.174629999999803
"architecture",31,"M1","full_factorial","Trimmed_kmeans",1000,5,2,6,"elliptical","normal",0.05,1,0.2,"isolated",0.00395938759609512,0,0,0,1,0,0.176200000000014
"architecture",32,"M1","full_factorial","Trimmed_kmeans",1000,5,2,10,"elliptical","normal",0.05,1,0.2,"isolated",0.00362448911769459,0.0124959393308017,0.0124959393308017,0.0133333333333333,0.986666666666667,0,0.175476666666643
"architecture",33,"M2","full_factorial","Trimmed_kmeans",500,2,2,6,"spherical","normal",0.025,1,0.2,"isolated",0.50355256262974,0,0,0,1,0,0.0762199999999939
"architecture",34,"M2","full_factorial","Trimmed_kmeans",500,2,2,10,"spherical","normal",0.025,1,0.2,"isolated",0.377973858413725,0,0,0,1,0,0.0760699999999754
"architecture",35,"M2","full_factorial","Trimmed_kmeans",500,2,2,6,"elliptical","normal",0.025,1,0.2,"isolated",0.470878600452879,0,0,0,1,0,0.0761200000001675
"architecture",36,"M2","full_factorial","Trimmed_kmeans",500,2,2,10,"elliptical","normal",0.025,1,0.2,"isolated",0.375969243338823,0,0,0,1,0,0.0762066666667185
"architecture",37,"M2","full_factorial","Trimmed_kmeans",500,5,2,6,"spherical","normal",0.025,1,0.2,"isolated",0.00622324565192276,0,0,0,1,0,0.0880800000000454
"architecture",38,"M2","full_factorial","Trimmed_kmeans",500,5,2,10,"spherical","normal",0.025,1,0.2,"isolated",0.00465451869346981,0,0,0,1,0,0.0878466666667494
"architecture",39,"M2","full_factorial","Trimmed_kmeans",500,5,2,6,"elliptical","normal",0.025,1,0.2,"isolated",0.00765841673401085,0,0,0,1,0,0.088403333333287
"architecture",40,"M2","full_factorial","Trimmed_kmeans",500,5,2,10,"elliptical","normal",0.025,1,0.2,"isolated",0.00687021095252253,0,0,0,1,0,0.0867533333333389
"architecture",41,"M2","full_factorial","Trimmed_kmeans",1000,2,2,6,"spherical","normal",0.025,1,0.2,"isolated",0.509089150848969,0,0,0,1,0,0.151936666666685
"architecture",42,"M2","full_factorial","Trimmed_kmeans",1000,2,2,10,"spherical","normal",0.025,1,0.2,"isolated",0.406734799438858,0,0,0,1,0,0.15130000000001
"architecture",43,"M2","full_factorial","Trimmed_kmeans",1000,2,2,6,"elliptical","normal",0.025,1,0.2,"isolated",0.445675893534809,0,0,0,1,0,0.151406666666771
"architecture",44,"M2","full_factorial","Trimmed_kmeans",1000,2,2,10,"elliptical","normal",0.025,1,0.2,"isolated",0.360679610845522,0,0,0,1,0,0.15136000000001
"architecture",45,"M2","full_factorial","Trimmed_kmeans",1000,5,2,6,"spherical","normal",0.025,1,0.2,"isolated",0.00272782890328793,0,0,0,1,0,0.176120000000143
"architecture",46,"M2","full_factorial","Trimmed_kmeans",1000,5,2,10,"spherical","normal",0.025,1,0.2,"isolated",0.00296450504915419,0,0,0,1,0,0.174420000000003
"architecture",47,"M2","full_factorial","Trimmed_kmeans",1000,5,2,6,"elliptical","normal",0.025,1,0.2,"isolated",0.00433061830344137,0,0,0,1,0,0.176199999999905
"architecture",48,"M2","full_factorial","Trimmed_kmeans",1000,5,2,10,"elliptical","normal",0.025,1,0.2,"isolated",0.00361210324147471,0,0,0,1,0,0.176286666666638
"architecture",49,"M3","full_factorial","Trimmed_kmeans",500,2,2,6,"spherical","normal",0.05,1,0.55,"isolated",0.563627957930436,0,0,0,1,0,0.0763966666667087
"architecture",50,"M3","full_factorial","Trimmed_kmeans",500,2,2,10,"spherical","normal",0.05,1,0.55,"isolated",0.392780476615551,0,0,0,1,0,0.075836666666728
"architecture",51,"M3","full_factorial","Trimmed_kmeans",500,2,2,6,"elliptical","normal",0.05,1,0.55,"isolated",0.562119274271326,0,0,0,1,0,0.0756399999999485
"architecture",52,"M3","full_factorial","Trimmed_kmeans",500,2,2,10,"elliptical","normal",0.05,1,0.55,"isolated",0.448477021456553,0,0,0,1,0,0.0756333333334866
"architecture",53,"M3","full_factorial","Trimmed_kmeans",500,5,2,6,"spherical","normal",0.05,1,0.55,"isolated",0.00558500209810904,0,0,0,1,0,0.0884966666667727
"architecture",54,"M3","full_factorial","Trimmed_kmeans",500,5,2,10,"spherical","normal",0.05,1,0.55,"isolated",0.00458166969520981,0,0,0,1,0,0.0876333333334696
"architecture",55,"M3","full_factorial","Trimmed_kmeans",500,5,2,6,"elliptical","normal",0.05,1,0.55,"isolated",0.00823339733546424,0,0,0,1,0,0.0887566666666195
"architecture",56,"M3","full_factorial","Trimmed_kmeans",500,5,2,10,"elliptical","normal",0.05,1,0.55,"isolated",0.00578319227300166,0,0,0,1,0,0.0879100000000108
"architecture",57,"M3","full_factorial","Trimmed_kmeans",1000,2,2,6,"spherical","normal",0.05,1,0.55,"isolated",0.602066445150551,0,0,0,1,0,0.151376666666608
"architecture",58,"M3","full_factorial","Trimmed_kmeans",1000,2,2,10,"spherical","normal",0.05,1,0.55,"isolated",0.43849438470593,0,0,0,1,0,0.151450000000004
"architecture",59,"M3","full_factorial","Trimmed_kmeans",1000,2,2,6,"elliptical","normal",0.05,1,0.55,"isolated",0.63638664860462,0,0,0,1,0,0.151489999999976
"architecture",60,"M3","full_factorial","Trimmed_kmeans",1000,2,2,10,"elliptical","normal",0.05,1,0.55,"isolated",0.432836347686788,0,0,0,1,0,0.150443333333193
"architecture",61,"M3","full_factorial","Trimmed_kmeans",1000,5,2,6,"spherical","normal",0.05,1,0.55,"isolated",0.00307225965832242,0,0,0,1,0,0.177916666666703
"architecture",62,"M3","full_factorial","Trimmed_kmeans",1000,5,2,10,"spherical","normal",0.05,1,0.55,"isolated",0.00264446892912847,0,0,0,1,0,0.176150000000089
"architecture",63,"M3","full_factorial","Trimmed_kmeans",1000,5,2,6,"elliptical","normal",0.05,1,0.55,"isolated",0.00421273889416983,0,0,0,1,0,0.177660000000057
"architecture",64,"M3","full_factorial","Trimmed_kmeans",1000,5,2,10,"elliptical","normal",0.05,1,0.55,"isolated",0.00321754507945741,0,0,0,1,0,0.176036666666611
"architecture",65,"M4","full_factorial","Trimmed_kmeans",500,2,2,6,"spherical","normal",0.05,2,0.2,"isolated",0.536303710460843,0,0,0,2,0,0.0764066666666137
"architecture",66,"M4","full_factorial","Trimmed_kmeans",500,2,2,10,"spherical","normal",0.05,2,0.2,"isolated",0.327898145980244,0,0,0,2,0,0.0756166666665861
"architecture",67,"M4","full_factorial","Trimmed_kmeans",500,2,2,6,"elliptical","normal",0.05,2,0.2,"isolated",0.493772620046947,0,0,0,2,0,0.0759666666666938
"architecture",68,"M4","full_factorial","Trimmed_kmeans",500,2,2,10,"elliptical","normal",0.05,2,0.2,"isolated",0.334046094852166,0,0,0,2,0,0.0757433333332786
"architecture",69,"M4","full_factorial","Trimmed_kmeans",500,5,2,6,"spherical","normal",0.05,2,0.2,"isolated",0.00580201303200844,0,0,0,2,0,0.0879900000000392
"architecture",70,"M4","full_factorial","Trimmed_kmeans",500,5,2,10,"spherical","normal",0.05,2,0.2,"isolated",0.00478109404961846,0,0,0,2,0,0.0879333333334459
"architecture",71,"M4","full_factorial","Trimmed_kmeans",500,5,2,6,"elliptical","normal",0.05,2,0.2,"isolated",0.00676189431978236,0,0,0,2,0,0.0881133333335917
"architecture",72,"M4","full_factorial","Trimmed_kmeans",500,5,2,10,"elliptical","normal",0.05,2,0.2,"isolated",0.00546477525571042,0,0,0,2,0,0.0872166666665847
"architecture",73,"M4","full_factorial","Trimmed_kmeans",1000,2,2,6,"spherical","normal",0.05,2,0.2,"isolated",0.508593840446537,0,0,0,2,0,0.15176999999996
"architecture",74,"M4","full_factorial","Trimmed_kmeans",1000,2,2,10,"spherical","normal",0.05,2,0.2,"isolated",0.249108032416325,0,0,0,2,0,0.150983333333121
"architecture",75,"M4","full_factorial","Trimmed_kmeans",1000,2,2,6,"elliptical","normal",0.05,2,0.2,"isolated",0.562481917120941,0,0,0,2,0,0.15026333333329
"architecture",76,"M4","full_factorial","Trimmed_kmeans",1000,2,2,10,"elliptical","normal",0.05,2,0.2,"isolated",0.327390270236794,0,0,0,2,0,0.151156666666672
"architecture",77,"M4","full_factorial","Trimmed_kmeans",1000,5,2,6,"spherical","normal",0.05,2,0.2,"isolated",0.00298468845218756,0,0,0,2,0,0.176226666666516
"architecture",78,"M4","full_factorial","Trimmed_kmeans",1000,5,2,10,"spherical","normal",0.05,2,0.2,"isolated",0.00228829747558803,0,0,0,2,0,0.174066666666646
"architecture",79,"M4","full_factorial","Trimmed_kmeans",1000,5,2,6,"elliptical","normal",0.05,2,0.2,"isolated",0.0036702794450237,0,0,0,2,0,0.167486666666324
"architecture",80,"M4","full_factorial","Trimmed_kmeans",1000,5,2,10,"elliptical","normal",0.05,2,0.2,"isolated",0.00290472909414723,0,0,0,2,0,0.164569999999706
"architecture",1,"N0","full_factorial","TSRClust_unvalidated",500,2,2,6,"spherical","normal",0,0,0.2,"isolated",0.866891356977917,NA,NA,1,1.387,1.387,0.151066999999999
"architecture",2,"N0","full_factorial","TSRClust_unvalidated",500,2,2,10,"spherical","normal",0,0,0.2,"isolated",0.916277029729108,NA,NA,1,2.031,2.031,0.143516000000002
"architecture",3,"N0","full_factorial","TSRClust_unvalidated",500,2,2,6,"elliptical","normal",0,0,0.2,"isolated",0.84634098015227,NA,NA,1,1.798,1.798,0.149733000000001
"architecture",4,"N0","full_factorial","TSRClust_unvalidated",500,2,2,10,"elliptical","normal",0,0,0.2,"isolated",0.922547418847268,NA,NA,1,2.011,2.011,0.147570000000007
"architecture",5,"N0","full_factorial","TSRClust_unvalidated",500,5,2,6,"spherical","normal",0,0,0.2,"isolated",0.884208525653368,NA,NA,1,1,1,0.202830000000008
"architecture",6,"N0","full_factorial","TSRClust_unvalidated",500,5,2,10,"spherical","normal",0,0,0.2,"isolated",0.956590658759483,NA,NA,1,1,1,0.203397999999986
"architecture",7,"N0","full_factorial","TSRClust_unvalidated",500,5,2,6,"elliptical","normal",0,0,0.2,"isolated",0.855031315684125,NA,NA,1,1,1,0.20329400000001
"architecture",8,"N0","full_factorial","TSRClust_unvalidated",500,5,2,10,"elliptical","normal",0,0,0.2,"isolated",0.958571476085636,NA,NA,1,1,1,0.204556999999982
"architecture",9,"N0","full_factorial","TSRClust_unvalidated",1000,2,2,6,"spherical","normal",0,0,0.2,"isolated",0.867415740493744,NA,NA,1,1.811,1.811,0.276897000000021
"architecture",10,"N0","full_factorial","TSRClust_unvalidated",1000,2,2,10,"spherical","normal",0,0,0.2,"isolated",0.916815176425952,NA,NA,1,2.238,2.238,0.277682999999989
"architecture",11,"N0","full_factorial","TSRClust_unvalidated",1000,2,2,6,"elliptical","normal",0,0,0.2,"isolated",0.847529283630148,NA,NA,1,2.43,2.43,0.278910999999989
"architecture",12,"N0","full_factorial","TSRClust_unvalidated",1000,2,2,10,"elliptical","normal",0,0,0.2,"isolated",0.922958834067631,NA,NA,1,2.164,2.164,0.277984000000006
"architecture",13,"N0","full_factorial","TSRClust_unvalidated",1000,5,2,6,"spherical","normal",0,0,0.2,"isolated",0.885739378887269,NA,NA,1,1,1,0.374557000000012
"architecture",14,"N0","full_factorial","TSRClust_unvalidated",1000,5,2,10,"spherical","normal",0,0,0.2,"isolated",0.957210755025961,NA,NA,1,1,1,0.371596000000025
"architecture",15,"N0","full_factorial","TSRClust_unvalidated",1000,5,2,6,"elliptical","normal",0,0,0.2,"isolated",0.859262650259536,NA,NA,1,1,1,0.375807999999957
"architecture",16,"N0","full_factorial","TSRClust_unvalidated",1000,5,2,10,"elliptical","normal",0,0,0.2,"isolated",0.959276110161009,NA,NA,1,1,1,0.373745999999954
"architecture",17,"M1","full_factorial","TSRClust_unvalidated",500,2,2,6,"spherical","normal",0.05,1,0.2,"isolated",0.950199394456199,0.726094670652506,0.726094670652506,1,0.63,0.63,0.147500000000115
"architecture",18,"M1","full_factorial","TSRClust_unvalidated",500,2,2,10,"spherical","normal",0.05,1,0.2,"isolated",0.973106234809877,0.767339485240086,0.767339485240086,1,1.05666666666667,1.05666666666667,0.150330000000055
"architecture",19,"M1","full_factorial","TSRClust_unvalidated",500,2,2,6,"elliptical","normal",0.05,1,0.2,"isolated",0.91460454946012,0.740917467461332,0.740917467461332,1,0.793333333333333,0.793333333333333,0.15055666666661
"architecture",20,"M1","full_factorial","TSRClust_unvalidated",500,2,2,10,"elliptical","normal",0.05,1,0.2,"isolated",0.975121922944604,0.777018481169771,0.777018481169772,1,1.16,1.16,0.151329999999895
"architecture",21,"M1","full_factorial","TSRClust_unvalidated",500,5,2,6,"spherical","normal",0.05,1,0.2,"isolated",0.800103045320612,0.6109843663179,0.6109843663179,1,0,0.103333333333333,0.208173333333155
"architecture",22,"M1","full_factorial","TSRClust_unvalidated",500,5,2,10,"spherical","normal",0.05,1,0.2,"isolated",0.937757928771377,0.683087181894595,0.683087181894595,1,0,0,0.205966666666585
"architecture",23,"M1","full_factorial","TSRClust_unvalidated",500,5,2,6,"elliptical","normal",0.05,1,0.2,"isolated",0.861672232639422,0.657901796962151,0.657901796962151,1,0,0.0233333333333333,0.208166666666633
"architecture",24,"M1","full_factorial","TSRClust_unvalidated",500,5,2,10,"elliptical","normal",0.05,1,0.2,"isolated",0.964438938409206,0.673900249967937,0.673900249967937,1,0,0,0.206616666666632
"architecture",25,"M1","full_factorial","TSRClust_unvalidated",1000,2,2,6,"spherical","normal",0.05,1,0.2,"isolated",0.950359286506354,0.734049397758489,0.734049397758489,1,0.943333333333333,0.943333333333333,0.277986666666814
"architecture",26,"M1","full_factorial","TSRClust_unvalidated",1000,2,2,10,"spherical","normal",0.05,1,0.2,"isolated",0.971943753320651,0.795375985918146,0.795375985918146,1,1.69333333333333,1.69333333333333,0.278079999999985
"architecture",27,"M1","full_factorial","TSRClust_unvalidated",1000,2,2,6,"elliptical","normal",0.05,1,0.2,"isolated",0.914793206211375,0.758183986735475,0.758183986735475,1,1.13,1.13,0.278313333333269
"architecture",28,"M1","full_factorial","TSRClust_unvalidated",1000,2,2,10,"elliptical","normal",0.05,1,0.2,"isolated",0.975517846165019,0.797363648961149,0.797363648961149,1,1.78333333333333,1.78333333333333,0.277350000000115
"architecture",29,"M1","full_factorial","TSRClust_unvalidated",1000,5,2,6,"spherical","normal",0.05,1,0.2,"isolated",0.727987078218965,0.688316343586988,0.688316343586988,1,0,0.0533333333333333,0.378410000000003
"architecture",30,"M1","full_factorial","TSRClust_unvalidated",1000,5,2,10,"spherical","normal",0.05,1,0.2,"isolated",0.954397044061307,0.678398230171015,0.678398230171015,1,0.00333333333333333,0.00333333333333333,0.375946666666581
"architecture",31,"M1","full_factorial","TSRClust_unvalidated",1000,5,2,6,"elliptical","normal",0.05,1,0.2,"isolated",0.899776308895009,0.66927365095615,0.66927365095615,1,0,0,0.383346666666633
"architecture",32,"M1","full_factorial","TSRClust_unvalidated",1000,5,2,10,"elliptical","normal",0.05,1,0.2,"isolated",0.978208076305202,0.670327348172158,0.670327348172158,1,0.00333333333333333,0.00333333333333333,0.377076666666556
"architecture",33,"M2","full_factorial","TSRClust_unvalidated",500,2,2,6,"spherical","normal",0.025,1,0.2,"isolated",0.931402024242305,0.449914477739099,0.449914477739099,1,0.676666666666667,0.676666666666667,0.148336666666764
"architecture",34,"M2","full_factorial","TSRClust_unvalidated",500,2,2,10,"spherical","normal",0.025,1,0.2,"isolated",0.962059047204872,0.502901950827642,0.502901950827642,1,1.23666666666667,1.23666666666667,0.148516666666583
"architecture",35,"M2","full_factorial","TSRClust_unvalidated",500,2,2,6,"elliptical","normal",0.025,1,0.2,"isolated",0.900035382952299,0.478703712606873,0.478703712606873,1,0.87,0.87,0.149613333333255
"architecture",36,"M2","full_factorial","TSRClust_unvalidated",500,2,2,10,"elliptical","normal",0.025,1,0.2,"isolated",0.964820915040274,0.517348125322018,0.517348125322018,1,1.32,1.32,0.150383333333411
"architecture",37,"M2","full_factorial","TSRClust_unvalidated",500,5,2,6,"spherical","normal",0.025,1,0.2,"isolated",0.936607834250592,0.387351313238146,0.387351313238146,1,0,0,0.206266666666779
"architecture",38,"M2","full_factorial","TSRClust_unvalidated",500,5,2,10,"spherical","normal",0.025,1,0.2,"isolated",0.978511070220736,0.387265996827076,0.387265996827076,1,0,0,0.205509999999934
"architecture",39,"M2","full_factorial","TSRClust_unvalidated",500,5,2,6,"elliptical","normal",0.025,1,0.2,"isolated",0.897620018172085,0.387181385510312,0.387181385510312,1,0,0,0.208393333333285
"architecture",40,"M2","full_factorial","TSRClust_unvalidated",500,5,2,10,"elliptical","normal",0.025,1,0.2,"isolated",0.978571479487933,0.387392913802221,0.387392913802221,1,0,0,0.203913333333391
"architecture",41,"M2","full_factorial","TSRClust_unvalidated",1000,2,2,6,"spherical","normal",0.025,1,0.2,"isolated",0.933200943638332,0.461182934342333,0.461182934342333,1,0.883333333333333,0.883333333333333,0.278079999999936
"architecture",42,"M2","full_factorial","TSRClust_unvalidated",1000,2,2,10,"spherical","normal",0.025,1,0.2,"isolated",0.962285233215364,0.538396248391233,0.538396248391233,1,1.56666666666667,1.56666666666667,0.2770099999999
"architecture",43,"M2","full_factorial","TSRClust_unvalidated",1000,2,2,6,"elliptical","normal",0.025,1,0.2,"isolated",0.900250333252483,0.501014569743241,0.501014569743241,1,1.22666666666667,1.22666666666667,0.279083333333292
"architecture",44,"M2","full_factorial","TSRClust_unvalidated",1000,2,2,10,"elliptical","normal",0.025,1,0.2,"isolated",0.96517652301611,0.543328577637176,0.543328577637176,1,1.64333333333333,1.64333333333333,0.276823333333293
"architecture",45,"M2","full_factorial","TSRClust_unvalidated",1000,5,2,6,"spherical","normal",0.025,1,0.2,"isolated",0.937785246840152,0.400323633987265,0.400323633987265,1,0,0,0.37770666666666
"architecture",46,"M2","full_factorial","TSRClust_unvalidated",1000,5,2,10,"spherical","normal",0.025,1,0.2,"isolated",0.978953075261618,0.400290847102019,0.400290847102019,1,0,0,0.374566666666578
"architecture",47,"M2","full_factorial","TSRClust_unvalidated",1000,5,2,6,"elliptical","normal",0.025,1,0.2,"isolated",0.902314761004466,0.400387796136026,0.400387796136026,1,0,0,0.379576666666774
"architecture",48,"M2","full_factorial","TSRClust_unvalidated",1000,5,2,10,"elliptical","normal",0.025,1,0.2,"isolated",0.979697568993883,0.40039837398374,0.40039837398374,1,0,0,0.377533333333243
"architecture",49,"M3","full_factorial","TSRClust_unvalidated",500,2,2,6,"spherical","normal",0.05,1,0.55,"isolated",0.950696355520684,0.730519135410381,0.730519135410381,1,0.636666666666667,0.636666666666667,0.150530000000011
"architecture",50,"M3","full_factorial","TSRClust_unvalidated",500,2,2,10,"spherical","normal",0.05,1,0.55,"isolated",0.972883811273989,0.761628520209207,0.761628520209207,1,1.05333333333333,1.05333333333333,0.149350000000183
"architecture",51,"M3","full_factorial","TSRClust_unvalidated",500,2,2,6,"elliptical","normal",0.05,1,0.55,"isolated",0.911633636235792,0.743841080776504,0.743841080776504,1,0.79,0.79,0.14912666666678
"architecture",52,"M3","full_factorial","TSRClust_unvalidated",500,2,2,10,"elliptical","normal",0.05,1,0.55,"isolated",0.975337309195627,0.771716726362741,0.771716726362741,1,1.15333333333333,1.15333333333333,0.149546666666659
"architecture",53,"M3","full_factorial","TSRClust_unvalidated",500,5,2,6,"spherical","normal",0.05,1,0.55,"isolated",0.951786980142962,0.663631685109767,0.663631685109767,1,0,0,0.207143333333309
"architecture",54,"M3","full_factorial","TSRClust_unvalidated",500,5,2,10,"spherical","normal",0.05,1,0.55,"isolated",0.983867410413086,0.668148079586436,0.668148079586436,1,0,0,0.205139999999919
"architecture",55,"M3","full_factorial","TSRClust_unvalidated",500,5,2,6,"elliptical","normal",0.05,1,0.55,"isolated",0.907041401880759,0.63889879605633,0.63889879605633,1,0,0,0.208726666666662
"architecture",56,"M3","full_factorial","TSRClust_unvalidated",500,5,2,10,"elliptical","normal",0.05,1,0.55,"isolated",0.984821731969331,0.667966219644302,0.667966219644302,1,0,0,0.206906666666594
"architecture",57,"M3","full_factorial","TSRClust_unvalidated",1000,2,2,6,"spherical","normal",0.05,1,0.55,"isolated",0.950844508221083,0.735837086627754,0.735837086627754,1,0.956666666666667,0.956666666666667,0.276016666666692
"architecture",58,"M3","full_factorial","TSRClust_unvalidated",1000,2,2,10,"spherical","normal",0.05,1,0.55,"isolated",0.972691912628501,0.784711564776445,0.784711564776445,1,1.61666666666667,1.61666666666667,0.277443333333273
"architecture",59,"M3","full_factorial","TSRClust_unvalidated",1000,2,2,6,"elliptical","normal",0.05,1,0.55,"isolated",0.914736608217146,0.754699634928889,0.754699634928889,1,1.17333333333333,1.17333333333333,0.278789999999911
"architecture",60,"M3","full_factorial","TSRClust_unvalidated",1000,2,2,10,"elliptical","normal",0.05,1,0.55,"isolated",0.975218509521008,0.789836210818473,0.789836210818473,1,1.68333333333333,1.68333333333333,0.275670000000076
"architecture",61,"M3","full_factorial","TSRClust_unvalidated",1000,5,2,6,"spherical","normal",0.05,1,0.55,"isolated",0.952497186380856,0.668177956117993,0.668177956117993,1,0,0,0.381506666666707
"architecture",62,"M3","full_factorial","TSRClust_unvalidated",1000,5,2,10,"spherical","normal",0.05,1,0.55,"isolated",0.983969732754982,0.668376428975728,0.668376428975728,1,0,0,0.376119999999901
"architecture",63,"M3","full_factorial","TSRClust_unvalidated",1000,5,2,6,"elliptical","normal",0.05,1,0.55,"isolated",0.911649636303386,0.648419038436042,0.648419038436042,1,0.00333333333333333,0.00333333333333333,0.382696666666634
"architecture",64,"M3","full_factorial","TSRClust_unvalidated",1000,5,2,10,"elliptical","normal",0.05,1,0.55,"isolated",0.984549893379994,0.668247486510587,0.668247486510587,1,0,0,0.375693333333462
"architecture",65,"M4","full_factorial","TSRClust_unvalidated",500,2,2,6,"spherical","normal",0.05,2,0.2,"isolated",0.961425905183321,0.679583888405285,0.668692801132921,1,0.0566666666666667,0.0233333333333333,0.149986666666712
"architecture",66,"M4","full_factorial","TSRClust_unvalidated",500,2,2,10,"spherical","normal",0.05,2,0.2,"isolated",0.98079692279575,0.71408566301027,0.720750065373,1,0.503333333333333,0.503333333333333,0.14863333333331
"architecture",67,"M4","full_factorial","TSRClust_unvalidated",500,2,2,6,"elliptical","normal",0.05,2,0.2,"isolated",0.923437241679686,0.680501448361832,0.667536747158079,1,0.1,0.0633333333333333,0.150146666666684
"architecture",68,"M4","full_factorial","TSRClust_unvalidated",500,2,2,10,"elliptical","normal",0.05,2,0.2,"isolated",0.981994553941677,0.723329720606499,0.728597013379882,1,0.603333333333333,0.6,0.149033333333367
"architecture",69,"M4","full_factorial","TSRClust_unvalidated",500,5,2,6,"spherical","normal",0.05,2,0.2,"isolated",0.961251754890386,0.669026098701441,0.47124929212517,1,0.436666666666667,0,0.206106666666637
"architecture",70,"M4","full_factorial","TSRClust_unvalidated",500,5,2,10,"spherical","normal",0.05,2,0.2,"isolated",0.987820905954106,0.668568465726,0.459211039669785,1,0.46,0,0.206419999999998
"architecture",71,"M4","full_factorial","TSRClust_unvalidated",500,5,2,6,"elliptical","normal",0.05,2,0.2,"isolated",0.919808301051475,0.667441469175137,0.449317190420476,1,0.483333333333333,0,0.206913333333141
"architecture",72,"M4","full_factorial","TSRClust_unvalidated",500,5,2,10,"elliptical","normal",0.05,2,0.2,"isolated",0.987556814414162,0.668761228911721,0.46859986276733,1,0.44,0,0.206909999999843
"architecture",73,"M4","full_factorial","TSRClust_unvalidated",1000,2,2,6,"spherical","normal",0.05,2,0.2,"isolated",0.961982018123268,0.686795736167017,0.666020378913694,1,0.193333333333333,0.143333333333333,0.27886666666663
"architecture",74,"M4","full_factorial","TSRClust_unvalidated",1000,2,2,10,"spherical","normal",0.05,2,0.2,"isolated",0.980083206691528,0.736577406629899,0.742389517459174,1,1.10666666666667,1.10666666666667,0.276343333333498
"architecture",75,"M4","full_factorial","TSRClust_unvalidated",1000,2,2,6,"elliptical","normal",0.05,2,0.2,"isolated",0.923545208620004,0.689670592500384,0.686109826137713,1,0.236666666666667,0.223333333333333,0.277856666666982
"architecture",76,"M4","full_factorial","TSRClust_unvalidated",1000,2,2,10,"elliptical","normal",0.05,2,0.2,"isolated",0.982734681368218,0.737250895022007,0.741930626586069,1,1.15666666666667,1.15333333333333,0.276520000000273
"architecture",77,"M4","full_factorial","TSRClust_unvalidated",1000,5,2,6,"spherical","normal",0.05,2,0.2,"isolated",0.962258228189231,0.668706179920746,0.345245752616143,1,0.693333333333333,0,0.376740000000039
"architecture",78,"M4","full_factorial","TSRClust_unvalidated",1000,5,2,10,"spherical","normal",0.05,2,0.2,"isolated",0.987707262991588,0.667624423604802,0.300768682968336,1,0.786666666666667,0,0.372973333332896
"architecture",79,"M4","full_factorial","TSRClust_unvalidated",1000,5,2,6,"elliptical","normal",0.05,2,0.2,"isolated",0.924592610162125,0.669806288609607,0.386703151555612,1,0.606666666666667,0,0.366050000000226
"architecture",80,"M4","full_factorial","TSRClust_unvalidated",1000,5,2,10,"elliptical","normal",0.05,2,0.2,"isolated",0.98836138090273,0.668044457502816,0.33884047445484,1,0.706666666666667,0,0.357656666666614
"architecture",1,"N0","full_factorial","TSRClust_validated",500,2,2,6,"spherical","normal",0,0,0.2,"isolated",0.866803223925694,NA,NA,0.067,0.067,0.067,0.439821999999999
"architecture",2,"N0","full_factorial","TSRClust_validated",500,2,2,10,"spherical","normal",0,0,0.2,"isolated",0.916237721505885,NA,NA,0.01,0.01,0.01,0.256479000000001
"architecture",3,"N0","full_factorial","TSRClust_validated",500,2,2,6,"elliptical","normal",0,0,0.2,"isolated",0.846233052365801,NA,NA,0.058,0.058,0.058,0.433323000000002
"architecture",4,"N0","full_factorial","TSRClust_validated",500,2,2,10,"elliptical","normal",0,0,0.2,"isolated",0.922501536996222,NA,NA,0.031,0.031,0.031,0.361368000000015
"architecture",5,"N0","full_factorial","TSRClust_validated",500,5,2,6,"spherical","normal",0,0,0.2,"isolated",0.884208169845397,NA,NA,0,0,0,0.247689000000002
"architecture",6,"N0","full_factorial","TSRClust_validated",500,5,2,10,"spherical","normal",0,0,0.2,"isolated",0.956590658759483,NA,NA,0,0,0,0.248114
"architecture",7,"N0","full_factorial","TSRClust_validated",500,5,2,6,"elliptical","normal",0,0,0.2,"isolated",0.855031593502373,NA,NA,0,0,0,0.247228999999996
"architecture",8,"N0","full_factorial","TSRClust_validated",500,5,2,10,"elliptical","normal",0,0,0.2,"isolated",0.958571476085636,NA,NA,0,0,0,0.248758999999978
"architecture",9,"N0","full_factorial","TSRClust_validated",1000,2,2,6,"spherical","normal",0,0,0.2,"isolated",0.867259139276565,NA,NA,0.03,0.03,0.03,0.609514000000021
"architecture",10,"N0","full_factorial","TSRClust_validated",1000,2,2,10,"spherical","normal",0,0,0.2,"isolated",0.916788675022025,NA,NA,0.007,0.007,0.007,0.497606000000012
"architecture",11,"N0","full_factorial","TSRClust_validated",1000,2,2,6,"elliptical","normal",0,0,0.2,"isolated",0.84739762436435,NA,NA,0.023,0.023,0.023,0.600852999999967
"architecture",12,"N0","full_factorial","TSRClust_validated",1000,2,2,10,"elliptical","normal",0,0,0.2,"isolated",0.922938918860803,NA,NA,0.017,0.017,0.017,0.613090999999989
"architecture",13,"N0","full_factorial","TSRClust_validated",1000,5,2,6,"spherical","normal",0,0,0.2,"isolated",0.885739285355292,NA,NA,0,0,0,0.438562000000011
"architecture",14,"N0","full_factorial","TSRClust_validated",1000,5,2,10,"spherical","normal",0,0,0.2,"isolated",0.957210755025961,NA,NA,0,0,0,0.435413999999979
"architecture",15,"N0","full_factorial","TSRClust_validated",1000,5,2,6,"elliptical","normal",0,0,0.2,"isolated",0.859263106240244,NA,NA,0,0,0,0.439996999999974
"architecture",16,"N0","full_factorial","TSRClust_validated",1000,5,2,10,"elliptical","normal",0,0,0.2,"isolated",0.959276110161009,NA,NA,0,0,0,0.437206000000013
"architecture",17,"M1","full_factorial","TSRClust_validated",500,2,2,6,"spherical","normal",0.05,1,0.2,"isolated",0.950194292498142,0.807476601684856,0.807476601684856,0.98,0.19,0.17,1.64637333333347
"architecture",18,"M1","full_factorial","TSRClust_validated",500,2,2,10,"spherical","normal",0.05,1,0.2,"isolated",0.973102286614506,0.791270686522101,0.791270686522101,0.996666666666667,0.306666666666667,0.303333333333333,1.74998666666666
"architecture",19,"M1","full_factorial","TSRClust_validated",500,2,2,6,"elliptical","normal",0.05,1,0.2,"isolated",0.914579991985699,0.821772305174724,0.821772305174724,0.99,0.203333333333333,0.193333333333333,1.67433000000003
"architecture",20,"M1","full_factorial","TSRClust_validated",500,2,2,10,"elliptical","normal",0.05,1,0.2,"isolated",0.975117709191659,0.806543870044885,0.806543870044885,0.996666666666667,0.303333333333333,0.3,1.78726333333307
"architecture",21,"M1","full_factorial","TSRClust_validated",500,5,2,6,"spherical","normal",0.05,1,0.2,"isolated",0.800095966444744,0.683929536950961,0.683929536950961,0.786666666666667,0.213333333333333,0,1.01360999999964
"architecture",22,"M1","full_factorial","TSRClust_validated",500,5,2,10,"spherical","normal",0.05,1,0.2,"isolated",0.937757729863602,0.820195994291808,0.820195994291808,0.98,0.02,0,1.3944433333332
"architecture",23,"M1","full_factorial","TSRClust_validated",500,5,2,6,"elliptical","normal",0.05,1,0.2,"isolated",0.861661119533087,0.761753356710846,0.761753356710846,0.9,0.1,0,1.24506999999997
"architecture",24,"M1","full_factorial","TSRClust_validated",500,5,2,10,"elliptical","normal",0.05,1,0.2,"isolated",0.964436495671285,0.80712530014975,0.80712530014975,0.976666666666667,0.0233333333333333,0,1.42612333333327
"architecture",25,"M1","full_factorial","TSRClust_validated",1000,2,2,6,"spherical","normal",0.05,1,0.2,"isolated",0.950330710300963,0.793935161869105,0.793935161869105,1,0.496666666666667,0.496666666666667,2.48017000000005
"architecture",26,"M1","full_factorial","TSRClust_validated",1000,2,2,10,"spherical","normal",0.05,1,0.2,"isolated",0.97193603116207,0.793053713003943,0.793053713003943,1,0.586666666666667,0.586666666666667,2.57274666666657
"architecture",27,"M1","full_factorial","TSRClust_validated",1000,2,2,6,"elliptical","normal",0.05,1,0.2,"isolated",0.914754190596204,0.801232713290262,0.801232713290262,1,0.503333333333333,0.503333333333333,2.52562333333346
"architecture",28,"M1","full_factorial","TSRClust_validated",1000,2,2,10,"elliptical","normal",0.05,1,0.2,"isolated",0.975507204863027,0.77256581570665,0.77256581570665,1,0.686666666666667,0.686666666666667,2.61337666666652
"architecture",29,"M1","full_factorial","TSRClust_validated",1000,5,2,6,"spherical","normal",0.05,1,0.2,"isolated",0.727988358611585,0.79164097744311,0.79164097744311,0.893333333333333,0.106666666666667,0,1.52804999999999
"architecture",30,"M1","full_factorial","TSRClust_validated",1000,5,2,10,"spherical","normal",0.05,1,0.2,"isolated",0.954396021971518,0.848286612629766,0.848286612629766,0.993333333333333,0.00666666666666667,0,2.07754333333345
"architecture",31,"M1","full_factorial","TSRClust_validated",1000,5,2,6,"elliptical","normal",0.05,1,0.2,"isolated",0.899769246725949,0.818852192344849,0.818852192344849,0.96,0.04,0,1.95811000000022
"architecture",32,"M1","full_factorial","TSRClust_validated",1000,5,2,10,"elliptical","normal",0.05,1,0.2,"isolated",0.978205340457265,0.839043939051076,0.839043939051076,0.993333333333333,0.00666666666666667,0,2.10305999999997
"architecture",33,"M2","full_factorial","TSRClust_validated",500,2,2,6,"spherical","normal",0.025,1,0.2,"isolated",0.931363144123282,0.856205010788361,0.856205010788361,1,0.0366666666666667,0.0366666666666667,2.29584333333354
"architecture",34,"M2","full_factorial","TSRClust_validated",500,2,2,10,"spherical","normal",0.025,1,0.2,"isolated",0.962056306427541,0.856196766219562,0.856196766219562,1,0.0466666666666667,0.0466666666666667,2.45553666666641
"architecture",35,"M2","full_factorial","TSRClust_validated",500,2,2,6,"elliptical","normal",0.025,1,0.2,"isolated",0.900005161893078,0.850255264937027,0.850255264937027,1,0.0466666666666667,0.0466666666666667,2.28216999999986
"architecture",36,"M2","full_factorial","TSRClust_validated",500,2,2,10,"elliptical","normal",0.025,1,0.2,"isolated",0.964824833930284,0.858791751205502,0.858791751205502,1,0.0366666666666667,0.0366666666666667,2.51210000000009
"architecture",37,"M2","full_factorial","TSRClust_validated",500,5,2,6,"spherical","normal",0.025,1,0.2,"isolated",0.936602469563432,0.782363310400541,0.782363310400541,1,0,0,1.70824000000016
"architecture",38,"M2","full_factorial","TSRClust_validated",500,5,2,10,"spherical","normal",0.025,1,0.2,"isolated",0.978511135915415,0.786412466841565,0.786412466841565,1,0,0,1.79994666666668
"architecture",39,"M2","full_factorial","TSRClust_validated",500,5,2,6,"elliptical","normal",0.025,1,0.2,"isolated",0.897622778877797,0.783457337406588,0.783457337406588,1,0,0,1.68387333333343
"architecture",40,"M2","full_factorial","TSRClust_validated",500,5,2,10,"elliptical","normal",0.025,1,0.2,"isolated",0.978571611447954,0.778135969623132,0.778135969623132,1,0,0,1.79517000000008
"architecture",41,"M2","full_factorial","TSRClust_validated",1000,2,2,6,"spherical","normal",0.025,1,0.2,"isolated",0.93316721846613,0.814730710073066,0.814730710073066,1,0.25,0.25,3.62477333333315
"architecture",42,"M2","full_factorial","TSRClust_validated",1000,2,2,10,"spherical","normal",0.025,1,0.2,"isolated",0.96227636657236,0.808263772666266,0.808263772666266,1,0.326666666666667,0.326666666666667,3.76616666666672
"architecture",43,"M2","full_factorial","TSRClust_validated",1000,2,2,6,"elliptical","normal",0.025,1,0.2,"isolated",0.900191715003512,0.812496878338707,0.812496878338707,1,0.24,0.24,3.69311666666678
"architecture",44,"M2","full_factorial","TSRClust_validated",1000,2,2,10,"elliptical","normal",0.025,1,0.2,"isolated",0.965167241243956,0.806072918076873,0.806072918076873,1,0.33,0.33,3.81652666666664
"architecture",45,"M2","full_factorial","TSRClust_validated",1000,5,2,6,"spherical","normal",0.025,1,0.2,"isolated",0.937783608168746,0.831847584503647,0.831847584503647,1,0,0,2.52008000000008
"architecture",46,"M2","full_factorial","TSRClust_validated",1000,5,2,10,"spherical","normal",0.025,1,0.2,"isolated",0.97895305875514,0.837043557993965,0.837043557993965,1,0,0,2.6551833333332
"architecture",47,"M2","full_factorial","TSRClust_validated",1000,5,2,6,"elliptical","normal",0.025,1,0.2,"isolated",0.902315697083104,0.833643142381394,0.833643142381394,1,0,0,2.49591333333331
"architecture",48,"M2","full_factorial","TSRClust_validated",1000,5,2,10,"elliptical","normal",0.025,1,0.2,"isolated",0.979697437130386,0.831577554054635,0.831577554054635,1,0,0,2.63315666666674
"architecture",49,"M3","full_factorial","TSRClust_validated",500,2,2,6,"spherical","normal",0.05,1,0.55,"isolated",0.950694695193181,0.644230717380844,0.644230717380844,0.843333333333333,0.246666666666667,0.09,1.58809666666674
"architecture",50,"M3","full_factorial","TSRClust_validated",500,2,2,10,"spherical","normal",0.05,1,0.55,"isolated",0.972873593895283,0.75878945162727,0.75878945162727,0.946666666666667,0.17,0.116666666666667,1.81293000000034
"architecture",51,"M3","full_factorial","TSRClust_validated",500,2,2,6,"elliptical","normal",0.05,1,0.55,"isolated",0.911601894666993,0.614239855131624,0.614239855131624,0.813333333333333,0.25,0.0633333333333333,1.55075000000027
"architecture",52,"M3","full_factorial","TSRClust_validated",500,2,2,10,"elliptical","normal",0.05,1,0.55,"isolated",0.975331577347745,0.738945145402798,0.738945145402798,0.933333333333333,0.236666666666667,0.17,1.79367333333326
"architecture",53,"M3","full_factorial","TSRClust_validated",500,5,2,6,"spherical","normal",0.05,1,0.55,"isolated",0.951790348211307,0.0244516815441461,0.0244516815441461,0.0266666666666667,0.973333333333333,0,0.280880000000046
"architecture",54,"M3","full_factorial","TSRClust_validated",500,5,2,10,"spherical","normal",0.05,1,0.55,"isolated",0.983868136405214,0.245181315377637,0.245181315377637,0.27,0.73,0,0.582066666666445
"architecture",55,"M3","full_factorial","TSRClust_validated",500,5,2,6,"elliptical","normal",0.05,1,0.55,"isolated",0.907041008000324,0.106524665182329,0.106524665182329,0.126666666666667,0.873333333333333,0,0.412056666666637
"architecture",56,"M3","full_factorial","TSRClust_validated",500,5,2,10,"elliptical","normal",0.05,1,0.55,"isolated",0.984821797992442,0.280335677903349,0.280335677903349,0.303333333333333,0.696666666666667,0,0.627949999999922
"architecture",57,"M3","full_factorial","TSRClust_validated",1000,2,2,6,"spherical","normal",0.05,1,0.55,"isolated",0.950824256690352,0.73647962493381,0.73647962493381,0.953333333333333,0.28,0.233333333333333,2.59288333333345
"architecture",58,"M3","full_factorial","TSRClust_validated",1000,2,2,10,"spherical","normal",0.05,1,0.55,"isolated",0.97268475026372,0.767666674671875,0.767666674671875,0.976666666666667,0.353333333333333,0.33,2.68140666666669
"architecture",59,"M3","full_factorial","TSRClust_validated",1000,2,2,6,"elliptical","normal",0.05,1,0.55,"isolated",0.914697364727476,0.714468189928737,0.714468189928737,0.966666666666667,0.243333333333333,0.21,2.61352666666657
"architecture",60,"M3","full_factorial","TSRClust_validated",1000,2,2,10,"elliptical","normal",0.05,1,0.55,"isolated",0.975206780765541,0.774734224958524,0.774734224958524,0.996666666666667,0.34,0.336666666666667,2.71796333333351
"architecture",61,"M3","full_factorial","TSRClust_validated",1000,5,2,6,"spherical","normal",0.05,1,0.55,"isolated",0.95249580345017,0.0983576625975274,0.0983576625975274,0.14,0.86,0,0.663110000000088
"architecture",62,"M3","full_factorial","TSRClust_validated",1000,5,2,10,"spherical","normal",0.05,1,0.55,"isolated",0.983969485588073,0.445881439563627,0.445881439563627,0.533333333333333,0.466666666666667,0,1.34676666666644
"architecture",63,"M3","full_factorial","TSRClust_validated",1000,5,2,6,"elliptical","normal",0.05,1,0.55,"isolated",0.911650412374743,0.233839632914277,0.233839632914277,0.28,0.72,0,0.901653333333379
"architecture",64,"M3","full_factorial","TSRClust_validated",1000,5,2,10,"elliptical","normal",0.05,1,0.55,"isolated",0.984550404246151,0.416287991366475,0.416287991366475,0.49,0.51,0,1.26385000000009
"architecture",65,"M4","full_factorial","TSRClust_validated",500,2,2,6,"spherical","normal",0.05,2,0.2,"isolated",0.96142448054827,0.809284630068632,0.782753584308588,0.966666666666667,0.27,0.0233333333333333,1.76001333333346
"architecture",66,"M4","full_factorial","TSRClust_validated",500,2,2,10,"spherical","normal",0.05,2,0.2,"isolated",0.980795079754936,0.850019765226384,0.834652498114392,0.986666666666667,0.15,0.0266666666666667,1.90385333333331
"architecture",67,"M4","full_factorial","TSRClust_validated",500,2,2,6,"elliptical","normal",0.05,2,0.2,"isolated",0.923424997894895,0.829070258612992,0.805767046398062,0.976666666666667,0.21,0.0166666666666667,1.76098333333353
"architecture",68,"M4","full_factorial","TSRClust_validated",500,2,2,10,"elliptical","normal",0.05,2,0.2,"isolated",0.981991126039137,0.847191841119225,0.828296151923629,0.993333333333333,0.166666666666667,0.03,1.87537666666655
"architecture",69,"M4","full_factorial","TSRClust_validated",500,5,2,6,"spherical","normal",0.05,2,0.2,"isolated",0.961245160435848,0.60351583211241,0.556072535033529,0.766666666666667,0.74,0,1.13884999999987
"architecture",70,"M4","full_factorial","TSRClust_validated",500,5,2,10,"spherical","normal",0.05,2,0.2,"isolated",0.98782229177334,0.772367318052699,0.758682351880959,0.953333333333333,0.18,0,1.41027666666667
"architecture",71,"M4","full_factorial","TSRClust_validated",500,5,2,6,"elliptical","normal",0.05,2,0.2,"isolated",0.919818934275922,0.577730312112414,0.526098284914904,0.75,0.8,0,1.1093566666666
"architecture",72,"M4","full_factorial","TSRClust_validated",500,5,2,10,"elliptical","normal",0.05,2,0.2,"isolated",0.987560510109996,0.750713199788149,0.725209778674192,0.946666666666667,0.26,0,1.39759999999995
"architecture",73,"M4","full_factorial","TSRClust_validated",1000,2,2,6,"spherical","normal",0.05,2,0.2,"isolated",0.961978589359232,0.848834010559162,0.845122779273164,0.996666666666667,0.26,0.243333333333333,2.57622333333321
"architecture",74,"M4","full_factorial","TSRClust_validated",1000,2,2,10,"spherical","normal",0.05,2,0.2,"isolated",0.980081132648227,0.835938065037688,0.832924435153311,1,0.383333333333333,0.37,2.70722333333329
"architecture",75,"M4","full_factorial","TSRClust_validated",1000,2,2,6,"elliptical","normal",0.05,2,0.2,"isolated",0.923531944416126,0.846209282445479,0.841927645326086,1,0.223333333333333,0.203333333333333,2.63851333333355
"architecture",76,"M4","full_factorial","TSRClust_validated",1000,2,2,10,"elliptical","normal",0.05,2,0.2,"isolated",0.982733858987499,0.812553122807507,0.809736899515951,1,0.46,0.453333333333333,2.76673000000049
"architecture",77,"M4","full_factorial","TSRClust_validated",1000,5,2,6,"spherical","normal",0.05,2,0.2,"isolated",0.962257139888931,0.761596578024319,0.744725553858708,0.9,0.313333333333333,0,1.84225333333316
"architecture",78,"M4","full_factorial","TSRClust_validated",1000,5,2,10,"spherical","normal",0.05,2,0.2,"isolated",0.987707015672062,0.822255297608866,0.818004048195403,0.983333333333333,0.0633333333333333,0,2.0536333333333
"architecture",79,"M4","full_factorial","TSRClust_validated",1000,5,2,6,"elliptical","normal",0.05,2,0.2,"isolated",0.924598149354759,0.770064995166695,0.754053386211958,0.916666666666667,0.276666666666667,0,1.74188333333346
"architecture",80,"M4","full_factorial","TSRClust_validated",1000,5,2,10,"elliptical","normal",0.05,2,0.2,"isolated",0.988361496243712,0.806373445665994,0.800895718009684,0.97,0.1,0,1.89427333333316
